0 517387496003/500000000000
2 250358711067/250000000000
4 500407889851/500000000000
6 1038301398683/1000000000000
8 501034189321/500000000000
10 1001129633403/1000000000000
12 1001129212659/1000000000000
14 1001113155091/1000000000000
16 1001113155091/1000000000000
18 100074006387/100000000000
20 1001021971841/1000000000000
22 1001021971841/1000000000000
24 1001021971841/1000000000000
26 62514103867/62500000000
28 1002446768229/1000000000000
30 501432567259/500000000000
32 1000123864941/1000000000000
34 250549682223/250000000000
36 1000905783477/1000000000000
38 500023309557/500000000000
40 520265523773/500000000000
42 103120420693/100000000000
44 6457379839/6250000000
46 51412779499/50000000000
48 518984164251/500000000000
50 51412779499/50000000000
52 2087219057/2000000000
54 512874717729/500000000000
56 1038441300691/1000000000000
58 1015774481387/1000000000000
60 262989419013/250000000000
62 1015774481387/1000000000000
64 42420808341/40000000000
66 8087895417/8000000000
68 1062561175579/1000000000000
70 8087895417/8000000000
72 532694680043/500000000000
74 63167067089/62500000000
76 524941529957/500000000000
78 63164959159/62500000000
80 517370632563/500000000000
82 1003654219627/1000000000000
84 207270124977/200000000000
86 1003654219627/1000000000000
88 517387496003/500000000000
90 501670182963/500000000000
92 517387496003/500000000000
94 501670182963/500000000000
96 517387496003/500000000000
98 501670182963/500000000000
100 517387496003/500000000000
102 501670182963/500000000000
104 1016880616231/1000000000000
106 203376123247/200000000000
108 507078753973/500000000000
110 1013155373501/1000000000000
112 252608066303/250000000000
114 126558866571/125000000000
116 1015016772127/1000000000000
118 250652813101/250000000000
120 250652813101/250000000000
122 250652813101/250000000000
124 2515542929/2500000000
126 1006622223831/1000000000000
128 250661244821/250000000000
130 1004490058247/1000000000000
132 500957102429/500000000000
134 125508721959/125000000000
136 1003818466537/1000000000000
138 100025436767/100000000000
140 1003793708169/1000000000000
142 1001032329049/1000000000000
144 1000932817401/1000000000000
146 1000086869271/1000000000000
148 40003474771/40000000000
150 40003474771/40000000000
152 31262522593/31250000000
154 1000981030037/1000000000000
156 1000981030037/1000000000000
158 1002242612331/1000000000000
160 100224040693/100000000000
162 250581852599/250000000000
164 250581852599/250000000000
166 200974649991/200000000000
168 251256599393/250000000000
170 251256599393/250000000000
172 1003591616003/1000000000000
174 1003591616003/1000000000000
176 1003591616003/1000000000000
178 252861993547/250000000000
180 1008789317011/1000000000000
182 1001330039103/1000000000000
184 252422675501/250000000000
186 252861993547/250000000000
188 502187142769/500000000000
190 502198816889/500000000000
192 502198816889/500000000000
194 502198816889/500000000000
196 502198816889/500000000000
198 502198816889/500000000000
200 1003461653479/1000000000000
202 1003461653479/1000000000000
204 1005262753479/1000000000000
206 1007198168791/1000000000000
208 1007198168791/1000000000000
210 251276875501/250000000000
212 250735200501/250000000000
214 250735200501/250000000000
216 1008316568791/1000000000000
218 1008316568791/1000000000000
220 1008244496679/1000000000000
222 1006077796679/1000000000000
224 505726781733/500000000000
226 125634359273/125000000000
228 125634359273/125000000000
230 250195260519/250000000000
232 1006687549867/1000000000000
234 1004886449867/1000000000000
236 1010479049867/1000000000000
238 1004886449867/1000000000000
240 1011258349867/1000000000000
242 1003461653479/1000000000000
244 1015872449867/1000000000000
246 1003461653479/1000000000000
248 1015872449867/1000000000000
250 1003461653479/1000000000000
252 25192378077/25000000000
254 25192378077/25000000000
256 25192378077/25000000000
258 25192378077/25000000000
260 25244550577/25000000000
262 252089306673/250000000000
264 1009766143567/1000000000000
266 1009766143567/1000000000000
268 1009766143567/1000000000000
270 1009766143567/1000000000000
272 1009766143567/1000000000000
274 1001922132107/1000000000000
276 251529633931/250000000000
278 251529633931/250000000000
280 250543933931/250000000000
282 250543933931/250000000000
284 251529633931/250000000000
286 1006192135719/1000000000000
288 1005062935719/1000000000000
290 1002114370577/1000000000000
292 251192442643/250000000000
294 1005202470189/1000000000000
296 1000312570189/1000000000000
298 1005478370189/1000000000000
300 1001440470189/1000000000000
302 125055304489/125000000000
304 500016527517/500000000000
306 1002224760349/1000000000000
308 501288966593/500000000000
310 1002224760349/1000000000000
312 100356993033/100000000000
314 1002224760349/1000000000000
316 1002224760349/1000000000000
318 25192570783/25000000000
320 1002224760349/1000000000000
322 1011198760349/1000000000000
324 1002224760349/1000000000000
326 1018479581053/1000000000000
328 500165863773/500000000000
330 500165863773/500000000000
332 500165863773/500000000000
334 1004185754201/1000000000000
336 10018728323/10000000000
338 10014897323/10000000000
340 10014897323/10000000000
342 10014897323/10000000000
344 10014897323/10000000000
346 125008116989/125000000000
348 1000909486891/1000000000000
350 125238616967/125000000000
352 125711291967/125000000000
354 125901979467/125000000000
356 1003278739347/1000000000000
358 1003278739347/1000000000000
360 1003278739347/1000000000000
362 1003278739347/1000000000000
364 1003278739347/1000000000000
366 63137555591/62500000000
368 1002978145563/1000000000000
370 504635633131/500000000000
372 250976683931/250000000000
374 1002978145563/1000000000000
376 253022833931/250000000000
378 250261633931/250000000000
380 100021873047/100000000000
382 501440349981/500000000000
384 501440349981/500000000000
386 1000931569397/1000000000000
388 501440349981/500000000000
390 1000931569397/1000000000000
392 500030449981/500000000000
394 1004310769397/1000000000000
396 501082052939/500000000000
398 101200780091/100000000000
400 501082052939/500000000000
402 503380302939/500000000000
404 100718472511/100000000000
406 100718472511/100000000000
408 4030278513/4000000000
410 505534304509/500000000000
412 500429450123/500000000000
414 500429450123/500000000000
416 500429450123/500000000000
418 4002674913/4000000000
420 4002674913/4000000000
422 4008244913/4000000000
424 502212184939/500000000000
426 502642384939/500000000000
428 503608234939/500000000000
430 201093795473/200000000000
432 251017990019/250000000000
434 251995165019/250000000000
436 125819482961/125000000000
438 1007030263683/1000000000000
440 501404231841/500000000000
442 1007030263683/1000000000000
444 1006298654759/1000000000000
446 1002092954759/1000000000000
448 1006298654759/1000000000000
450 1005475454759/1000000000000
452 250130497779/250000000000
454 250092040423/250000000000
456 500991025417/500000000000
458 200363022667/200000000000
460 200780262667/200000000000
462 200063882667/200000000000
464 503011175417/500000000000
466 200367414317/200000000000
468 201319894317/200000000000
470 250989527271/250000000000
472 201791114317/200000000000
474 250663002271/250000000000
476 1003530081629/1000000000000
478 1000097779493/1000000000000
480 1002368523211/1000000000000
482 1001133964111/1000000000000
484 125034001263/125000000000
486 125034001263/125000000000
488 125034001263/125000000000
490 62671331287/62500000000
492 62875043787/62500000000
494 1007426904239/1000000000000
496 1005551707379/1000000000000
498 1009365581203/1000000000000
500 505240487939/500000000000
502 504302889509/500000000000
504 201318743671/200000000000
506 200909323671/200000000000
508 1003479992159/1000000000000
510 200213519929/200000000000
512 200561419929/200000000000
514 506111173199/500000000000
516 504981123199/500000000000
518 1003052603257/1000000000000
520 1001382303257/1000000000000
522 501230434819/500000000000
524 503703234819/500000000000
526 1001382303257/1000000000000
528 200174727101/200000000000
530 251377424583/250000000000
532 1009731498333/1000000000000
534 1005359581411/1000000000000
536 1005359581411/1000000000000
538 500871621803/500000000000
540 500896212297/500000000000
542 3908714321/3906250000
544 50713384203/50000000000
546 50713384203/50000000000
548 50713384203/50000000000
550 253385820301/250000000000
552 252496241741/250000000000
554 201207108217/200000000000
556 203001908217/200000000000
558 63193504411/62500000000
560 62977823161/62500000000
562 500395402551/500000000000
564 252190216991/250000000000
566 25053544517/25000000000
568 1006909235839/1000000000000
570 1004147235839/1000000000000
572 1007349761311/1000000000000
574 1009244686361/1000000000000
576 100908036713/100000000000
578 512817582707/500000000000
580 500476285287/500000000000
582 202406795303/200000000000
584 500476285287/500000000000
586 500185864593/500000000000
588 1008374940203/1000000000000
590 200300879653/200000000000
592 500075307091/500000000000
594 201390028763/200000000000
596 1001978972589/1000000000000
598 500075307091/500000000000
600 201143116943/200000000000
602 200084278689/200000000000
604 999966050811/1000000000000
606 251466425409/250000000000
608 1006886288411/1000000000000
610 999966050811/1000000000000
612 251466425409/250000000000
614 62653696487/62500000000
616 200013085913/200000000000
618 125911312253/125000000000
620 250992609067/250000000000
622 39998408419/40000000000
624 201356804057/200000000000
626 500157718171/500000000000
628 503281414297/500000000000
630 1007205809649/1000000000000
632 251524714493/250000000000
634 251524714493/250000000000
636 100858033143/100000000000
638 200657508469/200000000000
640 507388281987/500000000000
642 200657508469/200000000000
644 1014543125571/1000000000000
646 20027115227/20000000000
648 504406481021/500000000000
650 200328889657/200000000000
652 1015895895507/1000000000000
654 200141369971/200000000000
656 1014616098339/1000000000000
658 250098864459/250000000000
660 506295014301/500000000000
662 500041975393/500000000000
664 254547617049/250000000000
666 500040570481/500000000000
668 126811615331/125000000000
670 500040570481/500000000000
672 1017311648091/1000000000000
674 500040570481/500000000000
676 1017311648091/1000000000000
678 1001050000009/1000000000000
680 1017311648091/1000000000000
682 1000337063633/1000000000000
684 253046023359/250000000000
686 1000337063633/1000000000000
688 253046023359/250000000000
690 1000891601451/1000000000000
692 205327501061/200000000000
694 129474492333/125000000000
696 1026657758071/1000000000000
698 1026657758071/1000000000000
700 205046594907/200000000000
702 254693938253/250000000000
704 25483516909/25000000000
706 507577711531/500000000000
708 133153611133/125000000000
710 1097930093423/1000000000000
712 516050920913/500000000000
714 133153611133/125000000000
716 110401010037/100000000000
718 516050920913/500000000000
720 266141803283/250000000000
722 266141803283/250000000000
724 1064999226947/1000000000000
726 26497081339/25000000000
728 1055631326947/1000000000000
730 1055106221697/1000000000000
732 261710810867/250000000000
734 1045606902377/1000000000000
736 258941685867/250000000000
738 257698385867/250000000000
740 257698385867/250000000000
742 1103211599937/1000000000000
744 1097703570531/1000000000000
746 210259110871/200000000000
748 261733066863/250000000000
750 210259110871/200000000000
752 210259110871/200000000000
754 521176390611/500000000000
756 1053347081223/1000000000000
758 521176390611/500000000000
760 1043794161149/1000000000000
762 1043147761147/1000000000000
764 270970040221/250000000000
766 137952775609/125000000000
768 270970040221/250000000000
770 138109563109/125000000000
772 1092734752443/1000000000000
774 545644012947/500000000000
776 544135133587/500000000000
778 545644012947/500000000000
780 1083631254243/1000000000000
782 543961526259/500000000000
784 215519852177/200000000000
786 543961526259/500000000000
788 1079488760883/1000000000000
790 546448126259/500000000000
792 513657730573/500000000000
794 1071668310087/1000000000000
796 109608556243/100000000000
798 516050920913/500000000000
800 1062550369287/1000000000000
802 1056436978031/1000000000000
804 8455198047/8000000000
806 522508558411/500000000000
808 1053685612129/1000000000000
810 1036050644631/1000000000000
812 1042622418259/1000000000000
814 1035946194809/1000000000000
816 1026851142209/1000000000000
818 1015884240603/1000000000000
820 509619173849/500000000000
822 1009442908587/1000000000000
824 71075801149/62500000000
826 516973624213/500000000000
828 71075801149/62500000000
830 1030573581093/1000000000000
832 1128069354339/1000000000000
834 8301290039/8000000000
836 1122875950727/1000000000000
838 1038474393657/1000000000000
840 1121522340103/1000000000000
842 558741395033/500000000000
844 1107978867631/1000000000000
846 1081218826081/1000000000000
848 69754372767/62500000000
850 1059168752413/1000000000000
852 1077957342069/1000000000000
854 532694680043/500000000000
856 549275218289/500000000000
858 1078602989841/1000000000000
860 1081689695531/1000000000000
862 1065738156013/1000000000000
864 1097269246761/1000000000000
866 268753460069/250000000000
868 268753460069/250000000000
870 527240772603/500000000000
872 525618059381/500000000000
874 546190302613/500000000000
876 1081905986303/1000000000000
878 139967262601/125000000000
880 1029493442037/1000000000000
882 532847101293/500000000000
884 286275548733/250000000000
886 259214239233/250000000000
888 1065100263629/1000000000000
890 568243193107/500000000000
892 509919418763/500000000000
894 4264280369/4000000000
896 72762167027/62500000000
898 255795176409/250000000000
900 4158451569/4000000000
902 1163533714039/1000000000000
904 4158451569/4000000000
906 1163533714039/1000000000000
908 4158451569/4000000000
910 1162318256773/1000000000000
912 206927728593/200000000000
914 1153773835187/1000000000000
916 206927728593/200000000000
918 229513035187/200000000000
920 1046573977823/1000000000000
922 1148284952327/1000000000000
924 1046573977823/1000000000000
926 1141120621177/1000000000000
928 130049126653/125000000000
930 570577085231/500000000000
932 516973624213/500000000000
934 273532244503/250000000000
936 136630922521/125000000000
938 544294462417/500000000000
940 265112122109/250000000000
942 1099562735623/1000000000000
944 275404419533/250000000000
946 1057658511731/1000000000000
948 1085823512787/1000000000000
950 275089258057/250000000000
952 1065255465029/1000000000000
954 542899176699/500000000000
956 555507037209/500000000000
958 1060314765029/1000000000000
960 135694744007/125000000000
962 1121671057593/1000000000000
964 1053496143803/1000000000000
966 1080629856289/1000000000000
968 1121383958803/1000000000000
970 1053496143803/1000000000000
972 67095413237/62500000000
974 279372338627/250000000000
976 207565055233/200000000000
978 1078088167093/1000000000000
980 272099875747/250000000000
982 275385575747/250000000000
984 273047500747/250000000000
986 1110151333487/1000000000000
988 1109527707729/1000000000000
990 554319180557/500000000000
992 548106703867/500000000000
994 542860931159/500000000000
996 552052398767/500000000000
1000 1019194005857/1000000000000
1002 253285992727/250000000000
1004 202916033977/200000000000
1006 201246825769/200000000000
1008 1012943585217/1000000000000
1010 1013039636779/1000000000000
1012 40237682173/40000000000
1014 6293451767/6250000000
1016 1003710895343/1000000000000
1018 209079354519/200000000000
1020 100001959311/100000000000
1022 250224817029/250000000000
1024 209043900773/200000000000
1026 1044365572173/1000000000000
1028 1038459642891/1000000000000
1030 103656537241/100000000000
1032 103227089361/100000000000
1034 130379970187/125000000000
1036 102907282783/100000000000
1038 517289756653/500000000000
1040 511076293351/500000000000
1042 200299692069/200000000000
1044 266249758009/250000000000
1046 206945600453/200000000000
1048 1000216510323/1000000000000
1050 266249758009/250000000000
1052 51734722649/50000000000
1054 1000097228061/1000000000000
1056 33382307251/31250000000
1058 504249741999/500000000000
1060 50087921487/50000000000
1062 200344976091/200000000000
1064 13158414937/12500000000
1066 1004156553017/1000000000000
1068 500145049443/500000000000
1070 33053512857/31250000000
1072 500805356729/500000000000
1074 500315722521/500000000000
1076 1055286633699/1000000000000
1078 500805356729/500000000000
1080 200616809511/200000000000
1082 1050834039949/1000000000000
1084 100001959311/100000000000
1086 1003710895343/1000000000000
1088 138589830989/125000000000
1090 13841602859/12500000000
1092 1017612085259/1000000000000
1094 67963242979/62500000000
1096 8665623413/8000000000
1098 8665623413/8000000000
1100 542533364569/500000000000
1102 542827764569/500000000000
1104 1082451464377/1000000000000
1106 1081920294701/1000000000000
1108 1036484360791/1000000000000
1110 1036484360791/1000000000000
1112 1036484360791/1000000000000
1114 1001330039103/1000000000000
1116 1001330039103/1000000000000
1118 1001330039103/1000000000000
1120 1007441880213/1000000000000
1122 200896346033/200000000000
1124 503662224839/500000000000
1126 502792949839/500000000000
1128 100327337481/100000000000
1130 100327337481/100000000000
1132 100327337481/100000000000
1134 100327337481/100000000000
1136 1003502935491/1000000000000
1138 502920706233/500000000000
1140 1004840139103/1000000000000
1142 500895168799/500000000000
1144 500895168799/500000000000
1146 500895168799/500000000000
1148 100475044121/100000000000
1150 200681957529/200000000000
1152 1002985939103/1000000000000
1154 1031466147149/1000000000000
1156 253738894127/250000000000
1158 201216836623/200000000000
1160 64549585349/62500000000
1162 1015289182567/1000000000000
1164 201216836623/200000000000
1166 503630165453/500000000000
1168 1029600618711/1000000000000
1170 202027651531/200000000000
1172 1011062908521/1000000000000
1174 251498946119/250000000000
1176 251810484059/250000000000
1178 503490926351/500000000000
1180 251601536953/250000000000
1182 504061638289/500000000000
1184 1005701608467/1000000000000
1186 1004711205973/1000000000000
1188 40229308027/40000000000
1190 1005643855753/1000000000000
1192 1011221390941/1000000000000
1194 1011221390941/1000000000000
1196 201774678189/200000000000
1198 1008169627981/1000000000000
1200 1008169627981/1000000000000
1202 1008169627981/1000000000000
1204 1008169627981/1000000000000
1206 1011597327981/1000000000000
1208 202318045953/200000000000
1210 205218874333/200000000000
1212 502886533123/500000000000
1214 5073172381/5000000000
1216 63636826679/62500000000
1218 6300821039/6250000000
1220 507935546333/500000000000
1222 63636826679/62500000000
1224 514687995101/500000000000
1226 63636826679/62500000000
1228 1031466147149/1000000000000
1230 1015068726869/1000000000000
1232 6300821039/6250000000
1236 1006234674301/1000000000000
1238 1004666530489/1000000000000
1240 1006248030489/1000000000000
1242 101101031053/100000000000
1244 1015872449867/1000000000000
1246 502065869139/500000000000
1248 502065869139/500000000000
1250 502065869139/500000000000
1252 251010723339/250000000000
1254 250663118541/250000000000
1256 502703231161/500000000000
1258 502703231161/500000000000
1260 502703231161/500000000000
1262 502703231161/500000000000
1264 501817431161/500000000000
1266 501817431161/500000000000
1268 502717981161/500000000000
1270 1005089818113/1000000000000
1272 1005089818113/1000000000000
1274 1005089818113/1000000000000
1276 1006221318113/1000000000000
1278 257074756711/250000000000
1280 1007436195037/1000000000000
1282 257074756711/250000000000
1284 1009457391881/1000000000000
1286 504855813419/500000000000
1288 1011151075591/1000000000000
1290 1011151075591/1000000000000
1292 1012617675591/1000000000000
1294 202295225789/200000000000
1296 1012563918879/1000000000000
1298 1010415123987/1000000000000
1300 505147213047/500000000000
1302 505147213047/500000000000
1304 505147213047/500000000000
1306 505147213047/500000000000
1308 504634413047/500000000000
1310 504634413047/500000000000
1312 503785519139/500000000000
1314 1009048627411/1000000000000
1316 201062578189/200000000000
1318 1009048627411/1000000000000
1320 1007258327411/1000000000000
1322 1010713730567/1000000000000
1324 1007258327411/1000000000000
1326 25304344197/25000000000
1328 1007258327411/1000000000000
1330 1012839727411/1000000000000
1332 50300456869/50000000000
1334 253453958973/250000000000
1336 1006312485661/1000000000000
1338 253453958973/250000000000
1340 1006312485661/1000000000000
1342 253620883973/250000000000
1344 503258976923/500000000000
1346 253620883973/250000000000
1348 502966595493/500000000000
1350 202959612957/200000000000
1352 251592908973/250000000000
1354 508440497071/500000000000
1356 201057924607/200000000000
1358 203439104607/200000000000
1360 201057924607/200000000000
1362 1018292860071/1000000000000
1364 1006760617107/1000000000000
1366 1022340295043/1000000000000
1368 1006760617107/1000000000000
1370 1022340295043/1000000000000
1372 1005526058007/1000000000000
1374 256557249217/250000000000
1376 1008505595043/1000000000000
1378 1007661593397/1000000000000
1380 501525426319/500000000000
1382 251867039437/250000000000
1384 501525426319/500000000000
1386 1008833055973/1000000000000
1388 1008833055973/1000000000000
1390 1008833055973/1000000000000
1392 1008833055973/1000000000000
1394 251867039437/250000000000
1396 501525426319/500000000000
1398 200000013477/200000000000
1400 505115509437/500000000000
1402 505115509437/500000000000
1406 502024227969/500000000000
1408 501650579539/500000000000
1410 1003530719759/1000000000000
1412 1005526619759/1000000000000
1414 505699609877/500000000000
1416 1000429731009/1000000000000
1418 200240069587/200000000000
1420 200159410063/200000000000
1422 1000688849953/1000000000000
1424 8002957227/8000000000
1426 8002957227/8000000000
1428 50081097669/50000000000
1430 1001702091363/1000000000000
1432 250096055727/250000000000
1434 250096055727/250000000000
1436 1000222827249/1000000000000
1438 500147688993/500000000000
1440 1000375724411/1000000000000
1442 1000375724411/1000000000000
1444 1000375724411/1000000000000
1446 1000375724411/1000000000000
1448 254586142117/250000000000
1450 1000599318349/1000000000000
1452 254586142117/250000000000
1454 1000130606859/1000000000000
1456 127741528759/125000000000
1458 250113191091/250000000000
1460 127741528759/125000000000
1462 200071784929/200000000000
1464 127741528759/125000000000
1466 250155191091/250000000000
1468 1001064878931/1000000000000
1470 127792003759/125000000000
1472 250214141091/250000000000
1474 250214141091/250000000000
1476 200261222999/200000000000
1478 1000236714989/1000000000000
1480 1000236714989/1000000000000
1482 500154423059/500000000000
1484 1000383483001/1000000000000
1486 12523602371/12500000000
1488 1001738072759/1000000000000
1490 1000801731009/1000000000000
1492 251684039817/250000000000
1494 100015929101/100000000000
1496 1004469984029/1000000000000
1498 200249659611/200000000000
1500 1004469984029/1000000000000
1502 200249659611/200000000000
1504 1007624373787/1000000000000
1506 1001990973787/1000000000000
1508 1005830287813/1000000000000
1510 1000196887813/1000000000000
1512 1009191874977/1000000000000
1514 1000196887813/1000000000000
1516 1010136190193/1000000000000
1518 1001165087813/1000000000000
1520 1010418090193/1000000000000
1522 200535179611/200000000000
1524 504235453417/500000000000
1526 125078010383/125000000000
1528 1011687261457/1000000000000
1530 1000122375321/1000000000000
1532 1011687261457/1000000000000
1534 250725473327/250000000000
1536 1009646238379/1000000000000
1538 1001262967459/1000000000000
1540 1012708238379/1000000000000
1542 1000579214961/1000000000000
1544 1013684138379/1000000000000
1546 501497962563/500000000000
1548 101453167447/100000000000
1550 1000579214961/1000000000000
1552 49668602/48828125
1554 250328331523/250000000000
1556 201116821601/200000000000
1558 125379559807/125000000000
1560 100465391833/100000000000
1562 100061601833/100000000000
1564 1004695850257/1000000000000
1566 1004695850257/1000000000000
1568 1002901764283/1000000000000
1570 1002901764283/1000000000000
1572 200536069239/200000000000
1574 100061601833/100000000000
1576 200536069239/200000000000
1578 200325129041/200000000000
1580 1005514853579/1000000000000
1582 1002901753579/1000000000000
1584 503557652279/500000000000
1586 40145557023/40000000000
1588 1004656870433/1000000000000
1590 1004656870433/1000000000000
1592 500493451159/500000000000
1594 1012948328683/1000000000000
1596 509511979371/500000000000
1598 200178529363/200000000000
1600 200178529363/200000000000
1602 1002511235669/1000000000000
1604 1002511235669/1000000000000
1606 125300035743/125000000000
1608 125300035743/125000000000
1610 125300035743/125000000000
1612 1002170725263/1000000000000
1614 200808370159/200000000000
1616 1000432092977/1000000000000
1618 501585866937/500000000000
1620 501585866937/500000000000
1622 1000729476061/1000000000000
1624 125029059507/125000000000
1626 501373285219/500000000000
1628 201097144087/200000000000
1630 513840480579/500000000000
1632 500082275477/500000000000
1634 1029755061169/1000000000000
1636 100093572317/100000000000
1638 1033221887523/1000000000000
1640 100093572317/100000000000
1642 258265621109/250000000000
1644 1000585382589/1000000000000
1646 8265919611/8000000000
1648 1002576082589/1000000000000
1650 1034156520509/1000000000000
1652 200239584647/200000000000
1654 200253924647/200000000000
1656 1001900948827/1000000000000
1658 1001886534131/1000000000000
1660 1000704815789/1000000000000
1662 1000704815789/1000000000000
1664 1001243538041/1000000000000
1666 1000886143487/1000000000000
1668 1000161457519/1000000000000
1670 1000842724563/1000000000000
1672 1000842724563/1000000000000
1674 255131054821/250000000000
1676 508419033901/500000000000
1678 1021506614031/1000000000000
1680 1015796190091/1000000000000
1682 255623578509/250000000000
1684 202473455067/200000000000
1686 509388284189/500000000000
1688 1009005268373/1000000000000
1690 509388284189/500000000000
1692 1006260685099/1000000000000
1694 1018181868379/1000000000000
1696 1005127285099/1000000000000
1698 1017208642123/1000000000000
1700 200884704427/200000000000
1702 1014464058849/1000000000000
1704 1006006358981/1000000000000
1706 1014993621813/1000000000000
1708 1004148942523/1000000000000
1710 508133903733/500000000000
1712 501776595081/500000000000
1714 1018198558849/1000000000000
1716 1002893767909/1000000000000
1718 509458353733/500000000000
1720 500670745081/500000000000
1722 1019845160529/1000000000000
1724 1000873050389/1000000000000
1726 1019843158987/1000000000000
1728 1000449759317/1000000000000
1730 512239088861/500000000000
1732 100147578157/100000000000
1734 1026690611163/1000000000000
1736 500058675477/500000000000
1738 1005637512363/1000000000000
1740 201104105727/200000000000
1742 1005637512363/1000000000000
1744 501005869619/500000000000
1746 63157878867/62500000000
1748 504078541501/500000000000
1750 63042412483/62500000000
1752 62838281233/62500000000
1756 1003513338439/1000000000000
1758 501747281127/500000000000
1760 1001831933913/1000000000000
1762 1004188033913/1000000000000
1764 505770798207/500000000000
1766 1000715879851/1000000000000
1768 500200675479/500000000000
1770 100031197043/100000000000
1772 500155979863/500000000000
1774 1000248192791/1000000000000
1776 1000248182087/1000000000000
1778 50031622429/50000000000
1780 50031622429/50000000000
1782 1000621656667/1000000000000
1784 25010440211/25000000000
1786 1001375016527/1000000000000
1788 1001287429833/1000000000000
1790 62624866679/62500000000
1792 1001451965539/1000000000000
1794 1002510665901/1000000000000
1796 195620753/195312500
1798 514273201729/500000000000
1800 1025340503457/1000000000000
1802 1024863920183/1000000000000
1804 1021454120183/1000000000000
1806 1021454120183/1000000000000
1808 510287965393/500000000000
1810 510147565393/500000000000
1812 509560065393/500000000000
1814 255204357697/250000000000
1816 508021461097/500000000000
1818 508021461097/500000000000
1820 12630071181/12500000000
1822 1008838539629/1000000000000
1824 62982539977/62500000000
1826 62705483727/62500000000
1828 62705483727/62500000000
1830 207176560647/200000000000
1832 517531293981/500000000000
1834 512156601617/500000000000
1836 511549001617/500000000000
1838 1018935874451/1000000000000
1840 1037457969171/1000000000000
1842 1032409823513/1000000000000
1844 1032409823513/1000000000000
1846 504688541411/500000000000
1848 206159789823/200000000000
1850 1036326540239/1000000000000
1852 126064530081/125000000000
1854 200921600157/200000000000
1856 509099527931/500000000000
1858 1011028349051/1000000000000
1860 4066456857/4000000000
1862 4061946057/4000000000
1864 203475808123/200000000000
1866 507807721361/500000000000
1868 1013349267483/1000000000000
1870 1011534076849/1000000000000
1872 1006800156009/1000000000000
1874 503779079293/500000000000
1876 255243181383/250000000000
1880 1007899154651/1000000000000
1882 128429964331/125000000000
1884 251459698043/250000000000
1886 1009326754651/1000000000000
1888 102960887019/100000000000
1890 201461739983/200000000000
1892 201461739983/200000000000
1894 201461739983/200000000000
1896 202172020873/200000000000
1898 202172020873/200000000000
1900 126417450971/125000000000
1902 1011749223373/1000000000000
1904 1012809515511/1000000000000
1906 1012809515511/1000000000000
1908 203016465243/200000000000
1910 1002215695319/1000000000000
1912 1002215695319/1000000000000
1914 251137832311/250000000000
1916 1004744764893/1000000000000
1918 125070678367/125000000000
1920 250084835191/250000000000
1922 513692287269/500000000000
1924 502967809029/500000000000
1926 1002502222843/1000000000000
1928 205849689637/200000000000
1930 251491290949/250000000000
1932 1011603068799/1000000000000
1934 506146838271/500000000000
1936 202821873691/200000000000
1938 40563025663/40000000000
1940 40714685663/40000000000
1942 1000027789277/1000000000000
1944 1000027789277/1000000000000
1946 1000027789277/1000000000000
1948 250097303419/250000000000
1950 1039807354949/1000000000000
1952 203648426769/200000000000
1954 200518971183/200000000000
1956 1019600772669/1000000000000
1958 1002525595641/1000000000000
1960 521096279757/500000000000
1962 16535063783/15625000000
1964 260307398327/250000000000
1966 526989706741/500000000000
1968 260307398327/250000000000
1970 1049041742299/1000000000000
1972 258385148327/250000000000
1974 261566956851/250000000000
1976 257437273327/250000000000
1978 1041266615263/1000000000000
1980 1001252129917/1000000000000
1982 255394468607/250000000000
1984 1040580900199/1000000000000
1986 4000021527/4000000000
1988 252211577393/250000000000
1990 205108345601/200000000000
1992 1000200481093/1000000000000
1994 250666936887/250000000000
1996 513715986787/500000000000
1998 1001181613081/1000000000000
2000 500814552899/500000000000
2002 502997974337/500000000000
2004 1005518335577/1000000000000
2006 251490430871/250000000000
2008 15712690239/15625000000
2010 15712690239/15625000000
2012 201143283959/200000000000
2014 201143283959/200000000000
2016 1007254363653/1000000000000
2018 504316922469/500000000000
2020 1009672281049/1000000000000
2022 125009241983/125000000000
2024 40356570793/40000000000
2026 1001432838443/1000000000000
2028 527402014163/500000000000
2030 1011677522599/1000000000000
2032 1001432838443/1000000000000
2034 1054510169747/1000000000000
2036 506461934913/500000000000
2038 1000793476419/1000000000000
2040 1039807354949/1000000000000
2042 501910035087/500000000000
2044 502434425571/500000000000
2046 251290025291/250000000000
2048 1004817647119/1000000000000
2052 255520922187/250000000000
2054 1017782798891/1000000000000
2056 255577981087/250000000000
2058 101859465061/100000000000
2060 40607327967/40000000000
2062 2024339509/2000000000
2064 1015633599647/1000000000000
2066 253501610531/250000000000
2068 1020927248327/1000000000000
2070 510409463423/500000000000
2072 506186863383/500000000000
2074 126748810653/125000000000
2076 1048038508281/1000000000000
2078 1009236184653/1000000000000
2080 1047057376293/1000000000000
2082 1013500786501/1000000000000
2084 1047057376293/1000000000000
2086 1007205809649/1000000000000
2088 1046385476293/1000000000000
2090 505579104327/500000000000
2092 261323428041/250000000000
2094 1042280267489/1000000000000
2096 259384515469/250000000000
2098 1034524617201/1000000000000
2100 1042280267489/1000000000000
2102 1014543125571/1000000000000
2104 1034524617201/1000000000000
2106 509433712731/500000000000
2108 527252579579/500000000000
2110 109547548731/100000000000
2112 510928067311/500000000000
2114 1019470788549/1000000000000
2116 512011319157/500000000000
2118 218377267549/200000000000
2120 273029944037/250000000000
2122 127158490767/125000000000
2124 514448324713/500000000000
2126 1021009193639/1000000000000
2128 253501610531/250000000000
2130 226999347187/200000000000
2132 529533786479/500000000000
2134 14231821929/12500000000
2136 1047517593009/1000000000000
2138 14231821929/12500000000
2140 1047517593009/1000000000000
2142 1141364479763/1000000000000
2144 1047517593009/1000000000000
2146 534595888393/500000000000
2148 142936948589/125000000000
2150 1039920639711/1000000000000
2152 266975325557/250000000000
2154 228859523191/200000000000
2156 1036689801951/1000000000000
2158 1141290260459/1000000000000
2160 101960899301/100000000000
2162 227861708779/200000000000
2164 101960899301/100000000000
2166 112097516159/100000000000
2168 519261243927/500000000000
2170 135819323097/125000000000
2172 41110180063/40000000000
2174 213372446773/200000000000
2176 41110180063/40000000000
2178 1053396822951/1000000000000
2180 513587309469/500000000000
2182 1053396822951/1000000000000
2184 1011358584653/1000000000000
2186 1053396822951/1000000000000
2188 1011358584653/1000000000000
2190 1102719744317/1000000000000
2192 553103748807/500000000000
2194 545011376751/500000000000
2196 545011376751/500000000000
2198 545011376751/500000000000
2200 221656199727/200000000000
2202 1125882597317/1000000000000
2204 134729128897/125000000000
2206 11064548529/10000000000
2208 70214553427/62500000000
2210 535118038939/500000000000
2212 273783490403/250000000000
2214 113372947563/100000000000
2216 535118038939/500000000000
2218 271755090403/250000000000
2220 112963887199/100000000000
2222 1067754833997/1000000000000
2224 271755090403/250000000000
2226 566689501981/500000000000
2228 529533786479/500000000000
2230 1108082871197/1000000000000
2234 518232014603/500000000000
2236 260852170567/250000000000
2238 260852170567/250000000000
2240 556607223853/500000000000
2242 557535831629/500000000000
2244 1112636523939/1000000000000
2246 1116681823297/1000000000000
2248 1103231852703/1000000000000
2254 266122801559/250000000000
2256 210923925841/200000000000
2258 266122801559/250000000000
2260 534715953117/500000000000
2262 535450404557/500000000000
2264 535450404557/500000000000
2270 269545405327/250000000000
2272 546160537433/500000000000
2274 33506110973/31250000000
2276 1066035486843/1000000000000
2278 214028841951/200000000000
2280 266437544567/250000000000
2282 531665918183/500000000000
2284 1052978888193/1000000000000
2286 520943316053/500000000000
2288 510592424439/500000000000
2290 281901129257/250000000000
2292 1119573645469/1000000000000
2294 1133223391321/1000000000000
2296 278547208943/250000000000
2298 69548728933/62500000000
2300 1135643434729/1000000000000
2302 1113831242411/1000000000000
2304 560462874903/500000000000
2306 1112254693267/1000000000000
2308 1112340854443/1000000000000
2310 1101638455129/1000000000000
2312 1105296685531/1000000000000
2314 110002242103/100000000000
2316 1094983993409/1000000000000
2318 17063147673/15625000000
2320 111641442631/100000000000
2322 111641442631/100000000000
2324 111641442631/100000000000
2326 111391652631/100000000000
2328 111391652631/100000000000
2330 1122419919283/1000000000000
2336 1057320620519/1000000000000
2338 1046365281891/1000000000000
2340 516730909041/500000000000
2342 205344769963/200000000000
2344 1051253519109/1000000000000
2346 1058682363421/1000000000000
2348 128549816517/125000000000
2350 32358208841/31250000000
2352 26737447989/25000000000
2354 1107106219701/1000000000000
2356 68623232333/62500000000
2358 544748798641/500000000000
2360 534207759753/500000000000
2362 1096949598519/1000000000000
2364 536449034819/500000000000
2366 26057539581/25000000000
2368 1048068710573/1000000000000
2370 260455936911/250000000000
2372 25163030699/25000000000
2374 251033615733/250000000000
2376 202636922217/200000000000
2378 504181976117/500000000000
2380 1008975673109/1000000000000
2382 63046181941/62500000000
2384 503705224303/500000000000
2386 50430093701/50000000000
2388 1011221390941/1000000000000
2394 1006734113013/1000000000000
2396 101486923841/100000000000
2398 202011013149/200000000000
2400 100517566971/100000000000
2402 3983194237/3906250000
2404 25163030699/25000000000
2422 1007938792931/1000000000000
2424 1007938792931/1000000000000
2426 1006297996087/1000000000000
2428 1006297996087/1000000000000
2430 1006297996083/1000000000000
2432 1006297996083/1000000000000
2434 503349750237/500000000000
2436 503349750237/500000000000
2438 503349750237/500000000000
2440 503349750237/500000000000
2442 503349750237/500000000000
2444 100848640363/100000000000
2446 1007867496193/1000000000000
2448 126236124371/125000000000
2460 10034220909/10000000000
2462 10034220909/10000000000
2464 10034220909/10000000000
2466 10034220909/10000000000
2468 31424608091/31250000000
2470 1962725701/1953125000
2472 1962725701/1953125000
2474 1962725701/1953125000
2476 502936862453/500000000000
2478 3929104527/3906250000
2480 3929104527/3906250000
2514 251849486397/250000000000
2516 500572938379/500000000000
2518 500572938379/500000000000
2520 500071593401/500000000000
2522 500445317977/500000000000
2524 1001246507167/1000000000000
2526 1001534898187/1000000000000
2528 499999345263/500000000000
2530 500068712907/500000000000
2532 1000265935647/1000000000000
2534 1000259341157/1000000000000
2536 1000259341157/1000000000000
2538 250007445119/250000000000
2540 250404067971/250000000000
2542 200758109041/200000000000
2554 1009612809009/1000000000000
2556 125835381041/125000000000
2558 501969232527/500000000000
2560 501969232527/500000000000
2562 251222838303/250000000000
2564 501465615243/500000000000
2566 502118665243/500000000000
2568 502118665243/500000000000
2570 501059046477/500000000000
2572 1000432941089/1000000000000
2574 500262468721/500000000000
2594 202427611427/200000000000
2596 254126568499/250000000000
2598 1013008620067/1000000000000
2600 1007960474409/1000000000000
2602 1004122474409/1000000000000
2604 258022526067/250000000000
2606 502908064317/500000000000
2608 502760264317/500000000000
2610 502760264317/500000000000
2612 502760264317/500000000000
2614 504115556181/500000000000
2616 1018054248073/1000000000000
2634 128598250993/125000000000
2636 102970824253/100000000000
2638 103354624253/100000000000
2650 1023317531977/1000000000000
2652 1025128331977/1000000000000
2654 205884115527/200000000000
2656 205693475527/200000000000
2658 1023860245269/1000000000000
2660 1025031445269/1000000000000
2662 1023402745269/1000000000000
2664 128396870211/125000000000
2698 1000652828937/1000000000000
2700 1000652828937/1000000000000
2702 1000652828937/1000000000000
2704 1000652828937/1000000000000
2706 1000652828937/1000000000000
2708 1000652828937/1000000000000
2710 1000652828937/1000000000000
2712 1002011467761/1000000000000
2714 1002011467761/1000000000000
2716 1002011467761/1000000000000
2718 1002011467761/1000000000000
2720 1002011467761/1000000000000
2722 1006838862513/1000000000000
2724 504894510157/500000000000
2736 1003305136823/1000000000000
2738 1005099222797/1000000000000
2740 503187629297/500000000000
2742 503187629297/500000000000
2744 503187629297/500000000000
2746 251841349509/250000000000
2748 50368270437/50000000000
2750 1006200701659/1000000000000
2752 1006200701659/1000000000000
2754 1007994787633/1000000000000
2756 251999776737/250000000000
2790 502810763893/500000000000
2792 127834689413/125000000000
2794 1080337535869/1000000000000
2796 1075549981607/1000000000000
2798 100442520303/100000000000
2800 1002841458873/1000000000000
2802 1004935556493/1000000000000
2804 1002841458873/1000000000000
2806 501371008343/500000000000
2808 501910035087/500000000000
2810 1005995848631/1000000000000
2812 251008369587/250000000000
2814 502997974337/500000000000
2822 1005506938913/1000000000000
2824 1004833228223/1000000000000
2826 25070296901/25000000000
2828 25070296901/25000000000
2830 500697964111/500000000000
2832 1004315276037/1000000000000
2834 40450885877/40000000000
2836 200790884901/200000000000
2858 520904110801/500000000000
2860 1047066109693/1000000000000
2862 1047035206109/1000000000000
2864 523392188497/500000000000
2866 516494533917/500000000000
2868 513385418947/500000000000
2870 130046254279/125000000000
2872 524598701931/500000000000
2874 1027335573019/1000000000000
2876 103113739583/100000000000
2878 140972203659/125000000000
2880 264337363571/250000000000
2882 16656553269/15625000000
2884 573349523127/500000000000
2886 1097976314099/1000000000000
2888 559027069003/500000000000
2890 526287112787/500000000000
2892 4473908173/4000000000
2894 139084804749/125000000000
2896 219089411309/200000000000
2898 108863343723/100000000000
2900 556085166047/500000000000
2902 1109680444361/1000000000000
2904 1084795811803/1000000000000
2906 1085834561237/1000000000000
2908 54113448213/50000000000
2910 1139057795801/1000000000000
2912 286018212741/250000000000
2914 1101768924451/1000000000000
2916 1105094072861/1000000000000
2918 1128547693331/1000000000000
2920 111546510933/100000000000
2922 543212549251/500000000000
2924 270547680863/250000000000
2926 1152152065091/1000000000000
2928 285667502687/250000000000
2930 564218039439/500000000000
2932 1117544178317/1000000000000
2934 141262240869/125000000000
2936 1098359438823/1000000000000
2938 67314463389/62500000000
2940 529569139943/500000000000
2942 1105660129041/1000000000000
2944 555926934317/500000000000
2946 53295079589/50000000000
2948 269891798089/250000000000
2950 1158075683147/1000000000000
2952 1107085310907/1000000000000
2954 223606060847/200000000000
2956 1102119849689/1000000000000
2958 1091682163823/1000000000000
2960 1078818372719/1000000000000
2962 215368568941/200000000000
2964 110139947627/100000000000
2966 270879864713/250000000000
2968 272396235179/250000000000
2970 131816114393/125000000000
2972 528345299041/500000000000
2974 550153247327/500000000000
2976 1106989473173/1000000000000
2978 212410902987/200000000000
2980 1074968239113/1000000000000
2982 286011541867/250000000000
2984 17943371573/15625000000
2986 106087969213/100000000000
2988 217927578911/200000000000
2990 539030366329/500000000000
2992 1121524804847/1000000000000
2994 1061108258197/1000000000000
2996 300228110327/250000000000
2998 592203596083/500000000000
3000 1203279511507/1000000000000
3002 601291376019/500000000000
3004 1180233134089/1000000000000
3006 233936271511/200000000000
3008 1171185886949/1000000000000
3010 1157134915671/1000000000000
3012 1198971158829/1000000000000
3014 142853281431/125000000000
3016 565451461787/500000000000
3018 1149393726147/1000000000000
3020 292286449629/250000000000
3022 5933373421/5000000000
3024 229360401353/200000000000
3026 576894673643/500000000000
3028 597118585227/500000000000
3030 1187411791211/1000000000000
3032 286744247819/250000000000
3034 1190812944309/1000000000000
3036 589499893917/500000000000
3038 554131114721/500000000000
3040 1119049155713/1000000000000
3042 287428622913/250000000000
3044 1154972257633/1000000000000
3046 70278385921/62500000000
3048 1132146437563/1000000000000
3050 1104054153523/1000000000000
3052 6276140963/5000000000
3054 1198326825853/1000000000000
3056 239470181807/200000000000
3058 123294662767/100000000000
3060 301782379331/250000000000
3062 1207127325151/1000000000000
3064 1219058081417/1000000000000
3066 299320890793/250000000000
3068 607000222161/500000000000
3070 1197876269889/1000000000000
3072 601471949103/500000000000
3074 1162394992501/1000000000000
3076 1201002795851/1000000000000
3078 1195887102203/1000000000000
3080 237501229303/200000000000
3088 1170263677997/1000000000000
3090 1174816520411/1000000000000
3092 119007012381/100000000000
3094 586002513689/500000000000
3096 1183739438563/1000000000000
3098 270849447237/250000000000
3100 270364685503/250000000000
3102 222898714067/200000000000
3104 1110319826253/1000000000000
3106 2165702863/1953125000
3108 1114123455769/1000000000000
3110 1121520977661/1000000000000
3112 1109153880559/1000000000000
3114 1241760708201/1000000000000
3116 1254864464813/1000000000000
3118 621018025613/500000000000
3120 248379532039/200000000000
3122 257412253711/250000000000
3124 1062176612587/1000000000000
3126 1048334100243/1000000000000
3128 1079743612487/1000000000000
3130 109089857741/100000000000
3136 509604130913/500000000000
3138 209785503243/200000000000
3142 1036326388017/1000000000000
3144 42590545249/40000000000
3148 1032354661373/1000000000000
3150 1040604607347/1000000000000
3152 64646378623/62500000000
3154 261882217429/250000000000
3156 103457375207/100000000000
3158 1064541428947/1000000000000
3160 217857301967/200000000000
3200 591530030397/500000000000
3202 1206239414479/1000000000000
3204 587758084599/500000000000
3206 599239070439/500000000000
3208 604098933909/500000000000
3210 1211969750933/1000000000000
3212 1208424469033/1000000000000
3214 307343464181/250000000000
3216 1196727878639/1000000000000
3218 598608435613/500000000000
3220 297755412169/250000000000
3222 584436764067/500000000000
3224 72748761151/62500000000
3226 118409563683/100000000000
3228 1174600642877/1000000000000
3230 586087031389/500000000000
3232 1177589562117/1000000000000
3234 73649631509/62500000000
3236 218225174363/200000000000
3238 214506971539/200000000000
3240 275417235591/250000000000
3242 207704476477/200000000000
3244 1034123550571/1000000000000
3246 257983480363/250000000000
3248 261011343001/250000000000
3250 1032344742617/1000000000000
3252 264621645731/250000000000
3254 1049345066541/1000000000000
3256 1062367645099/1000000000000
3258 1097998811299/1000000000000
3260 1041397490747/1000000000000
3262 26734611321/25000000000
3264 262320385809/250000000000
3266 27733395011/25000000000
3268 1043539154069/1000000000000
3270 268973731513/250000000000
3272 533771236063/500000000000
3274 42416405187/40000000000
3280 126558661029/125000000000
3282 1041344086171/1000000000000
3284 107828377019/100000000000
3286 1111186990217/1000000000000
3290 265266347767/250000000000
3292 209569641739/200000000000
3294 1072608182869/1000000000000
3296 1030017419771/1000000000000
3298 258842911703/250000000000
3300 250625072303/250000000000
3302 207100209457/200000000000
3304 1080046366013/1000000000000
3306 270692929443/250000000000
3308 111713082607/100000000000
3310 1082830292007/1000000000000
3336 275569042717/250000000000
3338 212505788831/200000000000
3340 536315318729/500000000000
3344 614460778069/500000000000
3346 1913934361/1600000000
3348 1226010529981/1000000000000
3350 1212453133813/1000000000000
3352 212608247943/200000000000
3354 529710372631/500000000000
3356 1014070923179/1000000000000
3358 201485517469/200000000000
3360 254588751597/250000000000
3362 507136284747/500000000000
3364 53201318933/50000000000
3366 264013956861/250000000000
3368 1041223840863/1000000000000
3370 1099809436751/1000000000000
3372 130190412371/125000000000
3374 1082940483103/1000000000000
3376 1042234662621/1000000000000
3378 258250933151/250000000000
3380 210843984453/200000000000
3382 1050666162919/1000000000000
3384 65571767771/62500000000
3386 13228563261/12500000000
3392 1012816449867/1000000000000
3394 254520327703/250000000000
3400 1030551365137/1000000000000
3402 532397321829/500000000000
3408 8201441927/7812500000
3410 134833294423/125000000000
3414 210532064031/200000000000
3416 505666989789/500000000000
3418 1004619017057/1000000000000
3420 1012006618117/1000000000000
3422 251232893957/250000000000
3424 318714061/312500000
3426 1046578183643/1000000000000
3428 514511846691/500000000000
3430 53168981291/50000000000
3432 1045891860903/1000000000000
3434 267021611739/250000000000
3436 13161225653/12500000000
3438 1080478211707/1000000000000
3440 1062295964601/1000000000000
3442 532806852029/500000000000
3498 1050276678921/1000000000000
3500 533242349543/500000000000
3502 221171560853/200000000000
3504 13526783887/12500000000
3506 511147997371/500000000000
3508 519637388553/500000000000
3510 1034093043111/1000000000000
3512 1050902238721/1000000000000
3514 1030224064403/1000000000000
3516 266901980129/250000000000
3518 1079600630011/1000000000000
3520 514038436121/500000000000
3522 526930243001/500000000000
3524 104194533793/100000000000
3526 1072165512689/1000000000000
3528 103747440709/100000000000
3534 1005043285947/1000000000000
3536 1030331049181/1000000000000
3540 1015608738971/1000000000000
3542 1045993278649/1000000000000
3546 517949299899/500000000000
3548 265158210833/250000000000
3550 1019075477411/1000000000000
3552 1027456990761/1000000000000
3554 204502279621/200000000000
3556 261015569821/250000000000
3558 514703126881/500000000000
3560 256049333833/250000000000
3562 1058131582067/1000000000000
3564 1069650494447/1000000000000
3566 1073076807767/1000000000000
3608 624068022099/500000000000
3610 1231705926891/1000000000000
3612 251741823479/200000000000
3614 78095588097/62500000000
3616 1244411686797/1000000000000
3618 630274980253/500000000000
3620 139274456989/125000000000
3622 1021305301719/1000000000000
3624 1061499946107/1000000000000
3626 1024686647483/1000000000000
3628 43099251893/40000000000
3630 262259412581/250000000000
3632 544472674751/500000000000
3634 267250343843/250000000000
3636 278168271731/250000000000
3638 1070421997197/1000000000000
3640 1083862841127/1000000000000
3642 1026631400719/1000000000000
3644 524469799983/500000000000
3646 1034515897169/1000000000000
3648 109738153271/100000000000
3650 1076803298397/1000000000000
3652 63120471473/62500000000
3654 1005694711201/1000000000000
3656 1014845666971/1000000000000
3658 1006094357823/1000000000000
3660 251173798747/250000000000
3662 502510042491/500000000000
3664 63009606199/62500000000
3666 1021962172053/1000000000000
3668 31289227419/31250000000
3670 1006039679039/1000000000000
3672 1004316302723/1000000000000
3674 104651183457/100000000000
3676 25835256057/25000000000
3678 263151913769/250000000000
3680 66586287389/62500000000
3682 202930258301/200000000000
3684 25011568661/25000000000
3686 1017262853547/1000000000000
3688 1009423982877/1000000000000
3690 4039776791/4000000000
3692 1057952809987/1000000000000
3694 25525028111/25000000000
3696 1069268128601/1000000000000
3698 1004743430467/1000000000000
3700 1043666298967/1000000000000
3702 1024574982839/1000000000000
3704 53017256553/50000000000
3706 52670052779/50000000000
3712 125852521697/125000000000
3714 201626699231/200000000000
3720 200258214319/200000000000
3722 7921359321/7812500000
3728 1006723318293/1000000000000
3730 1012010357433/1000000000000
3736 127505482227/125000000000
3738 1037612570201/1000000000000
3740 201679012871/200000000000
3742 100762575141/100000000000
3744 1009813917939/1000000000000
3746 1002204345129/1000000000000
3748 12522529057/12500000000
3750 516966276679/500000000000
3752 3910751429/3906250000
3754 5178917111/5000000000
3756 1002729749531/1000000000000
3758 514371511927/500000000000
3760 1002051335683/1000000000000
3762 1030128961799/1000000000000
3764 207367909281/200000000000
3766 1036377270897/1000000000000
3768 1035927977099/1000000000000
3770 1062915654617/1000000000000
3836 591489031079/500000000000
3838 238705021267/200000000000
3840 60175249303/50000000000
3842 1183257470413/1000000000000
3844 23926950807/20000000000
3846 590679560177/500000000000
3848 1205016817801/1000000000000
3850 1190764597651/1000000000000
3852 238354480733/200000000000
3854 117791315361/100000000000
3856 238402533489/200000000000
3858 1192452041789/1000000000000
3860 237670484827/200000000000
3862 592181659477/500000000000
3864 1017626637657/1000000000000
3866 1020854669349/1000000000000
3868 512253140303/500000000000
3870 1021334477217/1000000000000
3872 1019715088907/1000000000000
3874 1021578315173/1000000000000
3876 1026398552249/1000000000000
3878 1679214697/1562500000
3880 1029642005339/1000000000000
3882 13612554551/12500000000
3884 1031286139559/1000000000000
3886 1017683396869/1000000000000
3888 1020836844347/1000000000000
3890 1014929421909/1000000000000
3892 50734996067/50000000000
3894 62983971637/62500000000
3896 503843585083/500000000000
3898 203061980791/200000000000
3900 1008791888787/1000000000000
3902 1999584349/1953125000
3904 1042088329783/1000000000000
3906 1029277818259/1000000000000
3908 51962329367/50000000000
3910 62767768159/62500000000
3912 255919610387/250000000000
3914 1007453355413/1000000000000
3916 4275190461/4000000000
3918 253720558879/250000000000
3920 509819207067/500000000000
3922 1015133023017/1000000000000
3924 1020857164289/1000000000000
3926 510104371867/500000000000
3928 126061087889/125000000000
3930 1019635570837/1000000000000
3932 508509017171/500000000000
3934 517432464063/500000000000
3936 531457818213/500000000000
3938 103558199947/100000000000
3940 101138942957/100000000000
3942 266969213407/250000000000
3944 101374671559/100000000000
3946 1014673624971/1000000000000
3948 1011504058163/1000000000000
3950 1010193384209/1000000000000
3952 1012733868479/1000000000000
3954 252077191763/250000000000
3956 1010539768479/1000000000000
3958 1009515663583/1000000000000
3960 505310273641/500000000000
3962 1021930317511/1000000000000
3964 15751358093/15625000000
3966 1023455258521/1000000000000
3968 503023468581/500000000000
3970 50031119089/50000000000
3972 1002326465301/1000000000000
3974 31321527637/31250000000
3976 1008637895113/1000000000000
3978 1008431825373/1000000000000
3980 1007680040433/1000000000000
3982 1008812523609/1000000000000
3984 252870830749/250000000000
3986 201876579509/200000000000
3988 1013143037073/1000000000000
3990 1012138828003/1000000000000
3992 254075143073/250000000000
3994 1014573412021/1000000000000
3996 7938229071/7812500000
3998 508259856003/500000000000
4000 500722765207/500000000000
4002 200156156513/200000000000
4004 1004094624151/1000000000000
4006 131175288183/125000000000
4012 513930649419/500000000000
4014 102542109667/100000000000
4020 254062719647/250000000000
4022 1011559330043/1000000000000
4026 32160887913/31250000000
4032 1015494810339/1000000000000
4034 10129328883/10000000000
4036 206561912081/200000000000
4038 1028855678521/1000000000000
4040 515374786563/500000000000
4042 1022136813481/1000000000000
4044 50776499223/50000000000
4046 50845484233/50000000000
4048 506963917207/500000000000
4050 127063366529/125000000000
4052 3261517769/3125000000
4054 103241811377/100000000000
4056 508818495103/500000000000
4058 1021056852157/1000000000000
4060 3932934999/3906250000
4062 1008466197373/1000000000000
4064 62897190899/62500000000
4066 1002137347643/1000000000000
4116 1032058534783/1000000000000
4118 1033578902563/1000000000000
4120 1026305667891/1000000000000
4122 532312902163/500000000000
4124 102952066779/100000000000
4126 1061122316209/1000000000000
4128 2091832867/2000000000
4130 535858419859/500000000000
4132 64478766501/62500000000
4134 1031747277113/1000000000000
4136 1054136133179/1000000000000
4140 211690557017/200000000000
4144 1048390016799/1000000000000
4146 529210623177/500000000000
4148 21238838297/20000000000
4150 1055437252459/1000000000000
4152 1034748485351/1000000000000
4166 1046103959809/1000000000000
4168 1048478102427/1000000000000
4170 1048605181663/1000000000000
4172 55695962813/50000000000
4174 1089123522353/1000000000000
4176 1029241181899/1000000000000
4178 64663428807/62500000000
4180 52196299007/50000000000
4182 1040494664533/1000000000000
4184 1016939551307/1000000000000
4186 515832285067/500000000000
4188 509005168299/500000000000
4190 536312637787/500000000000
4192 21234903447/20000000000
4194 529327422443/500000000000
4196 26898028097/25000000000
4198 1073334838169/1000000000000
4200 1083456571853/1000000000000
4202 215486314671/200000000000
4204 1033134328753/1000000000000
4206 530790379371/500000000000
4208 1065929566337/1000000000000
4210 102312846731/100000000000
4212 1022026222111/1000000000000
4214 1027750795681/1000000000000
4216 1028195368483/1000000000000
4218 1009663861749/1000000000000
4220 128434330011/125000000000
4222 1000453018971/1000000000000
4224 102522325373/100000000000
4226 1037316085819/1000000000000
4228 531219655573/500000000000
4230 1049261937689/1000000000000
4232 1066899342403/1000000000000
4234 1053506337867/1000000000000
4236 508919612187/500000000000
4238 512862055579/500000000000
4240 64148527731/62500000000
4242 1033449840437/1000000000000
4244 1019547483027/1000000000000
4246 1034030054277/1000000000000
4248 509003213617/500000000000
4250 206353384159/200000000000
4252 532194060991/500000000000
4254 1068466458297/1000000000000
4256 1048569458823/1000000000000
4262 204536754059/200000000000
4264 1010661632729/1000000000000
4270 509312548877/500000000000
4276 126378029243/125000000000
4278 1030635158461/1000000000000
4280 1060932843539/1000000000000
4282 1008749909343/1000000000000
4284 252263375111/250000000000
4286 100754841731/100000000000
4288 503883478893/500000000000
4290 40789498453/40000000000
4292 212789839/200000000
4294 1019501235347/1000000000000
4296 212044788121/200000000000
4298 129954947937/125000000000
4300 133905409007/125000000000
4302 1043077739053/1000000000000
4304 538411618159/500000000000
4306 133018841251/125000000000
4354 1206935754709/1000000000000
4356 595736217923/500000000000
4358 600991315757/500000000000
4360 1222782309679/1000000000000
4362 308333186521/250000000000
4364 1077229377661/1000000000000
4366 275866232777/250000000000
4368 51932980197/50000000000
4370 1042297946161/1000000000000
4372 524446867077/500000000000
4374 132387086741/125000000000
4376 209738388153/200000000000
4378 536736829151/500000000000
4380 266151623371/250000000000
4382 21090447013/20000000000
4384 16852331173/15625000000
4386 271537216439/250000000000
4388 538370501861/500000000000
4390 217510356839/200000000000
4392 1053085121417/1000000000000
4394 1066822264817/1000000000000
4396 1065379721697/1000000000000
4398 554277194563/500000000000
4400 215241147691/200000000000
4402 1115982910303/1000000000000
4404 32112104513/31250000000
4406 1022603811237/1000000000000
4408 1029735172991/1000000000000
4410 513671365461/500000000000
4412 1019324860887/1000000000000
4414 1034923530433/1000000000000
4416 1021333546603/1000000000000
4418 207216883971/200000000000
4420 205532843577/200000000000
4422 1034803227199/1000000000000
4424 1036434597127/1000000000000
4426 519056936177/500000000000
4428 1032574009319/1000000000000
4430 1046718377379/1000000000000
4432 207175379933/200000000000
4434 527790279921/500000000000
4436 1035489069057/1000000000000
4438 1028294139473/1000000000000
4440 519370216111/500000000000
4442 1037121808431/1000000000000
4444 1021422332319/1000000000000
4446 526122990943/500000000000
4448 515868465951/500000000000
4450 267600383029/250000000000
4452 521302596127/500000000000
4454 412354053/390625000
4456 131836281257/125000000000
4458 536739535373/500000000000
4460 264660027861/250000000000
4462 66839989249/62500000000
4464 267945799291/250000000000
4466 21590645183/20000000000
4472 204355470759/200000000000
4474 1016532424627/1000000000000
4480 1008077488789/1000000000000
4482 12733333763/12500000000
4488 1009665591393/1000000000000
4490 256736344359/250000000000
4496 1009046570417/1000000000000
4498 203012769643/200000000000
4500 255436991199/250000000000
4502 508024766743/500000000000
4504 512440437503/500000000000
4506 509135731423/500000000000
4508 8104216093/8000000000
4510 1021816564849/1000000000000
4512 10132099197/10000000000
4514 257791757279/250000000000
4516 1013840859887/1000000000000
4518 1024855274231/1000000000000
4520 509591483177/500000000000
4522 512232518177/500000000000
4524 1012864776349/1000000000000
4526 509781584911/500000000000
4528 102094330653/100000000000
4530 102349255381/100000000000
4602 266122801559/250000000000
4604 1067007329207/1000000000000
4606 269219726559/250000000000
4608 267357976559/250000000000
4610 266122801559/250000000000
4632 1062451861477/1000000000000
4634 1126627199003/1000000000000
4636 207538543181/200000000000
4638 66104370519/62500000000
4640 528263885213/500000000000
4642 265869720857/250000000000
4644 1063029098483/1000000000000
4646 1094706649801/1000000000000
4648 1076773699577/1000000000000
4650 1068810225193/1000000000000
4652 127845652553/125000000000
4654 215384999349/200000000000
4656 1016883363429/1000000000000
4658 20620889229/20000000000
4660 508766968471/500000000000
4662 511783313749/500000000000
4664 52517445319/50000000000
4666 510608378399/500000000000
4668 20811393601/20000000000
4670 1044708874041/1000000000000
4672 1015777556187/1000000000000
4674 1043208503869/1000000000000
4676 1015768354679/1000000000000
4678 1016212594813/1000000000000
4680 1035310483611/1000000000000
4682 525907933833/500000000000
4684 208996731387/200000000000
4686 105270172631/100000000000
4688 1051640260997/1000000000000
4690 525215545819/500000000000
4692 42296204449/40000000000
4698 1020202608201/1000000000000
4700 1030331049181/1000000000000
4704 265158210833/250000000000
4710 1045993278649/1000000000000
4712 200455913911/200000000000
4714 1016347077671/1000000000000
4716 500515294151/500000000000
4718 503678471119/500000000000
4720 514747510829/500000000000
4722 212125964589/200000000000
4724 41987379869/40000000000
4726 12629897229/12500000000
4728 207207967807/200000000000
4730 518697108381/500000000000
4760 100786013587/100000000000
4762 1004102110517/1000000000000
4764 1034051914561/1000000000000
4766 271250519369/250000000000
4768 1000706131177/1000000000000
4770 20074148201/20000000000
4772 500046523699/500000000000
4774 250174717369/250000000000
4776 125496668189/125000000000
4778 107347869421/100000000000
4780 1014581096323/1000000000000
4782 21705876897/20000000000
4784 53471729279/50000000000
4786 43667723971/40000000000
4788 1005782562819/1000000000000
4790 1011103900171/1000000000000
4792 1007151869539/1000000000000
4794 505946237377/500000000000
4796 251974448733/250000000000
4798 125797720187/125000000000
4800 1092942541191/1000000000000
4802 103130897151/100000000000
4804 62923391783/62500000000
4806 1024084266187/1000000000000
4808 1006155402667/1000000000000
4810 1001516190823/1000000000000
4812 51122179417/50000000000
4814 500256828801/500000000000
4816 253782968609/250000000000
4818 1013227352569/1000000000000
4820 515460710781/500000000000
4822 63515372699/62500000000
4824 262207038343/250000000000
4826 206162613433/200000000000
4828 103536307491/100000000000
4830 1041253965097/1000000000000
4832 67022003567/62500000000
4834 1007891097999/1000000000000
4836 125529828007/125000000000
4838 200516294787/200000000000
4840 125043121637/125000000000
4842 250051639243/250000000000
4844 258112190519/250000000000
4846 500077752741/500000000000
4848 262702630721/250000000000
4850 1039689493937/1000000000000
4852 32904399439/31250000000
4854 263503983247/250000000000
4856 268917575871/250000000000
4858 1045889203917/1000000000000
4860 1067407605857/1000000000000
4862 26093900227/25000000000
4864 204174036851/200000000000
4866 130588376873/125000000000
4868 204462877563/200000000000
4870 500561780809/500000000000
4872 1008393156041/1000000000000
4874 1003365602247/1000000000000
4876 202692048321/200000000000
4878 201212114981/200000000000
4880 1009922325751/1000000000000
4882 50978584897/50000000000
4884 255004942341/250000000000
4886 1004488326469/1000000000000
4888 516140819801/500000000000
4890 25116485591/25000000000
4892 1031770491641/1000000000000
4894 520281301887/500000000000
4896 1015096892573/1000000000000
4898 517990434413/500000000000
4900 202095689803/200000000000
4902 500140030671/500000000000
4904 202287067619/200000000000
4906 1002467683621/1000000000000
4908 1019346592743/1000000000000
4910 8124071947/8000000000
4912 507278874917/500000000000
4914 505493914181/500000000000
4916 41121079627/40000000000
4918 20018348327/20000000000
4920 256872971239/250000000000
4922 204536429849/200000000000
4924 1029299238279/1000000000000
4930 130534019119/125000000000
4932 3228948583/3125000000
4938 251897970539/250000000000
4940 252058994961/250000000000
4946 127368791599/125000000000
4948 252058994961/250000000000
4954 1008662628889/1000000000000
4956 127583479387/125000000000
4958 1043577658537/1000000000000
4960 514989993853/500000000000
4962 103938569307/100000000000
4964 1023576397067/1000000000000
4966 502922249097/500000000000
4968 253166659297/250000000000
4970 500176745507/500000000000
4972 250075202161/250000000000
4974 1014791778547/1000000000000
4976 1024811294387/1000000000000
4978 1003710767577/1000000000000
4980 508632514639/500000000000
4982 202571634501/200000000000
4984 127756932169/125000000000
4986 1011110991907/1000000000000
4988 128254125807/125000000000
5054 620789614829/500000000000
5056 243417846987/200000000000
5058 602008521721/500000000000
5060 1242360037489/1000000000000
5062 609591430839/500000000000
5064 260625531803/250000000000
5066 1091842078641/1000000000000
5068 1047058267561/1000000000000
5070 1036173109057/1000000000000
5072 518909587813/500000000000
5074 1036822770039/1000000000000
5076 1031476099119/1000000000000
5078 1024356834821/1000000000000
5080 1031146733693/1000000000000
5082 259204149699/250000000000
5084 518553118101/500000000000
5086 68383892311/62500000000
5088 1032027522577/1000000000000
5090 205865991483/200000000000
5092 208127401219/200000000000
5094 1033547967581/1000000000000
5096 137024266971/125000000000
5098 206597540979/200000000000
5100 538276485349/500000000000
5102 43310194839/40000000000
5104 528782081791/500000000000
5106 263051244859/250000000000
5108 256389923629/250000000000
5110 521452888327/500000000000
5112 1022307083769/1000000000000
5114 523296576873/500000000000
5116 4053270169/3906250000
5118 1043243059859/1000000000000
5120 260893117923/250000000000
5122 507735747793/500000000000
5124 104401571603/100000000000
5126 1014063096953/1000000000000
5128 273452749481/250000000000
5130 535705977303/500000000000
5132 1044778182549/1000000000000
5134 65995285291/62500000000
5136 129849293409/125000000000
5138 260297798119/250000000000
5140 25586236787/25000000000
5142 1038484497433/1000000000000
5144 1023752933883/1000000000000
5146 520142844407/500000000000
5148 210522740191/200000000000
5150 1035334363969/1000000000000
5152 1024745543729/1000000000000
5154 208253305219/200000000000
5156 535758516821/500000000000
5158 214211664587/200000000000
5160 1060849388541/1000000000000
5162 10439615737/10000000000
5164 131718142291/125000000000
5166 1036029625259/1000000000000
5168 523569754011/500000000000
5170 102541402919/100000000000
5172 26183722861/25000000000
5174 1028464619263/1000000000000
5176 507209549619/500000000000
5178 101221830811/100000000000
5180 200888908373/200000000000
5182 503064076679/500000000000
5184 538282934581/500000000000
5186 1066560118883/1000000000000
5188 1050852786379/1000000000000
5190 127447277159/125000000000
5192 1044911111189/1000000000000
5194 503416529261/500000000000
5196 208509081673/200000000000
5198 1031194881543/1000000000000
5200 1030794632669/1000000000000
5202 51521810849/50000000000
5204 1002032578949/1000000000000
5206 1019731852997/1000000000000
5208 503221149839/500000000000
5210 528903731777/500000000000
5212 534625163821/500000000000
5214 533843037271/500000000000
5216 42851193073/40000000000
5218 1049607330687/1000000000000
5220 1073639742893/1000000000000
5222 210112739039/200000000000
5224 1046095554313/1000000000000
5226 1023671252823/1000000000000
5228 524176509913/500000000000
5230 1025166033919/1000000000000
5232 206446949401/200000000000
5234 250658873069/250000000000
5236 102898896213/100000000000
5238 502254288837/500000000000
5240 1069591723409/1000000000000
5242 1073481200371/1000000000000
5244 1072792162347/1000000000000
5246 16459530421/15625000000
5248 26562059619/25000000000
5250 20949006783/20000000000
5252 26253137671/25000000000
5254 10278254573/10000000000
5256 32796439199/31250000000
5258 256788607591/250000000000
5260 1017015623021/1000000000000
5262 250608103201/250000000000
5264 254273091881/250000000000
5266 504348035153/500000000000
5268 10755596137/10000000000
5272 267739433381/250000000000
5274 1044173138761/1000000000000
5280 41927344623/40000000000
5282 3965136971/3906250000
5288 257994143617/250000000000
5290 251663688577/250000000000
5292 1067190980491/1000000000000
5294 213705545493/200000000000
5296 1046622813491/1000000000000
5298 267120336917/250000000000
5300 523046920251/500000000000
5302 41701428731/40000000000
5304 1014844046837/1000000000000
5306 1043202292089/1000000000000
5308 202465193397/200000000000
5310 257684416307/250000000000
5312 1003106946599/1000000000000
5314 1033623712319/1000000000000
5316 3910751429/3906250000
5360 1142418691043/1000000000000
5362 589485374771/500000000000
5364 118142226613/100000000000
5366 239419229453/200000000000
5368 231882641337/200000000000
5370 116711859981/100000000000
5372 1189062397747/1000000000000
5374 589400927681/500000000000
5376 1037838219777/1000000000000
5378 209199093209/200000000000
5380 530852848799/500000000000
5382 52848753011/50000000000
5384 37014523807/31250000000
5386 1177024460771/1000000000000
5388 53188573989/50000000000
5390 1031559477747/1000000000000
5392 209663487711/200000000000
5394 64496433949/62500000000
5396 530851497649/500000000000
5398 525867806677/500000000000
5400 263521459213/250000000000
5402 1049389217843/1000000000000
5404 258022446391/250000000000
5406 1030741587059/1000000000000
5408 16593632567/15625000000
5410 260137206441/250000000000
5412 41792150309/40000000000
5414 529813306283/500000000000
5416 518666417341/500000000000
5418 1048120156053/1000000000000
5420 65146310461/62500000000
5422 208971230881/200000000000
5424 1047733497361/1000000000000
5426 1042916689467/1000000000000
5428 526862679951/500000000000
5430 1052520326747/1000000000000
5432 1050390141001/1000000000000
5434 545703098629/500000000000
5436 209908645703/200000000000
5438 1071113196797/1000000000000
5440 528675645547/500000000000
5442 1028316374959/1000000000000
5444 506916447263/500000000000
5446 255025019767/250000000000
5448 255360159803/250000000000
5450 255831169997/250000000000
5452 1023422849727/1000000000000
5454 259164502069/250000000000
5456 1033731667851/1000000000000
5458 543397151101/500000000000
5460 524839617417/500000000000
5462 1070913344307/1000000000000
5464 207272883227/200000000000
5466 136718010257/125000000000
5468 1060286002609/1000000000000
5470 1084049934681/1000000000000
5472 526499953231/500000000000
5474 514105357147/500000000000
5476 514684384037/500000000000
5478 257617939667/250000000000
5480 1029632825377/1000000000000
5482 1050625725083/1000000000000
5484 1046439167761/1000000000000
5486 1050100861963/1000000000000
5488 21038488301/20000000000
5490 106866552403/100000000000
5492 108101784823/100000000000
5494 1062833062077/1000000000000
5496 258730293829/250000000000
5498 203591912473/200000000000
5500 1037398116017/1000000000000
5502 1017163376343/1000000000000
5504 523630042981/500000000000
5506 1018723983849/1000000000000
5508 1043155314501/1000000000000
5510 25629325061/25000000000
5512 527114191739/500000000000
5514 1082852745007/1000000000000
5516 1062472929309/1000000000000
5518 107473107503/100000000000
5520 1028564190263/1000000000000
5522 508692698491/500000000000
5524 51296559823/50000000000
5526 101760165683/100000000000
5528 1038927623909/1000000000000
5530 127314516069/125000000000
5532 51373494119/50000000000
5534 101840138127/100000000000
5536 266503235883/250000000000
5538 256867744779/250000000000
5540 1059450850187/1000000000000
5542 25614878071/25000000000
5544 209154662721/200000000000
5546 510926980819/500000000000
5548 104435943489/100000000000
5550 510478628911/500000000000
5552 537499810181/500000000000
5554 132067229321/125000000000
5556 1022509581919/1000000000000
5558 4198248511/4000000000
5560 1018092276809/1000000000000
5562 207867042161/200000000000
5564 203300642443/200000000000
5566 524123013747/500000000000
5568 203174871971/200000000000
5572 541137588111/500000000000
5578 33383837847/31250000000
5580 519952776261/500000000000
5584 1059340206203/1000000000000
5586 1025255810491/1000000000000
5588 1079676566229/1000000000000
5590 66576075153/62500000000
5592 129728493197/125000000000
5594 1062057269151/1000000000000
5596 3227143113/3125000000
5598 513612184751/500000000000
5600 1057492638657/1000000000000
5602 1022210148723/1000000000000
5642 1100902746599/1000000000000
5644 1064944907959/1000000000000
5646 135949470521/125000000000
5648 1070094973881/1000000000000
5650 264734159379/250000000000
5652 107360847843/100000000000
5654 535408131983/500000000000
5656 528871181133/500000000000
5658 1023965989287/1000000000000
5660 1022434789287/1000000000000
5662 541592450259/500000000000
5664 1087070303649/1000000000000
5666 1058132743607/1000000000000
5668 107112571401/100000000000
5670 533008379481/500000000000
5672 266098931427/250000000000
5674 213706719679/200000000000
5676 1064522593531/1000000000000
5678 1062830421903/1000000000000
5680 529620882223/500000000000
5682 1078854164547/1000000000000
5684 67034719977/62500000000
5686 261443241393/250000000000
5688 206362860453/200000000000
5690 1038273594549/1000000000000
5692 102858326167/100000000000
5694 1076692153753/1000000000000
5696 220779534009/200000000000
5698 1099595415887/1000000000000
5700 535681094271/500000000000
5702 1053367806869/1000000000000
5704 33786152463/31250000000
5706 522218591919/500000000000
5708 1047789205593/1000000000000
5710 1056987143393/1000000000000
5712 521588602797/500000000000
5714 51234319699/50000000000
5716 257843584807/250000000000
5718 1035188747619/1000000000000
5720 129837796581/125000000000
5722 1043487813389/1000000000000
5724 539837485277/500000000000
5726 1065851804503/1000000000000
5728 216148308737/200000000000
5730 1066014723859/1000000000000
5732 208628620153/200000000000
5734 8308108941/7812500000
5736 1053680051451/1000000000000
5738 265682519281/250000000000
5740 1061602442323/1000000000000
5742 518285492271/500000000000
5744 528860955359/500000000000
5746 517358575973/500000000000
5748 1046860179093/1000000000000
5750 263156094927/250000000000
5752 527658599153/500000000000
5754 1056643531483/1000000000000
5756 214873840471/200000000000
5758 1059327884931/1000000000000
5760 538065829343/500000000000
5762 1064661328957/1000000000000
5764 1059077684673/1000000000000
5766 1072183582757/1000000000000
5768 266040038257/250000000000
5770 105430090107/100000000000
5772 1036970091701/1000000000000
5774 527419607529/500000000000
5776 1032718589379/1000000000000
5782 1024059841429/1000000000000
5784 1033165725431/1000000000000
5790 213428253113/200000000000
5792 133157628059/125000000000
5798 1039809184547/1000000000000
5800 1045852324281/1000000000000
5806 531968645227/500000000000
5808 1054493383431/1000000000000
5810 259373393951/250000000000
5812 258625529991/250000000000
5814 51812277723/50000000000
5816 1033191767289/1000000000000
5818 1068875972559/1000000000000
5820 535101165599/500000000000
5822 536586623229/500000000000
5824 1070731638341/1000000000000
5826 518179119939/500000000000
5828 1053109100881/1000000000000
5830 1040906428219/1000000000000
5832 1057498503429/1000000000000
5834 212904605917/200000000000
5836 261587030579/250000000000
5838 1061889650391/1000000000000
5840 520140056421/500000000000
5906 540392849321/500000000000
5908 540751259509/500000000000
5910 1028502956601/1000000000000
5912 523623475589/500000000000
5914 5248783713/5000000000
5916 529563583659/500000000000
5918 212298432527/200000000000
5920 263042527561/250000000000
5922 66502480431/62500000000
5924 1108201448709/1000000000000
5926 1071763023609/1000000000000
5930 1074986635741/1000000000000
5936 50629161917/50000000000
5938 1028639000149/1000000000000
5942 529998899201/500000000000
5944 1044563455339/1000000000000
5946 524532332927/500000000000
5948 1055470121273/1000000000000
5950 1046304489051/1000000000000
5952 523282990711/500000000000
5954 42155550951/40000000000
5956 523601399669/500000000000
5958 529231349201/500000000000
5960 1035771455339/1000000000000
5962 129903065443/125000000000
5994 533998769901/500000000000
5996 1079473657309/1000000000000
5998 1076272544761/1000000000000
6000 1039277063327/1000000000000
6002 1041629628127/1000000000000
6004 534745631913/500000000000
6006 1079069169099/1000000000000
6008 6588152599/6250000000
6010 1074141454799/1000000000000
6012 1058220282453/1000000000000
6014 134787526507/125000000000
6016 202518203061/200000000000
6018 26152293659/25000000000
6020 102122956003/100000000000
6022 261337631067/250000000000
6024 52979803671/50000000000
6026 263168052851/250000000000
6028 534114707559/500000000000
6030 1042153485033/1000000000000
6032 10267617981/10000000000
6034 264777858219/250000000000
6036 263157490739/250000000000
6038 1021177910819/1000000000000
6040 262762370691/250000000000
6042 1048370443093/1000000000000
6044 1100139206551/1000000000000
6046 106172990241/100000000000
6048 270405596503/250000000000
6050 128161257211/125000000000
6052 1019183986411/1000000000000
6054 515813597991/500000000000
6056 1024195769697/1000000000000
6058 1027020487717/1000000000000
6060 210976816027/200000000000
6062 1024978169073/1000000000000
6064 1047447915153/1000000000000
6066 1030766785007/1000000000000
6068 8164741429/7812500000
6070 1030778533331/1000000000000
6072 260406910169/250000000000
6074 1072153806893/1000000000000
6076 1069815236189/1000000000000
6078 258298514109/250000000000
6080 258376322379/250000000000
6082 1031576033099/1000000000000
6084 1042347570951/1000000000000
6086 1039826197463/1000000000000
6088 1039117826261/1000000000000
6090 41952807107/40000000000
6092 1044741928397/1000000000000
6094 128565266427/125000000000
6096 208911073017/200000000000
6098 1036084616019/1000000000000
6100 1056038634543/1000000000000
6102 261653709617/250000000000
6108 127513288657/125000000000
6110 25448523357/25000000000
6114 255161924249/250000000000
6116 1046217300353/1000000000000
6120 501094995497/500000000000
6122 1015678594263/1000000000000
6124 1020223033339/1000000000000
6126 1018443341439/1000000000000
6128 127837081323/125000000000
6130 407320517/400000000
6132 1035539874873/1000000000000
6134 266694515749/250000000000
6136 519201749291/500000000000
6138 105860101681/100000000000
6140 1033454848767/1000000000000
6142 1057190963163/1000000000000
6144 1038015351247/1000000000000
6146 1051321803871/1000000000000
6148 263592929721/250000000000
6184 251982696899/250000000000
6186 210454555579/200000000000
6188 1010208834743/1000000000000
6190 41063525241/40000000000
6192 66099372671/62500000000
6194 1020696314853/1000000000000
6196 209306268063/200000000000
6198 1004870734913/1000000000000
6200 1003367684781/1000000000000
6202 501968888983/500000000000
6204 500943860039/500000000000
6206 1006494159191/1000000000000
6208 1027890812137/1000000000000
6210 1011582031263/1000000000000
6212 521426510433/500000000000
6214 513523580399/500000000000
6216 107116790201/100000000000
6218 1046876170103/1000000000000
6220 208581849127/200000000000
6222 1006629400211/1000000000000
6224 201456199439/200000000000
6226 202806590509/200000000000
6228 1019364056241/1000000000000
6230 500054945659/500000000000
6232 1030435873319/1000000000000
6234 104048194289/100000000000
6236 1043503286287/1000000000000
6238 268080500047/250000000000
6240 1040847195779/1000000000000
6242 514334278067/500000000000
6244 518433840583/500000000000
6246 101804339973/100000000000
6248 1027898822563/1000000000000
6250 20407802737/20000000000
6252 1022329592769/1000000000000
6254 1016415856877/1000000000000
6256 63211281691/62500000000
6258 1021727009949/1000000000000
6260 1018505617753/1000000000000
6262 515029979529/500000000000
6264 207222772677/200000000000
6266 1025120080601/1000000000000
6268 258401396227/250000000000
6270 1038242230901/1000000000000
6272 516264544363/500000000000
6274 15860823723/15625000000
6276 205223446903/200000000000
6278 1014907339227/1000000000000
6280 1013476035239/1000000000000
6282 1013661601039/1000000000000
6284 506073243903/500000000000
6286 509487128693/500000000000
6288 1013218940811/1000000000000
6290 259245474597/250000000000
6292 508712641723/500000000000
6294 520609499289/500000000000
6296 1029409015199/1000000000000
6298 65636689411/62500000000
6300 514103810299/500000000000
6302 1074377428489/1000000000000
6304 1057687293263/1000000000000
6306 1078375492737/1000000000000
6308 1049953341917/1000000000000
6310 51568440481/50000000000
6312 1030653355269/1000000000000
6314 1029421835119/1000000000000
6316 1030995434991/1000000000000
6318 1015600924369/1000000000000
6320 506382659373/500000000000
6322 252799116357/250000000000
6324 253951460489/250000000000
6326 517476019881/500000000000
6328 126842996367/125000000000
6330 1047096742797/1000000000000
6332 1014268513583/1000000000000
6334 535916085161/500000000000
6336 1035298514573/1000000000000
6338 211489511993/200000000000
6340 518130260851/500000000000
6342 1033513055027/1000000000000
6344 205580321761/200000000000
6346 129675577601/125000000000
6348 1026728710319/1000000000000
6350 8122478273/8000000000
6352 50554865733/50000000000
6354 203007501871/200000000000
6356 1016555733633/1000000000000
6358 519003489731/500000000000
6360 1017702339977/1000000000000
6362 517002810081/500000000000
6364 127507013741/125000000000
6370 1074189176547/1000000000000
6372 1061437407219/1000000000000
6378 1029996565893/1000000000000
6380 102971116543/100000000000
6386 130564865589/125000000000
6388 1012298284841/1000000000000
6394 103339367593/100000000000
6396 251148531461/250000000000
6398 1076994725351/1000000000000
6400 1062130974389/1000000000000
6402 1071659382787/1000000000000
6404 1060928221781/1000000000000
6406 519189487117/500000000000
6408 51838247589/50000000000
6410 1040392234811/1000000000000
6412 1034669155529/1000000000000
6414 104465116337/100000000000
6416 1020913321209/1000000000000
6418 259209147797/250000000000
6420 1014768173933/1000000000000
6422 1027456543367/1000000000000
6424 31437741001/31250000000
6426 1024991782793/1000000000000
6428 100985602391/100000000000
6492 291922024357/250000000000
6494 37642922409/31250000000
6496 1164275745901/1000000000000
6498 1161626761383/1000000000000
6500 602602192371/500000000000
6502 1199306556211/1000000000000
6504 516638857773/500000000000
6506 1049861236909/1000000000000
6508 208322443961/200000000000
6510 43681509533/40000000000
6512 1039485227359/1000000000000
6514 1034972108603/1000000000000
6516 257872185149/250000000000
6518 1031811322023/1000000000000
6520 1022620404241/1000000000000
6522 1029133913757/1000000000000
6524 1020812464919/1000000000000
6526 1045669052561/1000000000000
6528 131609639277/125000000000
6530 107447717517/100000000000
6532 206495645381/200000000000
6534 1038041467079/1000000000000
6536 64495234651/62500000000
6538 211408971/200000000
6540 1028100128587/1000000000000
6542 1056999320317/1000000000000
6544 513640259249/500000000000
6546 219004801157/200000000000
6548 531877303807/500000000000
6550 1056163559611/1000000000000
6552 66148538069/62500000000
6554 525313198967/500000000000
6556 521678911603/500000000000
6558 1016166327167/1000000000000
6560 207768395467/200000000000
6562 507612081231/500000000000
6564 517715887259/500000000000
6566 259332529143/250000000000
6568 517904130757/500000000000
6570 1050290282011/1000000000000
6572 1016614268191/1000000000000
6574 1041926041549/1000000000000
6576 1012910982909/1000000000000
6578 1071534189997/1000000000000
6580 131629751331/125000000000
6582 521389239121/500000000000
6584 1042792268849/1000000000000
6586 517235102041/500000000000
6588 128779565233/125000000000
6590 508586847289/500000000000
6592 255363742349/250000000000
6594 1019308510281/1000000000000
6596 64735537817/62500000000
6598 1063081316831/1000000000000
6600 518259951239/500000000000
6602 1087005675873/1000000000000
6604 516262292749/500000000000
6606 1090028506311/1000000000000
6608 1057947673597/1000000000000
6610 1070948733589/1000000000000
6612 1083286802143/1000000000000
6614 67705511797/62500000000
6616 532216806539/500000000000
6618 52158542663/50000000000
6620 265641847903/250000000000
6622 4081419917/3906250000
6624 1059631013051/1000000000000
6626 130795034311/125000000000
6628 105551491267/100000000000
6630 5268582991/5000000000
6632 207686540099/200000000000
6634 1029880468987/1000000000000
6636 1035205335689/1000000000000
6638 82157291/80000000
6640 21645085427/20000000000
6642 536334514683/500000000000
6644 1084418929873/1000000000000
6646 1061553139767/1000000000000
6648 131715260453/125000000000
6650 104867032311/100000000000
6652 105419568867/100000000000
6654 260903019331/250000000000
6656 1063467260639/1000000000000
6658 1057887887767/1000000000000
6660 1059350998747/1000000000000
6662 106317422029/100000000000
6664 257434246583/250000000000
6666 1027206759847/1000000000000
6668 1030243518747/1000000000000
6670 10321025249/10000000000
6672 1074541156691/1000000000000
6674 544932594607/500000000000
6676 269759524061/250000000000
6678 1066031197807/1000000000000
6680 215435824587/200000000000
6682 266177916977/250000000000
6684 211298110619/200000000000
6686 128645354411/125000000000
6688 263966906497/250000000000
6690 206631433503/200000000000
6692 65652491053/62500000000
6694 1023743331063/1000000000000
6696 264207272717/250000000000
6698 1025868326157/1000000000000
6700 135375840959/125000000000
6702 108194461019/100000000000
6704 132871695213/125000000000
6706 264756063191/250000000000
6708 266203023787/250000000000
6710 1049738518957/1000000000000
6712 1060358826281/1000000000000
6714 32336904333/31250000000
6716 533182573067/500000000000
6718 208360109289/200000000000
6720 522380079177/500000000000
6722 1027324795369/1000000000000
6724 261267177493/250000000000
6726 128792680449/125000000000
6730 10706810159/10000000000
6732 543433231937/500000000000
6734 107565769269/100000000000
6740 262665507471/250000000000
6742 1025959224763/1000000000000
6748 523365269837/500000000000
6750 1015418523543/1000000000000
6752 67079836661/62500000000
6754 33522470847/31250000000
6756 543900521277/500000000000
6758 1078920996509/1000000000000
6760 267804020317/250000000000
6762 52577744457/50000000000
6764 1024615005867/1000000000000
6766 526899648389/500000000000
6768 1027787396559/1000000000000
6770 1053730189853/1000000000000
6772 257245404383/250000000000
6774 1053613823321/1000000000000
6776 1023577631063/1000000000000
6816 1003349201559/1000000000000
6818 1003349201559/1000000000000
6820 1003349201559/1000000000000
6822 200221735513/200000000000
6824 50064969921/50000000000
6826 250113084501/250000000000
6828 250113084501/250000000000
6830 250284513267/250000000000
6832 1079039920661/1000000000000
6834 100338747939/100000000000
6836 50065130451/50000000000
6838 1059821174049/1000000000000
6840 1013486922201/1000000000000
6842 500355388203/500000000000
6844 212651978951/200000000000
6846 500355388203/500000000000
6848 100051107469/100000000000
6850 1039556722341/1000000000000
6852 500355388203/500000000000
6854 200495061111/200000000000
6856 200495061111/200000000000
6858 62510300421/62500000000
6860 62510300421/62500000000
6862 62510300421/62500000000
6864 62510300421/62500000000
6866 125025124363/125000000000
6868 1000168094363/1000000000000
6870 500548788559/500000000000
6872 15631293831/15625000000
6874 1000932439567/1000000000000
6876 277455351049/250000000000
6878 1093879424987/1000000000000
6880 134312952989/125000000000
6882 207482740599/200000000000
6884 33428663851/31250000000
6886 1046053985729/1000000000000
6888 1002337088223/1000000000000
6890 250575025177/250000000000
6892 259757619117/250000000000
6894 557170321133/500000000000
6896 257394156963/250000000000
6898 514253613923/500000000000
6900 1026345844547/1000000000000
6902 253344350913/250000000000
6904 1010256903657/1000000000000
6906 1002242143841/1000000000000
6908 1002242143841/1000000000000
6910 63655442483/62500000000
6912 101607787973/100000000000
6914 101784187973/100000000000
6916 1015522418689/1000000000000
6918 1001370517309/1000000000000
6920 1001395517307/1000000000000
6922 267023885991/250000000000
6924 263994620123/250000000000
6926 263994620123/250000000000
6928 1047048564039/1000000000000
6930 209623592809/200000000000
6932 130593037089/125000000000
6934 1040008841007/1000000000000
6936 1041078241013/1000000000000
6938 207757512027/200000000000
6940 1036858402567/1000000000000
6942 1031490585003/1000000000000
6944 129422100321/125000000000
6946 206972679037/200000000000
6948 515422263927/500000000000
6950 1078882468561/1000000000000
6952 1353864287/1250000000
6954 534176991183/500000000000
6956 1142483558279/1000000000000
6958 139770514797/125000000000
6960 225892333951/200000000000
6962 1094348747781/1000000000000
6964 1119643660993/1000000000000
6966 1091016985367/1000000000000
6968 272160827199/250000000000
6970 525577892683/500000000000
6972 581702371051/500000000000
6974 1154924930451/1000000000000
6976 72877208443/62500000000
6978 226711594091/200000000000
6980 141321361447/125000000000
6994 953139447/800000000
6996 1160002809649/1000000000000
6998 72092255747/62500000000
7000 564589511943/500000000000
7002 576514628873/500000000000
7004 226540560703/200000000000
7006 1132236171877/1000000000000
7008 276800094281/250000000000
7010 1199758744637/1000000000000
7012 236895541247/200000000000
7014 80160925103/62500000000
7016 316375409301/250000000000
7018 1242816930753/1000000000000
7020 243428791653/200000000000
7022 309741858187/250000000000
7024 1212359487233/1000000000000
7026 1195492101561/1000000000000
7028 73327751703/62500000000
7030 2408265593/1953125000
7032 304449938997/250000000000
7034 1219223427207/1000000000000
7036 1220206560639/1000000000000
7038 613151216493/500000000000
7040 306529135377/250000000000
7042 620631756889/500000000000
7044 615034686927/500000000000
7046 1230438284009/1000000000000
7048 645736168451/500000000000
7050 613080214637/500000000000
7052 1224525763527/1000000000000
7054 1231624202947/1000000000000
7056 619939626471/500000000000
7058 1226799824797/1000000000000
7060 621396434497/500000000000
7062 1205141821231/1000000000000
7064 1281200337143/1000000000000
7066 276448676441/250000000000
7068 531914817231/500000000000
7070 1052577580171/1000000000000
7072 540436172911/500000000000
7074 213392201193/200000000000
7076 1114624899191/1000000000000
7078 1066971574357/1000000000000
7080 1094525381127/1000000000000
7082 1102810831913/1000000000000
7084 1092624779253/1000000000000
7086 224789979597/200000000000
7088 104772820309/100000000000
7090 207116081449/200000000000
7092 263909698871/250000000000
7094 209761521449/200000000000
7096 108571051589/100000000000
7098 510112849089/500000000000
7100 1051042726973/1000000000000
7102 1028560972369/1000000000000
7104 262192637551/250000000000
7106 25837303047/25000000000
7108 829009277/800000000
7110 210656793121/200000000000
7112 1037869583129/1000000000000
7114 137553696509/125000000000
7116 559554573231/500000000000
7118 526997779163/500000000000
7120 5347088769/5000000000
7122 136749994343/125000000000
7128 507721226103/500000000000
7130 509604130913/500000000000
7136 1036326315039/1000000000000
7138 529806324457/500000000000
7140 262130405511/250000000000
7142 521526733621/500000000000
7144 261904557581/250000000000
7146 1031485222113/1000000000000
7148 1089224762729/1000000000000
7150 217017614299/200000000000
7152 53388784237/50000000000
7154 1028885217043/1000000000000
7156 525241963829/500000000000
7172 605100311691/500000000000
7174 241023728823/200000000000
7176 614549522067/500000000000
7178 61270645651/50000000000
7180 603185487669/500000000000
7182 151024120673/125000000000
7184 122097286699/100000000000
7186 153410371411/125000000000
7188 1213164179441/1000000000000
7190 210610625361/200000000000
7192 1069423511143/1000000000000
7194 205883568143/200000000000
7196 51324824931/50000000000
7198 1055391372931/1000000000000
7200 1050054882507/1000000000000
7202 109171235877/100000000000
7204 1099105030819/1000000000000
7206 1034713907229/1000000000000
7208 532292542003/500000000000
7210 1030841490273/1000000000000
7212 1023798292733/1000000000000
7214 259243460643/250000000000
7216 512782718157/500000000000
7218 529106353883/500000000000
7220 253982390357/250000000000
7222 1027376076373/1000000000000
7224 101454420923/100000000000
7226 62600369523/62500000000
7228 1014530920883/1000000000000
7230 1003598804783/1000000000000
7232 1003251716391/1000000000000
7234 1034489202107/1000000000000
7236 1004233087213/1000000000000
7238 41496033667/40000000000
7240 524812637719/500000000000
7242 517019198133/500000000000
7244 1056616659797/1000000000000
7246 52237571783/50000000000
7248 51914405257/50000000000
7250 1054936842143/1000000000000
7252 509182707369/500000000000
7254 1000446406589/1000000000000
7256 511106492523/500000000000
7258 1003999150033/1000000000000
7260 505378492671/500000000000
7262 210171258173/200000000000
7264 256400253999/250000000000
7266 538437020177/500000000000
7268 63505513077/62500000000
7270 253369963479/250000000000
7272 510090338759/500000000000
7274 507826907903/500000000000
7276 253776742981/250000000000
7278 500323007133/500000000000
7280 1022998031377/1000000000000
7282 126238431429/125000000000
7284 503295331163/500000000000
7286 1000322379719/1000000000000
7288 1004920013947/1000000000000
7290 1000274836687/1000000000000
7292 12541079569/12500000000
7294 1017440550709/1000000000000
7296 501964740549/500000000000
7298 63943999783/62500000000
7300 255172365027/250000000000
7302 1629624961/1600000000
7304 513534199391/500000000000
7306 203763892813/200000000000
7308 205546880383/200000000000
7310 1006213346231/1000000000000
7312 256118171007/250000000000
7314 1012695999789/1000000000000
7316 505344462007/500000000000
7318 1000839229397/1000000000000
7320 1010959850883/1000000000000
7322 50013810287/50000000000
7324 15651710029/15625000000
7326 1021676408979/1000000000000
7328 100322361423/100000000000
7330 103661133731/100000000000
7336 1011749204271/1000000000000
7338 125852521697/125000000000
7344 200551398683/200000000000
7346 1006723318293/1000000000000
7352 502707087173/500000000000
7354 200398594319/200000000000
7360 506385661193/500000000000
7362 127505482227/125000000000
7364 253591172631/250000000000
7366 1008747427041/1000000000000
7368 63562753727/62500000000
7370 1009440311599/1000000000000
7372 1008142129671/1000000000000
7374 1000089073973/1000000000000
7376 1011050891973/1000000000000
7378 31259258001/31250000000
7380 1005706610473/1000000000000
7382 500977018897/500000000000
7384 1005316477241/1000000000000
7386 500070369269/500000000000
7388 40271995551/40000000000
7390 41109562217/40000000000
7392 1002380742391/1000000000000
7394 510895011747/500000000000
7456 228537357663/200000000000
7458 1174528766509/1000000000000
7460 2329024737/1953125000
7462 73939943933/62500000000
7464 1199918353749/1000000000000
7466 238515436429/200000000000
7468 1206805720963/1000000000000
7470 1125162833617/1000000000000
7472 106522327809/100000000000
7474 1032032142263/1000000000000
7476 3274830697/3125000000
7478 284170499901/250000000000
7480 1082176082837/1000000000000
7482 534121286883/500000000000
7484 16705738267/15625000000
7486 1060879983003/1000000000000
7488 1041221403179/1000000000000
7490 32461067/32000000
7492 1038476251767/1000000000000
7494 1011603597317/1000000000000
7496 1049534439677/1000000000000
7498 527080867307/500000000000
7500 1050713609411/1000000000000
7502 533319690947/500000000000
7504 1037510904469/1000000000000
7506 104636440837/100000000000
7508 6489544151/6250000000
7510 1019930628079/1000000000000
7512 51645281413/50000000000
7514 64340166989/62500000000
7516 67621896713/62500000000
7518 218666902051/200000000000
7520 269217504739/250000000000
7522 105266542339/100000000000
7524 132242497539/125000000000
7526 527287511811/500000000000
7528 511557751327/500000000000
7530 1053752464227/1000000000000
7532 202927551551/200000000000
7534 204606318961/200000000000
7536 100670153749/100000000000
7538 514741234539/500000000000
7540 505398689299/500000000000
7542 1096158614947/1000000000000
7544 538725929739/500000000000
7546 1092728915631/1000000000000
7548 214351552219/200000000000
7550 1050426859281/1000000000000
7552 1016505670037/1000000000000
7554 261982384669/250000000000
7556 127405221393/125000000000
7558 32267280301/31250000000
7560 202699178909/200000000000
7562 104729023043/100000000000
7564 507484943361/500000000000
7566 1055131481933/1000000000000
7568 524532990447/500000000000
7570 531661957959/500000000000
7572 1045432964597/1000000000000
7574 211551336117/200000000000
7576 523665659311/500000000000
7578 53121400771/50000000000
7580 208173480903/200000000000
7582 256995143971/250000000000
7584 1040334268803/1000000000000
7586 512278344041/500000000000
7588 542265653939/500000000000
7590 266637039539/250000000000
7592 129682081917/125000000000
7594 52166237883/50000000000
7596 131699469971/125000000000
7598 1034431735479/1000000000000
7600 263463357769/250000000000
7602 51926864577/50000000000
7604 1019721635919/1000000000000
7606 1035095819109/1000000000000
7608 101357546093/100000000000
7610 1074287810987/1000000000000
7612 1045373829643/1000000000000
7614 1045914810639/1000000000000
7616 1049903344963/1000000000000
7618 130417284289/125000000000
7620 212254496283/200000000000
7622 212789985321/200000000000
7624 1044719137761/1000000000000
7626 1033492242689/1000000000000
7628 104468699731/100000000000
7630 51617060811/50000000000
7632 107476923079/100000000000
7634 526972967767/500000000000
7636 32625276491/31250000000
7638 1055830143503/1000000000000
7640 1053149313813/1000000000000
7642 212333827411/200000000000
7644 212158008543/200000000000
7646 523204787373/500000000000
7648 206571629453/200000000000
7650 520658655513/500000000000
7652 1027216432147/1000000000000
7660 211394807777/200000000000
7662 41927344623/40000000000
7668 267739433381/250000000000
7674 206394876459/200000000000
7676 257994143617/250000000000
7678 133958037331/125000000000
7680 1020034688289/1000000000000
7682 202913734893/200000000000
7684 319619383/312500000
7686 8138742191/8000000000
7688 1074594408109/1000000000000
7690 1059537776999/1000000000000
7692 1045561367707/1000000000000
7694 202789753557/200000000000
7696 1008715754711/1000000000000
7698 505861863053/500000000000
7700 1006746148791/1000000000000
7752 502231187467/500000000000
7754 1004308180627/1000000000000
7756 1007119344469/1000000000000
7758 252034747267/250000000000
7760 539389263361/500000000000
7762 212673263357/200000000000
7764 1020501728323/1000000000000
7766 1116885216379/1000000000000
7768 254652100219/250000000000
7770 1013570393369/1000000000000
7772 1031035270449/1000000000000
7774 528486581111/500000000000
7776 541395144911/500000000000
7778 223307642361/200000000000
7780 286006727459/250000000000
7782 1131982635483/1000000000000
7784 255339618529/250000000000
7786 1041814579793/1000000000000
7788 1018677251513/1000000000000
7790 519211840911/500000000000
7792 3154626683/3125000000
7794 1043972196333/1000000000000
7796 1009544557373/1000000000000
7798 1025775081717/1000000000000
7800 1044400663629/1000000000000
7802 104017940977/100000000000
7804 1033599240911/1000000000000
7806 258046151877/250000000000
7808 1029367097421/1000000000000
7810 1028720967073/1000000000000
7812 511959074873/500000000000
7814 25744439759/25000000000
7816 126441456861/125000000000
7818 256461546863/250000000000
7820 100908797577/100000000000
7822 1020593856393/1000000000000
7824 200803818171/200000000000
7826 203033599197/200000000000
7828 1006094829319/1000000000000
7830 251355767111/250000000000
7832 16029431727/15625000000
7834 207790869517/200000000000
7836 255393534007/250000000000
7838 1098797516553/1000000000000
7840 1023801326721/1000000000000
7842 101050837039/100000000000
7844 530653081909/500000000000
7846 1093194625249/1000000000000
7848 1043880102303/1000000000000
7850 543549790753/500000000000
7852 1066475246139/1000000000000
7854 541717600123/500000000000
7856 527837581379/500000000000
7858 1073088007841/1000000000000
7860 274771682827/250000000000
7862 529971861849/500000000000
7864 271213173699/250000000000
7866 263954878731/250000000000
7868 104944833969/100000000000
7870 1019092358869/1000000000000
7872 129491083381/125000000000
7874 509363909703/500000000000
7876 1038489149771/1000000000000
7878 43226519731/40000000000
7880 25831707381/25000000000
7882 535197537787/500000000000
7884 1043838892429/1000000000000
7886 1065110993667/1000000000000
7888 1033872457889/1000000000000
7890 264388905753/250000000000
7892 10743157391/10000000000
7894 41853065861/40000000000
7896 1058262882303/1000000000000
7898 6514206557/6250000000
7900 1035933621521/1000000000000
7902 509082746833/500000000000
7904 25847511109/25000000000
7906 512691314337/500000000000
7908 553855488419/500000000000
7910 109679964963/100000000000
7912 551691755483/500000000000
7914 530913920563/500000000000
7916 217554507447/200000000000
7918 69314677839/62500000000
7920 134485010011/125000000000
7922 1093304063583/1000000000000
7924 543531967191/500000000000
7926 1108060320171/1000000000000
7928 269005193879/250000000000
7930 1088884835231/1000000000000
7932 271718961703/250000000000
7934 543612486669/500000000000
7936 1076417101771/1000000000000
7938 522406308679/500000000000
7940 33188093071/31250000000
7942 514841252363/500000000000
7944 533407034903/500000000000
7946 1018437217809/1000000000000
7948 1024877675763/1000000000000
7950 1091747560761/1000000000000
7952 1005364424199/1000000000000
7954 253779145887/250000000000
7956 502170560539/500000000000
7958 1007244194081/1000000000000
7960 204099830997/200000000000
7962 1158817539239/1000000000000
7964 570104839829/500000000000
7966 211359975957/200000000000
7968 1005560552139/1000000000000
7970 251376522031/250000000000
7972 1003917802069/1000000000000
7974 212768157327/200000000000
7976 282189189901/250000000000
7978 1123308593253/1000000000000
7980 1009452944201/1000000000000
7982 1011350919643/1000000000000
7984 101170127679/100000000000
7986 507573235377/500000000000
7988 204294640237/200000000000
7990 519015563463/500000000000
7992 1013962119993/1000000000000
7994 51368160419/50000000000
7996 209450511907/200000000000
7998 1033684191979/1000000000000
8000 257822870361/250000000000
8002 1063475385677/1000000000000
8004 1042989721577/1000000000000
8006 516599721799/500000000000
8008 1032957310989/1000000000000
8010 1020193935279/1000000000000
8012 1021805414641/1000000000000
8014 1057807147219/1000000000000
8016 1110507599657/1000000000000
8018 50603336057/50000000000
8020 1023998818453/1000000000000
8022 251082986569/250000000000
8024 1013224887273/1000000000000
8026 262327011461/250000000000
8028 129032430609/125000000000
8030 512490569203/500000000000
8032 129024688727/125000000000
8034 1015276291381/1000000000000
8036 129863970637/125000000000
8038 524584316647/500000000000
8040 1032645812199/1000000000000
8042 517582353137/500000000000
8044 1023757494979/1000000000000
8046 1059269689639/1000000000000
8048 535268476191/500000000000
8050 527257623289/500000000000
8052 33001168797/31250000000
8054 524125194043/500000000000
8056 211547834231/200000000000
8058 206489598843/200000000000
8060 1054214523217/1000000000000
8062 69049640871/62500000000
8064 559291734987/500000000000
8066 1093905203089/1000000000000
8068 54791178951/50000000000
8070 20394434193/20000000000
8072 203883328227/200000000000
8074 1017060285043/1000000000000
8076 508109380597/500000000000
8078 260975315077/250000000000
8080 262605480199/250000000000
8082 1035333779587/1000000000000
8084 261091048667/250000000000
8086 1030912114911/1000000000000
8088 529762495623/500000000000
8090 1030209910911/1000000000000
8092 1054118883171/1000000000000
8094 1091379309729/1000000000000
8096 537308394929/500000000000
8098 1083275342549/1000000000000
8100 1061153282909/1000000000000
8102 1077068025337/1000000000000
8104 542394245463/500000000000
8106 265729323077/250000000000
8108 1074181268617/1000000000000
8110 553314290557/500000000000
8112 1093748652229/1000000000000
8114 222518726581/200000000000
8116 1094373528353/1000000000000
8118 555332983779/500000000000
8120 1103118776117/1000000000000
8122 277958695199/250000000000
8124 67781668021/62500000000
8126 543210895081/500000000000
8128 1067921555823/1000000000000
8130 1075045541789/1000000000000
8132 1081864707473/1000000000000
8134 274846713489/250000000000
8136 13264594723/12500000000
8138 1089771039969/1000000000000
8140 548420269319/500000000000
8142 276128196291/250000000000
8144 545364889719/500000000000
8146 272739145467/250000000000
8148 1122030050083/1000000000000
8150 551029493771/500000000000
8152 1111005069307/1000000000000
8154 1114564057217/1000000000000
8156 560529455167/500000000000
8158 1130011417161/1000000000000
8160 223360021377/200000000000
8162 549129951179/500000000000
8164 222141322019/200000000000
8166 135668829253/125000000000
8168 1096941305069/1000000000000
8170 1112069669163/1000000000000
8172 111364726613/100000000000
8174 1132680640013/1000000000000
8176 112263190629/100000000000
8178 569165727559/500000000000
8180 1117004636363/1000000000000
8182 1141564941357/1000000000000
8186 138727542223/125000000000
8188 111022635961/100000000000
8190 558272338477/500000000000
8210 1109520034047/1000000000000
8212 1132386455807/1000000000000
8214 546254269199/500000000000
8216 55500222179/50000000000
8218 141833269573/125000000000
8220 55169461643/50000000000
8222 215860222189/200000000000
8224 516413934509/500000000000
8226 268537965719/250000000000
8228 204023003127/200000000000
8230 128442756041/125000000000
8232 1095974001779/1000000000000
8234 224388978721/200000000000
8236 1144563729331/1000000000000
8238 1126256050207/1000000000000
8240 141887493947/125000000000
8242 1049248429059/1000000000000
8244 254793371659/250000000000
8246 509628518177/500000000000
8248 1015763018011/1000000000000
8250 511284966279/500000000000
8252 1023629537321/1000000000000
8254 1051996569567/1000000000000
8256 127808746967/125000000000
8258 1087557914487/1000000000000
8260 1030109763613/1000000000000
8262 512716929313/500000000000
8264 130764193301/125000000000
8266 543429824489/500000000000
8268 4241182373/4000000000
8270 267200540001/250000000000
8272 541538230433/500000000000
8274 207121195997/200000000000
8276 517903094247/500000000000
8278 64366072797/62500000000
8280 1033369042917/1000000000000
8282 1055240461249/1000000000000
8284 107020488061/100000000000
8286 1045581301369/1000000000000
8288 66045402763/62500000000
8290 1041113135689/1000000000000
8292 1075289465293/1000000000000
8294 1060103791789/1000000000000
8296 269848037297/250000000000
8298 1086174840777/1000000000000
8300 1062992586743/1000000000000
8302 1076494015143/1000000000000
8304 1026922026813/1000000000000
8306 10349602649/10000000000
8308 1025508382361/1000000000000
8310 1024200799147/1000000000000
8312 513663945321/500000000000
8314 1016231059781/1000000000000
8316 126707405367/125000000000
8318 260650284769/250000000000
8320 1047462276549/1000000000000
8322 1042733459423/1000000000000
8324 132678991529/125000000000
8326 1032086752401/1000000000000
8328 8197551953/7812500000
8330 520126109313/500000000000
8332 259224766551/250000000000
8334 518467339379/500000000000
8336 516755148403/500000000000
8338 135757277327/125000000000
8340 33874535289/31250000000
8342 542670346237/500000000000
8344 543845396103/500000000000
8346 258764787969/250000000000
8348 32681649969/31250000000
8350 1037644094463/1000000000000
8352 1048050055337/1000000000000
8354 544804819549/500000000000
8356 1090037192907/1000000000000
8358 107984812333/100000000000
8360 544223414243/500000000000
8362 258669370007/250000000000
8364 258332884583/250000000000
8366 1032159288241/1000000000000
8368 103358772177/100000000000
8370 540613556791/500000000000
8372 1078323114851/1000000000000
8374 67118425213/62500000000
8376 268613378517/250000000000
8378 519985990761/500000000000
8380 130755153373/125000000000
8382 1036096533139/1000000000000
8384 262857982661/250000000000
8386 1081750818761/1000000000000
8388 546581338227/500000000000
8390 216901134019/200000000000
8392 545931082729/500000000000
8394 1030567909673/1000000000000
8396 513639825829/500000000000
8398 1036454385051/1000000000000
8400 103201342819/100000000000
8402 1086551784291/1000000000000
8404 13706103003/12500000000
8406 1090349983367/1000000000000
8408 1096881885501/1000000000000
8410 1029525756887/1000000000000
8412 1035218634751/1000000000000
8414 519361922771/500000000000
8416 207913233587/200000000000
8418 269949930783/250000000000
8420 540852139509/500000000000
8422 1087647149841/1000000000000
8424 542719181349/500000000000
8426 103675823873/100000000000
8428 25931871677/25000000000
8430 104155481917/100000000000
8432 1036971658269/1000000000000
8434 270224221693/250000000000
8436 108853259973/100000000000
8438 217726981689/200000000000
8440 1084597176937/1000000000000
8442 516727577279/500000000000
8444 1036230562507/1000000000000
8446 1033377277037/1000000000000
8448 1042149246883/1000000000000
8450 136465812493/125000000000
8452 272252862719/250000000000
8454 545871770347/500000000000
8456 546340800577/500000000000
8462 3188754419/3125000000
8464 519084193597/500000000000
8470 543413346989/500000000000
8472 1084536273501/1000000000000
8478 206104085507/200000000000
8480 513862036133/500000000000
8486 269746696927/250000000000
8488 1076319153477/1000000000000
8490 513844018737/500000000000
8492 1028467716619/1000000000000
8494 12881215909/12500000000
8496 1026887984899/1000000000000
8498 272525745261/250000000000
8500 272081099151/250000000000
8502 1095076821413/1000000000000
8504 68230964931/62500000000
8506 41302399183/40000000000
8508 258393101223/250000000000
8510 520740511369/500000000000
8512 1035186101057/1000000000000
8514 1089824187013/1000000000000
8516 539675658523/500000000000
8518 1085060943131/1000000000000
8520 26978799363/25000000000
8586 553238204517/500000000000
8588 1134467315253/1000000000000
8590 68178717247/62500000000
8592 1114751713083/1000000000000
8594 17730268217/15625000000
8596 21912405933/20000000000
8598 1086484962773/1000000000000
8600 263968754611/250000000000
8602 536768776093/500000000000
8604 1038049532707/1000000000000
8606 1106071456567/1000000000000
8608 565769638739/500000000000
8610 1116972772407/1000000000000
8612 1138331354847/1000000000000
8614 1069091182769/1000000000000
8616 1031158542199/1000000000000
8618 206005473273/200000000000
8620 1034792740267/1000000000000
8622 261537726973/250000000000
8624 1039559318429/1000000000000
8626 131456958049/125000000000
8628 1079642399641/1000000000000
8630 210221229439/200000000000
8632 134144884927/125000000000
8634 1040218860249/1000000000000
8636 1067611247433/1000000000000
8638 210309789763/200000000000
8640 1035552298513/1000000000000
8642 251795209957/250000000000
8644 251887612747/250000000000
8646 1010172745271/1000000000000
8648 1013075699431/1000000000000
8650 1061927868863/1000000000000
8652 26891764429/25000000000
8654 251868666791/250000000000
8656 201755019553/200000000000
8658 1006032863241/1000000000000
8660 253839395123/250000000000
8662 526551240119/500000000000
8664 1025121507651/1000000000000
8666 25701473241/25000000000
8668 1036544620247/1000000000000
8670 519317181301/500000000000
8672 1039322413271/1000000000000
8674 26532306841/25000000000
8676 1049452676459/1000000000000
8678 1028121186189/1000000000000
8684 127199758281/125000000000
8686 254884298649/250000000000
8692 250442371249/250000000000
8694 1000024148643/1000000000000
8700 1021681738757/1000000000000
8706 1003630689659/1000000000000
8708 101425839417/100000000000
8710 516917519503/500000000000
8712 1042456328657/1000000000000
8714 1035859488831/1000000000000
8716 1051170749659/1000000000000
8718 252580187143/250000000000
8720 1006000211009/1000000000000
8722 101102203631/100000000000
8724 1012416355757/1000000000000
8726 1057408129751/1000000000000
8728 1046459279697/1000000000000
8730 258985395151/250000000000
8732 50561940879/50000000000
8734 127437906243/125000000000
8736 1011922815093/1000000000000
8738 510354748359/500000000000
8804 134930205941/125000000000
8806 563810893047/500000000000
8808 1071939307331/1000000000000
8810 215586889159/200000000000
8812 1134456252807/1000000000000
8814 27059404691/25000000000
8816 1058159175753/1000000000000
8818 1044443507989/1000000000000
8820 107288307801/100000000000
8822 525193130783/500000000000
8824 554641698237/500000000000
8826 553702484323/500000000000
8828 1076929022169/1000000000000
8830 56494670047/50000000000
8832 1103111212423/1000000000000
8834 1108082263951/1000000000000
8836 565732804271/500000000000
8842 1068668347037/1000000000000
8844 134034302113/125000000000
8862 268942644677/250000000000
8864 530689125911/500000000000
8866 267920854897/250000000000
8868 224539565607/200000000000
8870 1067227924301/1000000000000
8872 1129770465453/1000000000000
8874 52999805869/50000000000
8876 531719535463/500000000000
8878 265807621023/250000000000
8880 262571049381/250000000000
8882 67230950621/62500000000
8884 1062868908147/1000000000000
8886 42748304459/40000000000
8888 142635692989/125000000000
8890 1075021087721/1000000000000
8892 67285719541/62500000000
8894 1119849715711/1000000000000
8896 107800325649/100000000000
8898 535053147577/500000000000
8900 1075810745187/1000000000000
8902 260743574157/250000000000
8904 526268558931/500000000000
8906 108859418051/100000000000
8908 272865035433/250000000000
8910 1067049658707/1000000000000
8912 53725909857/50000000000
8914 129445248921/125000000000
8916 511962883163/500000000000
8918 1039512070931/1000000000000
8920 32735950107/31250000000
8922 105077873891/100000000000
8924 555841656913/500000000000
8926 1061589382007/1000000000000
8928 1130586352449/1000000000000
8930 266308099117/250000000000
8932 1048580854321/1000000000000
8934 201768375341/200000000000
8936 263288963287/250000000000
8938 1004152206807/1000000000000
8940 531257297451/500000000000
8942 267854209597/250000000000
8944 1070211114701/1000000000000
8946 205711336167/200000000000
8948 202027107633/200000000000
8950 538666719621/500000000000
8952 519785567793/500000000000
8954 126283773913/125000000000
8956 212728633961/200000000000
8958 1039906701369/1000000000000
8960 529587255773/500000000000
8962 1065404205933/1000000000000
8964 1038908499021/1000000000000
8966 266926776879/250000000000
8968 1033651617727/1000000000000
8970 66286335561/62500000000
8972 8517731563/8000000000
8974 1068815618269/1000000000000
8976 209630897931/200000000000
8978 524097141933/500000000000
8980 65288356103/62500000000
8982 264895638599/250000000000
8984 213957181867/200000000000
8986 10735993463/10000000000
8988 256366777727/250000000000
8990 133149454893/125000000000
8992 51425875723/50000000000
8994 214476468537/200000000000
8996 16742040397/15625000000
8998 1040350258281/1000000000000
9000 1060729852009/1000000000000
9002 531045467549/500000000000
9004 8143777611/7812500000
9006 65658428579/62500000000
9008 1047655498001/1000000000000
9010 1054581247983/1000000000000
9012 534885285217/500000000000
9014 1047165615009/1000000000000
9016 269128967451/250000000000
9018 1054334874859/1000000000000
9020 1115909059/1000000000
9022 1057070412501/1000000000000
9024 211566273277/200000000000
9026 44941936317/40000000000
9028 1058381682443/1000000000000
9030 2630785907/2500000000
9032 264124808757/250000000000
9034 264320470171/250000000000
9036 212467436353/200000000000
9038 129762269767/125000000000
9040 129780796213/125000000000
9042 1038961363637/1000000000000
9044 1042473933879/1000000000000
9046 1030891774477/1000000000000
9048 529831705219/500000000000
9050 517807227801/500000000000
9052 537806147343/500000000000
9054 16377319657/15625000000
9056 1055844410257/1000000000000
9058 1048776717767/1000000000000
9060 42690642217/40000000000
9062 1043526910741/1000000000000
9064 1085332654937/1000000000000
9066 1050263480051/1000000000000
9068 279663483417/250000000000
9070 103427901023/100000000000
9072 1036287872311/1000000000000
9074 1023895385451/1000000000000
9076 517732934011/500000000000
9078 1012818060863/1000000000000
9080 263573093787/250000000000
9082 201905446957/200000000000
9084 212028800939/200000000000
9086 5425590597/5000000000
9088 1027140462113/1000000000000
9090 518955028881/500000000000
9092 514826112147/500000000000
9094 1042730719907/1000000000000
9096 1012518950397/1000000000000
9098 132398074131/125000000000
9100 1012099720217/1000000000000
9102 265828682013/250000000000
9104 1065336301837/1000000000000
9106 66229234477/62500000000
9108 1058500277399/1000000000000
9110 264018962183/250000000000
9112 505869383923/500000000000
9114 1037414444883/1000000000000
9116 507803728669/500000000000
9118 1031410687089/1000000000000
9120 107003937193/100000000000
9122 271807976271/250000000000
9124 64377844361/62500000000
9126 517500344007/500000000000
9128 128233153331/125000000000
9130 1034406610099/1000000000000
9132 501621777121/500000000000
9134 1042958488309/1000000000000
9136 100798802377/100000000000
9138 131213465851/125000000000
9140 134312464809/125000000000
9142 1038045303919/1000000000000
9144 1049464185383/1000000000000
9146 525808544863/500000000000
9148 1057447227709/1000000000000
9150 1046923739073/1000000000000
9152 33716840581/31250000000
9154 6471358609/6250000000
9156 42922197333/40000000000
9158 1082851518039/1000000000000
9160 53318100967/50000000000
9162 1088853603769/1000000000000
9164 1045867728177/1000000000000
9166 528054461983/500000000000
9168 264677334347/250000000000
9170 32184259213/31250000000
9172 213290919607/200000000000
9174 1022382677393/1000000000000
9176 1050727401813/1000000000000
9178 1075887323057/1000000000000
9180 1026174027729/1000000000000
9182 207363419561/200000000000
9184 1021994013203/1000000000000
9186 41481358067/40000000000
9188 517161143911/500000000000
9190 207179413437/200000000000
9192 2044470469/1953125000
9194 1047623294919/1000000000000
9196 207109621999/200000000000
9198 20748351009/20000000000
9200 209294770867/200000000000
9202 257140190971/250000000000
9204 132224156279/125000000000
9206 538377777987/500000000000
9208 1065382779527/1000000000000
9210 1036891346357/1000000000000
9212 528138169723/500000000000
9214 1038259887097/1000000000000
9216 527891533781/500000000000
9218 263575712477/250000000000
9220 53001885567/50000000000
9222 1062172125077/1000000000000
9224 1072018288261/1000000000000
9226 264459081531/250000000000
9228 1056221345497/1000000000000
9230 1077063238561/1000000000000
9232 1059813832439/1000000000000
9234 268074669759/250000000000
9236 107750487609/100000000000
9242 1007853972209/1000000000000
9244 506720737939/500000000000
9248 507739201877/500000000000
9250 518743380493/500000000000
9254 1052488529267/1000000000000
9256 128055464823/125000000000
9258 12872415121/12500000000
9260 205325200487/200000000000
9262 258695323663/250000000000
9264 203706551483/200000000000
9266 129152934703/125000000000
9268 1022080222519/1000000000000
9270 1026277368499/1000000000000
9272 510709064003/500000000000
9274 522616663777/500000000000
9276 1035286170579/1000000000000
9278 1063398204187/1000000000000
9280 271155834141/250000000000
9282 270145497107/250000000000
9306 260280170143/250000000000
9308 1057051350913/1000000000000
9310 518435800373/500000000000
9312 1072824656841/1000000000000
9314 1040777117819/1000000000000
9316 10577051427/10000000000
9318 6585320549/6250000000
9320 224036380401/200000000000
9322 258423435223/250000000000
9324 25935473191/25000000000
9326 1050314625861/1000000000000
9328 8392189507/8000000000
9330 1056675131761/1000000000000
9332 1059356220573/1000000000000
9334 1058478920137/1000000000000
9336 1034103073337/1000000000000
9338 515480453153/500000000000
9340 1034477613011/1000000000000
9342 103209131373/100000000000
9344 1066184744351/1000000000000
9346 1072017455747/1000000000000
9348 135856473803/125000000000
9350 263337834319/250000000000
9352 10533313603/10000000000
9354 1046603586953/1000000000000
9356 1057305762837/1000000000000
9358 129520497107/125000000000
9360 1036217060953/1000000000000
9362 515388879333/500000000000
9364 1040309181613/1000000000000
9366 529783534623/500000000000
9368 132048865247/125000000000
9370 212192962321/200000000000
9372 526672904417/500000000000
9374 522519253771/500000000000
9376 41654909943/40000000000
9378 532653290163/500000000000
9380 211710672653/200000000000
9382 213733406509/200000000000
9384 212601371193/200000000000
9386 213460704793/200000000000
9388 1054312954797/1000000000000
9390 214060694183/200000000000
9392 16512253301/15625000000
9394 1045474005071/1000000000000
9396 26203736963/25000000000
9398 1043855546913/1000000000000
9400 41549997713/40000000000
9402 1060010977927/1000000000000
9404 212241432367/200000000000
9406 6665168087/6250000000
9408 1040302387387/1000000000000
9410 1047447368231/1000000000000
9412 1058094597953/1000000000000
9414 528308575407/500000000000
9416 1062137551413/1000000000000
9418 262898700203/250000000000
9420 1060510074801/1000000000000
9422 104824707229/100000000000
9424 522075745537/500000000000
9426 516215158189/500000000000
9428 1045194136659/1000000000000
9430 207876373177/200000000000
9432 1053333328273/1000000000000
9434 1054473191499/1000000000000
9436 266477495269/250000000000
9438 1044731196707/1000000000000
9440 1054891181003/1000000000000
9442 532002448611/500000000000
9444 1045371875453/1000000000000
9446 211816596393/200000000000
9448 522155523703/500000000000
9450 514592340337/500000000000
9452 261510761819/250000000000
9454 1044401865643/1000000000000
9456 8277368937/7812500000
9458 1061983172309/1000000000000
9460 514698978767/500000000000
9462 1022425530737/1000000000000
9464 1036728966749/1000000000000
9466 1018755431837/1000000000000
9468 25701680309/25000000000
9470 64530087449/62500000000
9472 128163188737/125000000000
9474 103275748269/100000000000
9476 102212922883/100000000000
9478 202570303509/200000000000
9480 1019121858899/1000000000000
9482 1019248971189/1000000000000
9484 1025703825269/1000000000000
9486 128718869793/125000000000
9488 20652281701/20000000000
9490 1036614707243/1000000000000
9492 1033905895139/1000000000000
9494 516721557499/500000000000
9496 1039105223657/1000000000000
9498 260086402673/250000000000
9500 1050358270523/1000000000000
9502 260422899181/250000000000
9504 1050671265281/1000000000000
9506 261162095401/250000000000
9508 64625562423/62500000000
9510 256871508353/250000000000
9512 259585401253/250000000000
9514 102875955519/100000000000
9516 51928908957/50000000000
9518 207627793341/200000000000
9520 1050646791969/1000000000000
9522 1024903191667/1000000000000
9524 1029517714711/1000000000000
9526 204870759427/200000000000
9528 512193100659/500000000000
9530 127924100227/125000000000
9532 1026193410537/1000000000000
9534 127853858769/125000000000
9536 1030984411703/1000000000000
9538 101845637509/100000000000
9540 101758081217/100000000000
9542 126864775281/125000000000
9544 127120889267/125000000000
9546 519670011809/500000000000
9548 508838289937/500000000000
9550 1038065160193/1000000000000
9552 1024929613243/1000000000000
9554 205702473083/200000000000
9556 32140255933/31250000000
9558 64343150789/62500000000
9560 128824717449/125000000000
9562 517150058879/500000000000
9564 1029253283717/1000000000000
9566 1046337914773/1000000000000
9568 256381246553/250000000000
9570 204670188089/200000000000
9572 15968235103/15625000000
9574 204087883273/200000000000
9576 10184851999/10000000000
9578 514406868279/500000000000
9580 261107912893/250000000000
9582 1024713070489/1000000000000
9584 529651842363/500000000000
9590 51759317399/50000000000
9592 1018692005031/1000000000000
9598 63601440437/62500000000
9600 6435444063/6250000000
9606 1013472508053/1000000000000
9608 12908171989/12500000000
9614 509114381383/500000000000
9616 1016441378847/1000000000000
9618 1034449658513/1000000000000
9620 40603574779/40000000000
9622 205775493553/200000000000
9624 256534846669/250000000000
9626 64041692671/62500000000
9628 41132852723/40000000000
9630 64421305381/62500000000
9632 256760006073/250000000000
9634 1016189935351/1000000000000
9636 1026711322667/1000000000000
9638 254345996003/250000000000
9640 1020586274381/1000000000000
9642 1026248897983/1000000000000
9644 253856680413/250000000000
9646 51363839843/50000000000
9648 1017241902727/1000000000000
9710 513388308769/500000000000
9712 207508123641/200000000000
9714 254995017983/250000000000
9716 1036144591613/1000000000000
9718 1042495265539/1000000000000
9720 529410713273/500000000000
9722 12941040897/12500000000
9724 32979580521/31250000000
9726 31711363811/31250000000
9728 1055359467893/1000000000000
9730 1024459815459/1000000000000
9732 518994178949/500000000000
9734 1304135651/1250000000
9736 16312650979/15625000000
9738 524748225603/500000000000
9740 1047024433539/1000000000000
9742 522515941183/500000000000
9744 1065585139387/1000000000000
9746 265132496847/250000000000
9748 1064221287801/1000000000000
9750 506024556233/500000000000
9752 1012327510669/1000000000000
9754 4090584013/4000000000
9756 259456707007/250000000000
9758 265187721517/250000000000
9760 523906376437/500000000000
9762 130324256647/125000000000
9764 1038354394587/1000000000000
9766 258987446717/250000000000
9768 133058625251/125000000000
9770 1058165145993/1000000000000
9772 263813444797/250000000000
9774 1059508303447/1000000000000
9776 104831310961/100000000000
9778 52370090373/50000000000
9780 26652114413/25000000000
9782 1081297451547/1000000000000
9784 1038797405141/1000000000000
9786 1020548074963/1000000000000
9788 518601302997/500000000000
9790 513688434247/500000000000
9792 105403061491/100000000000
9794 525325196399/500000000000
9796 1035528858133/1000000000000
9798 509525469743/500000000000
9800 40636322759/40000000000
9802 1017196341511/1000000000000
9804 504629265303/500000000000
9806 1023414158651/1000000000000
9808 511587397659/500000000000
9810 1027828200119/1000000000000
9812 80680233/78125000
9814 1032889664201/1000000000000
9816 1024563148949/1000000000000
9818 514326339133/500000000000
9820 1024999104173/1000000000000
9822 42241066083/40000000000
9824 1060050343397/1000000000000
9826 1010286152349/1000000000000
9828 126972909067/125000000000
9830 1021521301193/1000000000000
9832 1031988324401/1000000000000
9834 1690813179/1600000000
9836 1051794336889/1000000000000
9838 524817872117/500000000000
9840 525296595797/500000000000
9842 524938439133/500000000000
9844 1038031474029/1000000000000
9846 259717389113/250000000000
9848 512713955103/500000000000
9850 520236424713/500000000000
9852 1033052096289/1000000000000
9854 207172954987/200000000000
9856 256804415973/250000000000
9858 103077049203/100000000000
9860 511569832939/500000000000
9862 63793599293/62500000000
9864 1010680310413/1000000000000
9866 257903658967/250000000000
9868 1015563131389/1000000000000
9870 262335635513/250000000000
9872 256857479751/250000000000
9874 52253996407/50000000000
9876 1021490382191/1000000000000
9878 520315615619/500000000000
9880 1029392676103/1000000000000
9882 1041230505931/1000000000000
9884 104080029647/100000000000
9886 256429067893/250000000000
9888 1020462489039/1000000000000
9890 1018522063571/1000000000000
9892 201424614053/200000000000
9894 519092246969/500000000000
9896 127649822431/125000000000
9898 1041106326721/1000000000000
9900 515724699281/500000000000
9902 1064800269347/1000000000000
9904 531271826519/500000000000
9906 530795035491/500000000000
9908 1064329241419/1000000000000
9910 1028424393587/1000000000000
9912 1022760662843/1000000000000
9914 515743473537/500000000000
9916 1018138590887/1000000000000
9918 1057325375713/1000000000000
9920 1051540591307/1000000000000
9922 526794432321/500000000000
9924 104196400701/100000000000
9926 507704039723/500000000000
9928 1020990649901/1000000000000
9930 254573846623/250000000000
9932 1018815558327/1000000000000
9934 1056574028767/1000000000000
9936 66140254289/62500000000
9938 52579922279/50000000000
9940 1061512827953/1000000000000
9942 517221887363/500000000000
9944 1023858624721/1000000000000
9946 259502428607/250000000000
9948 1022978439961/1000000000000
9950 524606851923/500000000000
9952 259178497121/250000000000
9954 522328982099/500000000000
9956 1038538460019/1000000000000
9958 203755850401/200000000000
9960 101832383489/100000000000
9962 1019577401683/1000000000000
9964 203098558031/200000000000
9966 106733891861/100000000000
9968 327576039/312500000
9970 527937717431/500000000000
9972 1042653482553/1000000000000
9974 1048994935061/1000000000000
9976 534311990803/500000000000
9978 534934478111/500000000000
9980 54248855483/50000000000
9982 528447290983/500000000000
9984 131652259767/125000000000
9986 1052446009217/1000000000000
9988 105826229243/100000000000
9990 266525287391/250000000000
9992 1064301958853/1000000000000
9994 1044652575659/1000000000000
9996 52128307831/50000000000
9998 522956986627/500000000000
10000 1042403141067/1000000000000
10002 1069920545953/1000000000000
10004 534767787941/500000000000
10006 1062381700621/1000000000000
10008 512883751837/500000000000
10010 510132303719/500000000000
10012 204109554129/200000000000
10014 203664363861/200000000000
10020 1055957255341/1000000000000
10022 265657637619/250000000000
10028 1082432280283/1000000000000
10030 13398215131/12500000000
10036 32520670049/31250000000
10038 1021841723557/1000000000000
10040 1055435837937/1000000000000
10042 1062734731423/1000000000000
10044 131664560431/125000000000
10046 105971915281/100000000000
10048 218185723929/200000000000
10050 1086754868741/1000000000000
10052 1091807264313/1000000000000
10054 1086733827661/1000000000000
10056 266141483693/250000000000
10058 1060282855201/1000000000000
10060 265783231189/250000000000
10062 526594441177/500000000000
10114 62977794161/62500000000
10116 125273330973/125000000000
10118 501422058609/500000000000
10120 1002443002327/1000000000000
10122 512302645781/500000000000
10124 257344993891/250000000000
10126 509775147449/500000000000
10128 518330301623/500000000000
10130 202765976551/200000000000
10132 1112933270977/1000000000000
10134 1089429134311/1000000000000
10136 1016232535167/1000000000000
10138 250018906741/250000000000
10140 1018211724313/1000000000000
10142 50540937993/50000000000
10144 101047159003/100000000000
10146 1034150751527/1000000000000
10148 1015565796993/1000000000000
10150 1101541370257/1000000000000
10152 1112819965437/1000000000000
10154 518442023949/500000000000
10156 1036444750537/1000000000000
10158 1024201338941/1000000000000
10160 1029319745777/1000000000000
10162 1029981528023/1000000000000
10164 1021941717057/1000000000000
10166 1017387085987/1000000000000
10168 1015009943277/1000000000000
10170 1032944441919/1000000000000
10172 1028538914249/1000000000000
10174 1028418251663/1000000000000
10176 1028184803983/1000000000000
10178 254412004377/250000000000
10180 1013714991157/1000000000000
10182 202921883663/200000000000
10184 253983547749/250000000000
10186 507608062539/500000000000
10188 512167697917/500000000000
10190 1014362929147/1000000000000
10192 1016393482169/1000000000000
10194 1003741537429/1000000000000
10196 125684155521/125000000000
10198 501919786493/500000000000
10200 1005576533141/1000000000000
10202 1024235132387/1000000000000
10204 1025446047889/1000000000000
10206 127306231463/125000000000
10208 1063728122351/1000000000000
10210 503946276939/500000000000
10212 41192115969/40000000000
10214 204655095463/200000000000
10216 1075433925133/1000000000000
10218 1079629988207/1000000000000
10220 106508840561/100000000000
10222 267047418627/250000000000
10224 531341086819/500000000000
10226 261264313163/250000000000
10228 1057586840069/1000000000000
10230 208128147019/200000000000
10232 211891819191/200000000000
10234 523127903589/500000000000
10236 263926427799/250000000000
10238 520926380699/500000000000
10240 515125480603/500000000000
10242 1026691848113/1000000000000
10244 513145091657/500000000000
10246 1016421160489/1000000000000
10248 526887640833/500000000000
10250 1055789218789/1000000000000
10252 523762007727/500000000000
10254 207970496797/200000000000
10256 1051389973693/1000000000000
10258 129827588039/125000000000
10260 103730591521/100000000000
10262 1034247890903/1000000000000
10264 1050603588277/1000000000000
10266 515026523711/500000000000
10268 1040563748633/1000000000000
10270 32183458961/31250000000
10272 1026205972349/1000000000000
10274 509311720817/500000000000
10276 254872632607/250000000000
10278 254668964257/250000000000
10280 218357323029/200000000000
10282 546226737737/500000000000
10284 43332352863/40000000000
10286 1076837796251/1000000000000
10288 1079976147491/1000000000000
10290 536012801029/500000000000
10292 33863029491/31250000000
10294 1073582368011/1000000000000
10296 535408984631/500000000000
10298 4236275773/4000000000
10300 1057931297261/1000000000000
10302 1043898273983/1000000000000
10304 522636866951/500000000000
10306 1039764289971/1000000000000
10308 1089455070041/1000000000000
10310 1089651869573/1000000000000
10312 540468644411/500000000000
10314 1082220387607/1000000000000
10316 533720707243/500000000000
10318 1054085520843/1000000000000
10320 213325187829/200000000000
10322 526218493491/500000000000
10324 536603989229/500000000000
10326 1055423352999/1000000000000
10328 531735491063/500000000000
10330 1050411178229/1000000000000
10332 518667158997/500000000000
10334 519298743629/500000000000
10336 1036165964873/1000000000000
10338 515862858161/500000000000
10340 552498545879/500000000000
10342 1093479093351/1000000000000
10344 548565624531/500000000000
10346 1082700637511/1000000000000
10348 549588767653/500000000000
10350 544685974489/500000000000
10352 1082257514539/1000000000000
10354 33976148847/31250000000
10356 215982341161/200000000000
10358 1106887412099/1000000000000
10360 542354858379/500000000000
10362 135176354847/125000000000
10364 1071467530553/1000000000000
10366 43663849301/40000000000
10368 544703377411/500000000000
10370 1097574479379/1000000000000
10372 108283888599/100000000000
10374 1076412213581/1000000000000
10376 27045542479/25000000000
10378 106596258809/100000000000
10380 1106634448029/1000000000000
10382 1096510948087/1000000000000
10384 277846213481/250000000000
10386 69214263371/62500000000
10388 273518480643/250000000000
10390 274440303789/250000000000
10392 136011820253/125000000000
10394 6758160077/6250000000
10396 1082836267991/1000000000000
10398 1092058432293/1000000000000
10400 500473889581/500000000000
10402 1001543697169/1000000000000
10404 127605429549/125000000000
10406 1000572515153/1000000000000
10408 15670140037/15625000000
10410 509509359681/500000000000
10412 40750827201/40000000000
10414 40750827201/40000000000
10416 501204160969/500000000000
10418 100234475579/100000000000
10420 254298941679/250000000000
10422 31395554481/31250000000
10424 1002074329871/1000000000000
10426 1017345883637/1000000000000
10428 1000243968761/1000000000000
10430 500356117279/500000000000
10432 1017345883637/1000000000000
10434 1003156267039/1000000000000
10436 500199263423/500000000000
10438 253388420719/250000000000
10440 500272763399/500000000000
10442 500352568171/500000000000
10444 50655144551/50000000000
10446 1001456680221/1000000000000
10448 1032216525411/1000000000000
10450 1006243060901/1000000000000
10452 1006517909163/1000000000000
10454 15689372261/15625000000
10456 1006517909163/1000000000000
10458 251498755391/250000000000
10460 508260079659/500000000000
10462 251498755391/250000000000
10464 101225320379/100000000000
10466 506240157179/500000000000
10468 254298475947/250000000000
10470 505302558749/500000000000
10472 8152590053/7812500000
10474 1012330197437/1000000000000
10476 8152590053/7812500000
10478 1012330197437/1000000000000
10480 524159540523/500000000000
10482 1010455000577/1000000000000
10484 1064318840287/1000000000000
10486 255114312683/250000000000
10488 540698797203/500000000000
10490 255114312683/250000000000
10492 555934397203/500000000000
10494 255114312683/250000000000
10496 1122759274999/1000000000000
10498 10204733083/10000000000
10500 1122759274999/1000000000000
10502 1020159454599/1000000000000
10504 1117012381957/1000000000000
10506 1020159454599/1000000000000
10508 219066246923/200000000000
10510 513963165057/500000000000
10512 277344247869/250000000000
10514 514650513253/500000000000
10516 258500569331/250000000000
10518 1023206967369/1000000000000
10520 1102904728083/1000000000000
10522 127791555949/125000000000
10524 1034081465923/1000000000000
10526 513963165057/500000000000
10528 1029390702419/1000000000000
10530 1024359173293/1000000000000
10532 255762438057/250000000000
10534 51453473743/50000000000
10536 1204576086551/1000000000000
10538 1027684798839/1000000000000
10540 1192316286551/1000000000000
10542 205343127489/200000000000
10544 1183540704193/1000000000000
10546 205208747489/200000000000
10548 1176385730627/1000000000000
10550 1005860962211/1000000000000
10552 259963443741/250000000000
10554 516056648677/500000000000
10556 41412532199/40000000000
10558 1164526842383/1000000000000
10560 14511424371/12500000000
10562 513971193841/500000000000
10564 1022482564513/1000000000000
10566 10204733083/10000000000
10568 1093743771493/1000000000000
10570 70497263597/62500000000
10572 516578373589/500000000000
10574 45195679947/40000000000
10576 1141988067063/1000000000000
10578 559091764039/500000000000
10580 206171531429/200000000000
10582 281454218023/250000000000
10584 1127076801969/1000000000000
10586 1065804864033/1000000000000
10588 1063231036937/1000000000000
10590 1063832414663/1000000000000
10592 1063231036937/1000000000000
10594 3268743417/3125000000
10596 264517205567/250000000000
10598 3268743417/3125000000
10600 1058298382949/1000000000000
10602 3243388417/3125000000
10604 1058298382949/1000000000000
10606 520195223981/500000000000
10608 1058301378211/1000000000000
10610 1135506660571/1000000000000
10612 523873791347/500000000000
10614 131019801129/125000000000
10616 45625058497/40000000000
10618 1205468956771/1000000000000
10620 226889722051/200000000000
10622 121380460023/100000000000
10624 279949226383/250000000000
10626 1205420811747/1000000000000
10628 539583141269/500000000000
10630 606108715731/500000000000
10632 1031888200303/1000000000000
10634 151070260819/125000000000
10636 1031888200303/1000000000000
10638 151070260819/125000000000
10640 1031888200303/1000000000000
10642 1204576086551/1000000000000
10644 55329668627/50000000000
10646 1123714226261/1000000000000
10648 1118625374883/1000000000000
10650 8804419901/8000000000
10652 550284272597/500000000000
10654 274396511297/250000000000
10656 225864324951/200000000000
10658 1098596162223/1000000000000
10660 272291500437/250000000000
10662 1090482562223/1000000000000
10664 272291500437/250000000000
10666 1120983805341/1000000000000
10668 1088134562223/1000000000000
10670 1071440937633/1000000000000
10672 543712381087/500000000000
10674 1071440937633/1000000000000
10676 542367777011/500000000000
10678 212768796867/200000000000
10680 1077804075089/1000000000000
10682 212768796867/200000000000
10684 1074688862179/1000000000000
10686 213493684603/200000000000
10688 42687811329/40000000000
10690 1137454165749/1000000000000
10692 55329668627/50000000000
10694 26728960697/25000000000
10696 133128771343/125000000000
10698 520121026623/500000000000
10700 546839298947/500000000000
10702 1031050685017/1000000000000
10704 518406586499/500000000000
10706 1050931014993/1000000000000
10708 211910136957/200000000000
10710 6453805613/6250000000
10712 517893770869/500000000000
10714 519202320593/500000000000
10716 1107246894599/1000000000000
10718 29450455853/25000000000
10720 1057432544731/1000000000000
10722 58855585699/50000000000
10724 263323102631/250000000000
10726 1152506799543/1000000000000
10728 20981304197/20000000000
10730 569865876701/500000000000
10732 64794108067/62500000000
10734 1136157643469/1000000000000
10736 1108970540257/1000000000000
10738 1109216862017/1000000000000
10740 43347386823/40000000000
10742 539196538127/500000000000
10744 1117166133147/1000000000000
10746 1115805998827/1000000000000
10748 1084311214999/1000000000000
10750 1088578756609/1000000000000
10752 1068158718101/1000000000000
10754 560933722947/500000000000
10756 55565685281/50000000000
10758 1188871889317/1000000000000
10760 1126600952333/1000000000000
10762 1139939810351/1000000000000
10764 74953511409/62500000000
10766 580778653787/500000000000
10768 1161959680129/1000000000000
10770 564572583353/500000000000
10772 9097757903/8000000000
10774 111987872367/100000000000
10776 220001263691/200000000000
10778 55983522699/50000000000
10780 234416657023/200000000000
10782 283919927613/250000000000
10784 572639428637/500000000000
10786 1154606100123/1000000000000
10788 225618416831/200000000000
10790 1221411497821/1000000000000
10792 122843434987/100000000000
10794 610840369523/500000000000
10796 76621152633/62500000000
10798 1112573218499/1000000000000
10800 534753304447/500000000000
10802 8387374009/8000000000
10804 527650307831/500000000000
10806 55085462069/50000000000
10808 1114740806727/1000000000000
10810 1123396135699/1000000000000
10812 555468653227/500000000000
10814 140014792229/125000000000
10816 563139107787/500000000000
10822 1103422209793/1000000000000
10824 1111186990217/1000000000000
10830 1033822884909/1000000000000
10832 1041344086171/1000000000000
10834 1075777925089/1000000000000
10836 551469360381/500000000000
10838 1036241786157/1000000000000
10840 204177036521/200000000000
10842 524698962109/500000000000
10844 1025341089497/1000000000000
10846 1077167407593/1000000000000
10848 212464142771/200000000000
10850 1071506836087/1000000000000
10890 1188171373013/1000000000000
10892 604777786551/500000000000
10894 602814388951/500000000000
10896 1220277092333/1000000000000
10898 611105505271/500000000000
10900 121530989301/100000000000
10902 1221087207759/1000000000000
10904 532739429381/500000000000
10906 1051338782871/1000000000000
10908 1046723712363/1000000000000
10910 26312883173/25000000000
10912 1064353460207/1000000000000
10914 262605546139/250000000000
10916 1038523019553/1000000000000
10918 262224140349/250000000000
10920 1047854329631/1000000000000
10922 255501684641/250000000000
10924 1018864004211/1000000000000
10926 1032129503327/1000000000000
10928 205087915599/200000000000
10930 26133354167/25000000000
10932 1021435080937/1000000000000
10934 1027695371939/1000000000000
10936 21065451521/20000000000
10938 1055058275769/1000000000000
10940 530863322063/500000000000
10942 209265271643/200000000000
10944 205173967833/200000000000
10946 522635014277/500000000000
10948 258990955549/250000000000
10950 1036858935187/1000000000000
10952 518866185249/500000000000
10954 104119006989/100000000000
10960 1042275036703/1000000000000
10962 102542109667/100000000000
10966 522889718697/500000000000
10968 518142481941/500000000000
10974 1017833915773/1000000000000
10976 1011559330043/1000000000000
10982 10129328883/10000000000
10984 1006692473711/1000000000000
10986 1048450236911/1000000000000
10988 64538034403/62500000000
10990 209620686563/200000000000
10992 103701566707/100000000000
10994 519862097707/500000000000
10996 6398363547/6250000000
10998 1014778158531/1000000000000
11000 102675443569/100000000000
11002 8150947543/8000000000
11004 510960012693/500000000000
11006 100847349893/100000000000
11008 102633644589/100000000000
11010 101635164329/100000000000
11076 1145782289279/1000000000000
11078 285719151873/250000000000
11080 1154740563143/1000000000000
11082 58941196003/50000000000
11084 1180712560727/1000000000000
11086 598675451419/500000000000
11088 1196580295079/1000000000000
11090 1204062620471/1000000000000
11092 1050490989639/1000000000000
11094 51623539413/50000000000
11096 51257480703/50000000000
11098 106775001017/100000000000
11100 219643505869/200000000000
11102 1128064697903/1000000000000
11104 1058437009697/1000000000000
11106 521898146071/500000000000
11108 213408598373/200000000000
11110 211058022783/200000000000
11112 534824769663/500000000000
11114 259745403051/250000000000
11116 261878424331/250000000000
11118 128850894217/125000000000
11120 103105058457/100000000000
11122 1082051193151/1000000000000
11124 1042726229799/1000000000000
11126 1033028516239/1000000000000
11128 526204051243/500000000000
11130 1079236790451/1000000000000
11132 1051869170727/1000000000000
11134 1052623114909/1000000000000
11136 537604138119/500000000000
11138 270117440703/250000000000
11140 1049224850939/1000000000000
11142 1065444143421/1000000000000
11144 1049097387109/1000000000000
11146 1052723118083/1000000000000
11148 133008683333/125000000000
11150 267914771701/250000000000
11152 1058841229599/1000000000000
11154 108037803723/100000000000
11156 10875675069/10000000000
11158 1073640174193/1000000000000
11160 13597108127/12500000000
11162 215869959913/200000000000
11164 1079685825629/1000000000000
11166 104263165937/100000000000
11168 1048917151303/1000000000000
11170 208358041653/200000000000
11172 520464676201/500000000000
11174 527538518811/500000000000
11176 1097186367459/1000000000000
11178 265624307539/250000000000
11180 212487984429/200000000000
11182 21679167763/20000000000
11184 525686543811/500000000000
11186 53663459069/50000000000
11188 54287844231/50000000000
11190 538940021187/500000000000
11192 1059748882749/1000000000000
11194 1076254441403/1000000000000
11196 42231658853/40000000000
11198 1081205633147/1000000000000
11200 1057972086333/1000000000000
11202 265048769839/250000000000
11204 1060507586333/1000000000000
11206 1062100508417/1000000000000
11208 271886424581/250000000000
11210 16530251767/15625000000
11212 1043335499893/1000000000000
11214 132838960673/125000000000
11216 1053374824683/1000000000000
11218 67318478609/62500000000
11220 1050230872439/1000000000000
11222 1069995869907/1000000000000
11224 105655307437/100000000000
11226 1069795392961/1000000000000
11228 65778600033/62500000000
11230 531758787133/500000000000
11232 44161193487/40000000000
11234 54655079143/50000000000
11236 273905303241/250000000000
11238 545400634229/500000000000
11240 213537856469/200000000000
11242 1058190704669/1000000000000
11244 537202022103/500000000000
11246 6677978623/6250000000
11248 53851738903/50000000000
11250 67233096939/62500000000
11252 263237950213/250000000000
11254 261457286143/250000000000
11256 1055273145253/1000000000000
11258 26396284691/25000000000
11260 1041042520063/1000000000000
11262 535873981331/500000000000
11264 33216705879/31250000000
11266 268957345103/250000000000
11268 1081150518431/1000000000000
11270 534327693953/500000000000
11272 215673007813/200000000000
11274 524963216881/500000000000
11276 1061140628887/1000000000000
11278 1054573685487/1000000000000
11280 263541836473/250000000000
11282 267421324103/250000000000
11284 13313054429/12500000000
11286 1070197665941/1000000000000
11288 42730267333/40000000000
11292 13645919153/12500000000
11294 6864470543/6250000000
11300 519952776261/500000000000
11302 129941548231/125000000000
11306 1059340206203/1000000000000
11308 545602561569/500000000000
11310 136556135211/125000000000
11312 134756210879/125000000000
11314 1042041909417/1000000000000
11316 16319226417/15625000000
11318 528086496417/500000000000
11320 104517330793/100000000000
11322 32235659399/31250000000
11324 1038142625393/1000000000000
11326 515353765337/500000000000
11358 414809129/400000000
11360 501852134191/500000000000
11362 258683138839/250000000000
11364 516313038503/500000000000
11366 503395065311/500000000000
11368 502939461841/500000000000
11370 200927371919/200000000000
11372 501994929333/500000000000
11374 1014281261773/1000000000000
11376 202288104989/200000000000
11378 531745124851/500000000000
11380 219772556691/200000000000
11382 500215527637/500000000000
11384 1003617765667/1000000000000
11386 501210743749/500000000000
11388 200220343159/200000000000
11390 1000566093401/1000000000000
11392 10465848089/10000000000
11394 225495185367/200000000000
11396 567780260157/500000000000
11398 506836154131/500000000000
11400 251808806613/250000000000
11402 1010912157221/1000000000000
11404 1003935671041/1000000000000
11406 1018751117659/1000000000000
11408 126534128211/125000000000
11410 129245750679/125000000000
11412 204011492343/200000000000
11414 252188901669/250000000000
11416 201527404753/200000000000
11418 62756965723/62500000000
11420 1005880497041/1000000000000
11422 504413037553/500000000000
11424 25275252173/25000000000
11426 509063640391/500000000000
11428 101368781163/100000000000
11430 1011239262103/1000000000000
11432 500308727947/500000000000
11434 255410227319/250000000000
11436 502232654019/500000000000
11438 31271359987/31250000000
11440 258513698487/250000000000
11442 533242783027/500000000000
11444 501472580221/500000000000
11446 250596313221/250000000000
11448 1001533579757/1000000000000
11450 15717270593/15625000000
11452 5091624449/5000000000
11454 508277158947/500000000000
11456 20946922087/20000000000
11458 527068989769/500000000000
11460 204613320119/200000000000
11462 515652038531/500000000000
11464 1017977083947/1000000000000
11466 254955495021/250000000000
11468 207699785383/200000000000
11470 20729092233/20000000000
11472 205535440273/200000000000
11474 1033351547419/1000000000000
11476 1036840760019/1000000000000
11478 1038480877143/1000000000000
11480 128967629307/125000000000
11482 518394266611/500000000000
11484 1035837503627/1000000000000
11486 209648970051/200000000000
11488 1029913943653/1000000000000
11490 1032685173279/1000000000000
11492 253619568859/250000000000
11494 253988358649/250000000000
11496 1016649920429/1000000000000
11498 506853203597/500000000000
11500 205476841357/200000000000
11502 515696015587/500000000000
11504 1019763250883/1000000000000
11506 254894920871/250000000000
11508 1025554786767/1000000000000
11510 1028543944227/1000000000000
11512 509970154129/500000000000
11514 1020945755251/1000000000000
11516 257844433209/250000000000
11518 25801602833/25000000000
11520 511519482009/500000000000
11522 511401746913/500000000000
11524 1044598278829/1000000000000
11526 1053432879487/1000000000000
11528 1040882924131/1000000000000
11530 521375903473/500000000000
11532 1048260454699/1000000000000
11534 533808827237/500000000000
11536 1043657942203/1000000000000
11538 528753308953/500000000000
11540 213137826531/200000000000
11542 13548528333/12500000000
11544 1058686287469/1000000000000
11546 1075208619979/1000000000000
11548 1086214412667/1000000000000
11550 274200464803/250000000000
11552 1070904277113/1000000000000
11554 33874876799/31250000000
11556 1036110270571/1000000000000
11558 1041629842577/1000000000000
11560 1030904951779/1000000000000
11562 1039625837657/1000000000000
11564 1049226125991/1000000000000
11566 1051591442113/1000000000000
11568 521025176717/500000000000
11570 259852578881/250000000000
11572 526319896519/500000000000
11574 213262606497/200000000000
11576 520713396631/500000000000
11578 130498744097/125000000000
11580 1059433560847/1000000000000
11582 53686151843/50000000000
11584 10374206001/10000000000
11586 1059308279663/1000000000000
11588 1063902114797/1000000000000
11590 135677230617/125000000000
11592 1059772374477/1000000000000
11594 538964646951/500000000000
11596 212753505359/200000000000
11598 1097288569617/1000000000000
11600 1064799310269/1000000000000
11602 543840417637/500000000000
11604 556356358089/500000000000
11606 551266668343/500000000000
11608 553533665593/500000000000
11610 1054710981067/1000000000000
11612 42592220727/40000000000
11614 526391520587/500000000000
11616 1059898822887/1000000000000
11618 1062528788757/1000000000000
11620 537685632593/500000000000
11622 265299514597/250000000000
11624 267048965929/250000000000
11626 1081086817471/1000000000000
11628 546947649511/500000000000
11630 107357746201/100000000000
11632 135904425833/125000000000
11634 108708108491/100000000000
11636 1087367980339/1000000000000
11638 276288076323/250000000000
11640 137748193513/125000000000
11642 1077621265731/1000000000000
11644 1101571135369/1000000000000
11646 109140275453/100000000000
11648 1086315768767/1000000000000
11650 558992907703/500000000000
11652 270210670921/250000000000
11654 1102796658321/1000000000000
11656 133841454139/125000000000
11658 1091782752239/1000000000000
11660 8620289599/8000000000
11662 1078987717061/1000000000000
11664 1103281087599/1000000000000
11666 220355511781/200000000000
11670 1107495162307/1000000000000
11672 277206194901/250000000000
11674 1103110147187/1000000000000
11680 1003827878559/1000000000000
11682 202322366677/200000000000
11684 1001915903737/1000000000000
11686 1010429632449/1000000000000
11688 491244727/488281250
11690 250950985899/250000000000
11692 105697707087/100000000000
11694 1001553786811/1000000000000
11696 507650888099/500000000000
11698 1002904102573/1000000000000
11700 251993260691/250000000000
11702 8000862823/8000000000
11704 1006767197591/1000000000000
11706 507386193873/500000000000
11708 1008297401349/1000000000000
11710 15717432301/15625000000
11712 502479036611/500000000000
11714 1004918218203/1000000000000
11716 1006707581217/1000000000000
11718 1002450713317/1000000000000
11720 503061371391/500000000000
11722 250179394733/250000000000
11724 1001049989311/1000000000000
11726 1026630444673/1000000000000
11728 1297581791/1250000000
11730 1009996364193/1000000000000
11732 127109226407/125000000000
11734 1027518605413/1000000000000
11736 1019363676309/1000000000000
11738 1021598069627/1000000000000
11740 102034838279/100000000000
11742 255768054119/250000000000
11744 508221428073/500000000000
11746 202001764029/200000000000
11748 1010789754343/1000000000000
11750 1019639262233/1000000000000
11752 15924949907/15625000000
11754 50609198459/50000000000
11756 253621310361/250000000000
11758 1001379498733/1000000000000
11760 200660892093/200000000000
11762 501732520637/500000000000
11764 203286138367/200000000000
11766 508314165949/500000000000
11768 1017381208763/1000000000000
11770 1003853048663/1000000000000
11772 202900892883/200000000000
11774 202209987479/200000000000
11776 128990592677/125000000000
11778 511866981119/500000000000
11780 1008772649961/1000000000000
11782 506190768177/500000000000
11784 1007132133229/1000000000000
11786 1006233725207/1000000000000
11788 516713473861/500000000000
11790 1045381901199/1000000000000
11792 519152726491/500000000000
11794 519706420383/500000000000
11796 513031510021/500000000000
11798 1038198206081/1000000000000
11800 1024890213897/1000000000000
11802 51719528143/50000000000
11804 263109702749/250000000000
11806 1057446803163/1000000000000
11808 1046095578001/1000000000000
11810 519976234757/500000000000
11812 1046381379269/1000000000000
11814 1059020527789/1000000000000
11816 259463745017/250000000000
11818 524146322987/500000000000
11820 4153033203/4000000000
11822 519743742413/500000000000
11824 1026423945619/1000000000000
11826 129034306077/125000000000
11828 206463562077/200000000000
11830 515015909029/500000000000
11832 1032407621217/1000000000000
11834 41147902997/40000000000
11836 1031562870099/1000000000000
11838 1025787993829/1000000000000
11840 101890814861/100000000000
11842 1016997304373/1000000000000
11844 1033948347199/1000000000000
11846 1042608667677/1000000000000
11848 1030726654093/1000000000000
11850 1035954784087/1000000000000
11852 1032013220427/1000000000000
11854 1044873716197/1000000000000
11856 51523301809/50000000000
11858 1045828399257/1000000000000
11860 513572138151/500000000000
11862 1051326710387/1000000000000
11864 205577077719/200000000000
11866 65727339699/62500000000
11868 1070582135537/1000000000000
11870 213608458613/200000000000
11872 53343226127/50000000000
11874 1062526677629/1000000000000
11876 1066706675623/1000000000000
11878 216273872359/200000000000
11880 1065568593699/1000000000000
11882 536534047007/500000000000
11884 1028536128823/1000000000000
11886 1044287323369/1000000000000
11888 1023495284943/1000000000000
11890 32716476987/31250000000
11892 514946130609/500000000000
11894 521941372951/500000000000
11896 12809067451/12500000000
11898 520037547127/500000000000
11900 66166439163/62500000000
11902 531673611889/500000000000
11904 527004973209/500000000000
11906 530398718849/500000000000
11908 66343361927/62500000000
11910 267172996813/250000000000
11912 1050640381501/1000000000000
11914 212150627271/200000000000
11916 259116481377/250000000000
11918 1054843367531/1000000000000
11920 514632680831/500000000000
11922 1059937024529/1000000000000
11924 1050200692421/1000000000000
11926 532425836849/500000000000
11928 1047509830163/1000000000000
11930 106008035209/100000000000
11932 216001713377/200000000000
11934 1108379409657/1000000000000
11936 539017811831/500000000000
11938 218523197687/200000000000
11940 108652790047/100000000000
11942 1098202817059/1000000000000
11944 1079366926277/1000000000000
11946 1094188595773/1000000000000
11948 64381261369/62500000000
11950 531958902577/500000000000
11952 258335996817/250000000000
11954 1055554845709/1000000000000
11956 261149818587/250000000000
11958 66130634221/62500000000
11960 1035975753897/1000000000000
11962 263927546859/250000000000
11964 215643737171/200000000000
11966 215547137267/200000000000
11968 1071678194781/1000000000000
11970 536285347391/500000000000
11972 1063536222959/1000000000000
11974 219103534901/200000000000
11976 1065825466107/1000000000000
11978 543686220437/500000000000
11980 268977122959/250000000000
11982 547800966057/500000000000
11984 212047498179/200000000000
11986 1087194895453/1000000000000
11988 269127720947/250000000000
11990 552156325773/500000000000
11992 1073726660439/1000000000000
11994 1088745974131/1000000000000
11996 549978925903/500000000000
11998 1104252926183/1000000000000
12000 551445891499/500000000000
12002 552243852009/500000000000
12004 1131133212571/1000000000000
12006 285722150121/250000000000
12008 131667830773/125000000000
12010 1072516437643/1000000000000
12012 130727084883/125000000000
12014 265654557587/250000000000
12016 53641811279/50000000000
12018 17044687871/15625000000
12020 1066525936523/1000000000000
12022 541351763617/500000000000
12024 1098549439929/1000000000000
12026 1089141839943/1000000000000
12028 551745702077/500000000000
12030 111144610179/100000000000
12032 10875069747/10000000000
12034 222130770751/200000000000
12040 1089879056783/1000000000000
12042 54571878279/50000000000
12048 553921480207/500000000000
12050 1130855493253/1000000000000
12056 553921480207/500000000000
12058 554713911503/500000000000
12062 543799996489/500000000000
12064 17129152741/15625000000
12066 1079660116039/1000000000000
12068 1097949185413/1000000000000
12070 1098479842391/1000000000000
12072 281958906849/250000000000
12074 1076951506011/1000000000000
12076 1119598240577/1000000000000
12078 281817114849/250000000000
12080 283037150497/250000000000
12082 222557924617/200000000000
12084 1133775994097/1000000000000
12086 227844874039/200000000000
12138 40591465141/40000000000
12140 505648700209/500000000000
12142 1011394123127/1000000000000
12144 531006232597/500000000000
12146 509102336123/500000000000
12148 101817854511/100000000000
12150 161698633/160000000
12152 1067014999267/1000000000000
12154 202425097543/200000000000
12156 1014264249817/1000000000000
12158 254817951013/250000000000
12160 205083426027/200000000000
12162 1015548180357/1000000000000
12164 1015561421103/1000000000000
12166 1003994789957/1000000000000
12168 26256339943/25000000000
12170 504045986587/500000000000
12172 504020001789/500000000000
12174 1003262895919/1000000000000
12176 1023920727671/1000000000000
12178 100656099463/100000000000
12180 103095309913/100000000000
12182 1074637746201/1000000000000
12184 508025650799/500000000000
12186 1042004554837/1000000000000
12188 1018136475621/1000000000000
12190 200809007751/200000000000
12192 1007661655557/1000000000000
12194 1004127931493/1000000000000
12196 252304430351/250000000000
12198 523152524353/500000000000
12200 1109687725267/1000000000000
12202 1009746169297/1000000000000
12204 1080552420797/1000000000000
12206 535669057431/500000000000
12208 202734244067/200000000000
12210 550474595297/500000000000
12212 1020341583633/1000000000000
12214 1012213828561/1000000000000
12216 1024050177941/1000000000000
12218 1023913755329/1000000000000
12220 1028150123513/1000000000000
12222 516095654997/500000000000
12224 1026471772931/1000000000000
12226 1014676316141/1000000000000
12228 1011280750063/1000000000000
12230 102084332831/100000000000
12232 1024803278651/1000000000000
12234 255864943223/250000000000
12236 127449624153/125000000000
12238 794177893/781250000
12240 504497946633/500000000000
12242 207239544847/200000000000
12244 1000496047937/1000000000000
12246 212873037501/200000000000
12248 203663438509/200000000000
12250 1023126326353/1000000000000
12252 1021051989657/1000000000000
12254 1036510529109/1000000000000
12256 130097474957/125000000000
12258 506288154091/500000000000
12260 126874589491/125000000000
12262 51656745031/50000000000
12264 258553492397/250000000000
12266 40861088881/40000000000
12268 509102326801/500000000000
12270 101884291371/100000000000
12272 1021148442163/1000000000000
12274 253268551327/250000000000
12276 506285892123/500000000000
12278 1012635155263/1000000000000
12280 506259735419/500000000000
12282 127168401553/125000000000
12284 256583073321/250000000000
12286 1023631924011/1000000000000
12288 205588005363/200000000000
12290 127441140137/125000000000
12292 261452876577/250000000000
12294 505555697981/500000000000
12296 1033787152463/1000000000000
12298 1022655021671/1000000000000
12300 1016814807841/1000000000000
12302 1029967113453/1000000000000
12304 255431078083/250000000000
12306 1005542233067/1000000000000
12308 1004494167301/1000000000000
12310 202174792009/200000000000
12312 501914955287/500000000000
12314 514984983227/500000000000
12316 1039821733/1000000000
12318 41376815237/40000000000
12320 524861114803/500000000000
12322 1009102373957/1000000000000
12324 1016431806973/1000000000000
12326 252331472317/250000000000
12328 251370770093/250000000000
12330 51623916621/50000000000
12332 509918048961/500000000000
12334 517327778693/500000000000
12336 253930043559/250000000000
12338 65406528861/62500000000
12340 1058009513323/1000000000000
12342 1027673382123/1000000000000
12344 52119619307/50000000000
12346 102354398909/100000000000
12348 1028686683463/1000000000000
12350 203914100227/200000000000
12352 514986701379/500000000000
12354 266527190489/250000000000
12356 533388933663/500000000000
12358 66642820369/62500000000
12360 1068929247637/1000000000000
12362 510146367549/500000000000
12364 203939509451/200000000000
12366 203415686489/200000000000
12368 1016041453941/1000000000000
12370 1024711459083/1000000000000
12372 515886703791/500000000000
12374 506632207763/500000000000
12376 1019726716893/1000000000000
12378 1019076552201/1000000000000
12380 1033640275981/1000000000000
12382 202808208451/200000000000
12384 1029671444599/1000000000000
12386 529184918091/500000000000
12388 264471529283/250000000000
12390 1038671916317/1000000000000
12392 525729007701/500000000000
12394 1053895587381/1000000000000
12396 513795194169/500000000000
12398 264714244027/250000000000
12400 64967272221/62500000000
12402 1075838269471/1000000000000
12404 1075456726551/1000000000000
12406 267963518347/250000000000
12408 536009879037/500000000000
12410 253444100963/250000000000
12412 504009437529/500000000000
12414 510284025407/500000000000
12416 1013456495941/1000000000000
12418 1070074898001/1000000000000
12420 1061539923759/1000000000000
12422 1067985728911/1000000000000
12424 1068054010691/1000000000000
12426 262168343383/250000000000
12428 1044975708831/1000000000000
12430 518591602701/500000000000
12432 516502269557/500000000000
12434 1072170242559/1000000000000
12436 1071907242321/1000000000000
12438 211565693091/200000000000
12440 1070521713237/1000000000000
12442 103183861581/100000000000
12444 127384522647/125000000000
12446 1028299367023/1000000000000
12448 64015259177/62500000000
12450 1066209854367/1000000000000
12452 529432591931/500000000000
12454 532653050661/500000000000
12456 1063898530089/1000000000000
12462 1027467131147/1000000000000
12464 127130781709/125000000000
12470 26816503917/25000000000
12472 524865804303/500000000000
12478 1013786180687/1000000000000
12480 1008807955353/1000000000000
12486 208567091003/200000000000
12488 260418268463/250000000000
12490 1033800099241/1000000000000
12492 510844437951/500000000000
12494 519395746707/500000000000
12496 1022772681967/1000000000000
12498 108073480281/100000000000
12500 26549781771/25000000000
12502 1077277301961/1000000000000
12504 214706739049/200000000000
12506 253401453109/250000000000
12508 505690027007/500000000000
12510 506455734319/500000000000
12512 201834352083/200000000000
12514 526235810183/500000000000
12516 1050819227937/1000000000000
12518 267102730887/250000000000
12520 1058266327307/1000000000000
12586 1017887669701/1000000000000
12588 203468251507/200000000000
12590 508525235589/500000000000
12592 1020835265353/1000000000000
12594 1022649551649/1000000000000
12596 1023875092177/1000000000000
12598 203122505267/200000000000
12600 1020319564517/1000000000000
12602 4095053443/4000000000
12604 205622815053/200000000000
12606 514523601191/500000000000
12608 12831742041/12500000000
12610 1036260451469/1000000000000
12612 1027132985757/1000000000000
12614 512711367229/500000000000
12616 25725572009/25000000000
12618 1009692223361/1000000000000
12620 201419275823/200000000000
12622 1011088367827/1000000000000
12624 503653165547/500000000000
12626 501423129567/500000000000
12628 1011071813639/1000000000000
12630 1012025366913/1000000000000
12632 1012098446377/1000000000000
12634 1073043528003/1000000000000
12636 12719154443/12500000000
12638 1079352269083/1000000000000
12640 523824541261/500000000000
12642 127699221477/125000000000
12644 1012495090429/1000000000000
12646 1009212228973/1000000000000
12648 1991118751/1953125000
12650 251964498667/250000000000
12652 1014652351467/1000000000000
12654 1007823405171/1000000000000
12656 13445433581/12500000000
12658 786436019/781250000
12660 1050585777067/1000000000000
12662 1012319357569/1000000000000
12664 68066047319/62500000000
12666 505438931737/500000000000
12668 536747411757/500000000000
12670 1054471926089/1000000000000
12672 126918137677/125000000000
12674 32068794993/31250000000
12676 100764982387/100000000000
12678 260894912593/250000000000
12680 1008862117207/1000000000000
12682 1014585821879/1000000000000
12684 5050410151/5000000000
12686 502776907581/500000000000
12688 1033158087541/1000000000000
12690 1069992983111/1000000000000
12692 1040658819761/1000000000000
12694 522254441043/500000000000
12696 129918336601/125000000000
12698 32918487793/31250000000
12700 526179466737/500000000000
12702 1061866490401/1000000000000
12704 210180337793/200000000000
12706 527072681833/500000000000
12708 8425898423/8000000000
12710 537087170769/500000000000
12712 1047605744063/1000000000000
12714 208347364693/200000000000
12716 1022181935507/1000000000000
12718 1044444120527/1000000000000
12720 1062698259049/1000000000000
12722 12926624617/12500000000
12724 1038891613213/1000000000000
12726 1035615636147/1000000000000
12728 1045006968423/1000000000000
12730 1041654479287/1000000000000
12732 1033168709709/1000000000000
12734 519400659823/500000000000
12736 1042060667393/1000000000000
12738 1052549445709/1000000000000
12740 527625587599/500000000000
12742 13299637259/12500000000
12744 1022198036767/1000000000000
12746 1025100570597/1000000000000
12748 1026247745219/1000000000000
12750 25673926089/25000000000
12752 1018338455469/1000000000000
12754 1024087046639/1000000000000
12756 63777050463/62500000000
12758 1026497314827/1000000000000
12760 8257422499/8000000000
12762 521500799757/500000000000
12764 1036666935519/1000000000000
12766 1047320701789/1000000000000
12768 8002125599/7812500000
12770 20449558281/20000000000
12772 1025263611327/1000000000000
12774 1025125951591/1000000000000
12776 1033557756227/1000000000000
12778 1030784076061/1000000000000
12780 1661809357/1600000000
12782 1043291560877/1000000000000
12784 518073075769/500000000000
12786 1026365261279/1000000000000
12788 129970931243/125000000000
12790 1033801434719/1000000000000
12792 1030724260101/1000000000000
12794 1033051154359/1000000000000
12796 257532424991/250000000000
12798 1037613367237/1000000000000
12800 513859656473/500000000000
12802 509564599119/500000000000
12804 256651089337/250000000000
12806 1026392579343/1000000000000
12812 254586617897/250000000000
12814 511521230073/500000000000
12820 1020277351333/1000000000000
12822 25366889451/25000000000
12828 102738568709/100000000000
12830 127316470153/125000000000
12836 100974085213/100000000000
12838 502518285823/500000000000
12840 1016799625079/1000000000000
12842 255757938851/250000000000
12844 1014747041639/1000000000000
12846 102087101917/100000000000
12848 1022044107541/1000000000000
12850 203735526761/200000000000
12852 205712267759/200000000000
12854 1019072263937/1000000000000
12856 1029868218281/1000000000000
12858 51157867681/50000000000
12860 206781794511/200000000000
12862 257092509327/250000000000
12864 1006452072419/1000000000000
12866 251820259813/250000000000
12868 1011486731273/1000000000000
12870 62742270939/62500000000
12936 1026835203147/1000000000000
12938 1026578232583/1000000000000
12940 126770954613/125000000000
12942 1015462657279/1000000000000
12944 1020866566207/1000000000000
12946 1019932113909/1000000000000
12948 1018194587461/1000000000000
12950 509630682407/500000000000
12952 20503628989/20000000000
12954 205494644921/200000000000
12956 1027041385981/1000000000000
12958 2583716673/2500000000
12960 1035479213387/1000000000000
12962 205672953131/200000000000
12964 41475340099/40000000000
12966 1025301252787/1000000000000
12968 1005801024301/1000000000000
12970 258279166171/250000000000
12972 202291338027/200000000000
12974 126197226839/125000000000
12976 200557579617/200000000000
12978 1020296822331/1000000000000
12980 1005450306687/1000000000000
12982 1001876966651/1000000000000
12984 1061331385623/1000000000000
12986 201289305723/200000000000
12988 1041068669259/1000000000000
12990 125604912407/125000000000
12992 1081967375177/1000000000000
12994 1006830212433/1000000000000
12996 215351918957/200000000000
12998 1013978922919/1000000000000
13000 203774748439/200000000000
13002 1011592285567/1000000000000
13004 1017595992151/1000000000000
13006 1005565853561/1000000000000
13008 40647920289/40000000000
13010 62939899549/62500000000
13012 1007277424329/1000000000000
13014 15689652421/15625000000
13016 264241794767/250000000000
13018 1010605410377/1000000000000
13020 513212270499/500000000000
13022 1023041745859/1000000000000
13024 257616711679/250000000000
13026 1011952519423/1000000000000
13028 202553842007/200000000000
13030 507416237489/500000000000
13032 1010173747977/1000000000000
13034 1010698646743/1000000000000
13036 1046028335689/1000000000000
13038 1015932764583/1000000000000
13040 504055314049/500000000000
13042 254526893317/250000000000
13044 62820988451/62500000000
13046 505587776599/500000000000
13048 63107489393/62500000000
13050 125602843057/125000000000
13052 1001499200797/1000000000000
13054 254088748217/250000000000
13056 1005895136017/1000000000000
13058 1063873245031/1000000000000
13060 1033121569789/1000000000000
13062 25769349801/25000000000
13064 20038351727/20000000000
13066 204836515813/200000000000
13068 250641193017/250000000000
13070 1011509072477/1000000000000
13072 533619346571/500000000000
13074 261171690979/250000000000
13076 1058315519243/1000000000000
13078 516977317189/500000000000
13080 1044786836677/1000000000000
13082 512600076771/500000000000
13084 128978809913/125000000000
13086 512767358763/500000000000
13088 1009734453/976562500
13090 103556135117/100000000000
13092 521097973061/500000000000
13094 1064493789103/1000000000000
13096 3231766823/3125000000
13098 1050325781787/1000000000000
13100 105399310369/100000000000
13106 1025388023181/1000000000000
13108 515361864251/500000000000
13114 126569770443/125000000000
13116 508314295317/500000000000
13122 128903246739/125000000000
13128 512187017111/500000000000
13130 1037041003/1000000000
13132 510087423971/500000000000
13134 1030625523141/1000000000000
13136 1026587705809/1000000000000
13138 1019052554787/1000000000000
13140 509071663761/500000000000
13142 204065832997/200000000000
13144 1025161260659/1000000000000
13146 1039698844983/1000000000000
13148 256803215721/250000000000
13150 1038964473361/1000000000000
13152 256707193431/250000000000
13218 1045768246187/1000000000000
13220 1037403450369/1000000000000
13222 1022468974747/1000000000000
13224 1027560698719/1000000000000
13226 103616260767/100000000000
13228 1028813076973/1000000000000
13230 127885997063/125000000000
13232 1023444054399/1000000000000
13234 1032544205117/1000000000000
13236 1031029781039/1000000000000
13238 520560752619/500000000000
13240 131138801513/125000000000
13242 65336379337/62500000000
13244 1028055685981/1000000000000
13246 129805471047/125000000000
13248 8183856989/8000000000
13250 1011607536431/1000000000000
13252 103509120139/100000000000
13254 8008731559/7812500000
13256 510301149561/500000000000
13258 1001635996713/1000000000000
13260 511751017827/500000000000
13262 1003686132009/1000000000000
13264 501049866319/500000000000
13266 1003046950473/1000000000000
13268 252352682763/250000000000
13270 1008991404489/1000000000000
13272 1002716124107/1000000000000
13274 1031998855401/1000000000000
13276 25030902869/25000000000
13278 503147577391/500000000000
13280 1032444227633/1000000000000
13282 207073376303/200000000000
13284 1019539367611/1000000000000
13286 1029055400419/1000000000000
13288 1022236804041/1000000000000
13290 509610308913/500000000000
13292 1029823176663/1000000000000
13294 257427262537/250000000000
13296 40284768783/40000000000
13298 1005124293969/1000000000000
13300 1011144372117/1000000000000
13302 25210500651/25000000000
13304 204195859711/200000000000
13306 252707172497/250000000000
13308 513241578239/500000000000
13310 1011171644431/1000000000000
13312 50116130933/50000000000
13314 125292974057/125000000000
13316 20020763211/20000000000
13318 1000514063747/1000000000000
13320 50402153303/50000000000
13322 257350516781/250000000000
13324 251914157081/250000000000
13326 1021047952829/1000000000000
13328 50494750127/50000000000
13330 200014205679/200000000000
13332 1052591184593/1000000000000
13334 1015619283089/1000000000000
13336 500972632759/500000000000
13338 40841766281/40000000000
13340 1002862993769/1000000000000
13342 506190952617/500000000000
13344 1005528882689/1000000000000
13346 102020397657/100000000000
13348 100081597121/100000000000
13350 1006279441197/1000000000000
13352 1028958673817/1000000000000
13354 1002552674037/1000000000000
13356 101334192779/100000000000
13358 250522987271/250000000000
13360 526276367779/500000000000
13362 200415829067/200000000000
13364 1056042579073/1000000000000
13366 100620767473/100000000000
13368 125460971349/125000000000
13370 1010251356373/1000000000000
13372 125325074919/125000000000
13374 509498160083/500000000000
13376 1041339749543/1000000000000
13378 1004562210069/1000000000000
13380 128028350099/125000000000
13382 1031908126847/1000000000000
13384 1000677417053/1000000000000
13386 1042286297529/1000000000000
13388 524962061507/500000000000
13390 1018016767309/1000000000000
13392 1000148081909/1000000000000
13394 1015614053503/1000000000000
13396 200762247611/200000000000
13398 1001770508741/1000000000000
13400 1010559112611/1000000000000
13402 1005022613523/1000000000000
13404 250598113673/250000000000
13406 503888842739/500000000000
13408 1059991445747/1000000000000
13410 501429888293/500000000000
13412 528724434157/500000000000
13414 1023918272703/1000000000000
13416 62883883531/62500000000
13418 1038384692443/1000000000000
13420 505109748361/500000000000
13422 1017560837533/1000000000000
13424 524952049967/500000000000
13426 206768656167/200000000000
13428 1008373671947/1000000000000
13430 25489771553/25000000000
13432 125799909683/125000000000
13434 1012565649727/1000000000000
13436 1042987616349/1000000000000
13438 203525134687/200000000000
13440 102952481693/100000000000
13442 1010561008299/1000000000000
13444 262327919417/250000000000
13446 524740215803/500000000000
13452 42419480591/40000000000
13454 1044000169603/1000000000000
13488 1067442331609/1000000000000
13490 266555955411/250000000000
13492 133970457459/125000000000
13494 53723397009/50000000000
13496 106053920781/100000000000
13498 65663537107/62500000000
13500 1054798952449/1000000000000
13502 210393629377/200000000000
13504 21439265863/20000000000
13506 540981819937/500000000000
13508 210608146821/200000000000
13510 212484647503/200000000000
13512 1056930308809/1000000000000
13514 261034411131/250000000000
13516 525808910331/500000000000
13518 1058651843813/1000000000000
13520 208625953177/200000000000
13522 526246922253/500000000000
13524 1042448164703/1000000000000
13526 206225765887/200000000000
13528 1026089026893/1000000000000
13530 1042140583689/1000000000000
13532 258276922717/250000000000
13534 41185293679/40000000000
13536 1028334190403/1000000000000
13538 258228481639/250000000000
13540 515293994139/500000000000
13542 1060244358213/1000000000000
13544 1067901004757/1000000000000
13546 258782881719/250000000000
13548 262356037873/250000000000
13550 526498633361/500000000000
13552 522774216549/500000000000
13554 8330129841/7812500000
13556 1054675570327/1000000000000
13558 206358736407/200000000000
13560 207215964181/200000000000
13562 517695934731/500000000000
13564 516645241737/500000000000
13566 8236870823/8000000000
13568 32006736991/31250000000
13570 207599318739/200000000000
13572 1028980991707/1000000000000
13574 1025024901639/1000000000000
13576 1011800077757/1000000000000
13578 1030125064369/1000000000000
13580 254759751119/250000000000
13582 127075297179/125000000000
13584 508400681287/500000000000
13586 1020274592101/1000000000000
13588 508418266617/500000000000
13590 1007912965949/1000000000000
13592 1018067754443/1000000000000
13594 505594887297/500000000000
13596 1012792505891/1000000000000
13598 130909126757/125000000000
13600 25899013437/25000000000
13602 263015673933/250000000000
13604 32551271699/31250000000
13606 1033066476787/1000000000000
13608 511191337557/500000000000
13610 1040105411/1000000000
13612 259619980343/250000000000
13614 255176109899/250000000000
13616 1021798316169/1000000000000
13618 1028839529459/1000000000000
13620 127690571449/125000000000
13622 1017422359787/1000000000000
13624 1020071834093/1000000000000
13626 20419478007/20000000000
13628 127323691879/125000000000
13630 504844494963/500000000000
13632 1010035928379/1000000000000
13634 101026180129/100000000000
13636 1011229863253/1000000000000
13638 202857609067/200000000000
13640 500881304243/500000000000
13642 253328470229/250000000000
13644 1002684282747/1000000000000
13646 1001547233541/1000000000000
13648 1008732616261/1000000000000
13650 500759577773/500000000000
13652 200832361247/200000000000
13654 200436754661/200000000000
13656 1029047041711/1000000000000
13658 250094405449/250000000000
13660 1023457483283/1000000000000
13662 1017600611517/1000000000000
13664 63675059453/62500000000
13666 1020535783629/1000000000000
13668 510997749147/500000000000
13670 507930196773/500000000000
13672 251655293469/250000000000
13674 254803286913/250000000000
13676 1008389405267/1000000000000
13678 252949192243/250000000000
13680 501421379843/500000000000
13682 253577914537/250000000000
13684 1008345232529/1000000000000
13686 200155872547/200000000000
13688 1017640967809/1000000000000
13690 1003461354733/1000000000000
13692 509673621861/500000000000
13694 1024840259623/1000000000000
13696 15754270211/15625000000
13698 1018652917749/1000000000000
13700 1004858349067/1000000000000
13702 1006288650781/1000000000000
13704 1009997187807/1000000000000
13706 503620680977/500000000000
13708 1005114142983/1000000000000
13710 504214137937/500000000000
13712 1038845258753/1000000000000
13714 40283121407/40000000000
13716 254372441853/250000000000
13718 41648192051/40000000000
13720 1065208070811/1000000000000
13722 257434673117/250000000000
13724 1050987112453/1000000000000
13726 507169326521/500000000000
13728 1007994819533/1000000000000
13730 1014030150371/1000000000000
13732 1013792282971/1000000000000
13734 251986827993/250000000000
13736 1001158902609/1000000000000
13738 1011697426663/1000000000000
13740 1001520593751/1000000000000
13742 1001960280849/1000000000000
13744 63295082929/62500000000
13746 500791236867/500000000000
13748 1008942846883/1000000000000
13750 63007191763/62500000000
13752 1026601293591/1000000000000
13754 100241887037/100000000000
13756 1026842208719/1000000000000
13758 1069181589659/1000000000000
13760 1074494589331/1000000000000
13762 1056005669813/1000000000000
13764 529261161109/500000000000
13766 1065762243789/1000000000000
13768 535859756677/500000000000
13770 529642194797/500000000000
13772 1067462609841/1000000000000
13774 1066586789959/1000000000000
13776 1062137173099/1000000000000
13778 104660979163/100000000000
13780 516533522627/500000000000
13782 65098953439/62500000000
13784 1015602651621/1000000000000
13786 518688725001/500000000000
13788 65090539229/62500000000
13790 40615000639/40000000000
13792 509276850097/500000000000
13794 516742565479/500000000000
13796 263418800971/250000000000
13798 101071465849/100000000000
13800 63307843289/62500000000
13802 531181149523/500000000000
13804 519763616791/500000000000
13806 528340036333/500000000000
13810 21475002537/20000000000
13812 262997501477/250000000000
13814 1081640468481/1000000000000
13816 66298456679/62500000000
13818 1073524497761/1000000000000
13820 1068244766261/1000000000000
13822 1046145624669/1000000000000
13824 525185611451/500000000000
13828 1041464937899/1000000000000
13830 41940388217/40000000000
13832 1044991487513/1000000000000
13834 262238333877/250000000000
13836 1043536315429/1000000000000
13838 1049582786689/1000000000000
13840 262437717509/250000000000
13842 526203346237/500000000000
13844 1047742860433/1000000000000
13846 208810420959/200000000000
13848 1071153724171/1000000000000
13850 1075603811287/1000000000000
13852 1048167677803/1000000000000
13854 528494402717/500000000000
13856 526381944259/500000000000
13858 261720943497/250000000000
13860 519601677193/500000000000
13862 1040528703343/1000000000000
13864 518337589159/500000000000
13866 258738216589/250000000000
13868 1049510000881/1000000000000
13870 104568181199/100000000000
13872 26193855169/25000000000
13874 52196298437/50000000000
13876 515297766941/500000000000
13878 1023810500081/1000000000000
13880 1032654753873/1000000000000
13882 512590624899/500000000000
13884 1046172427013/1000000000000
13886 523573719111/500000000000
13888 208420814387/200000000000
13890 208998476629/200000000000
13892 1051828410429/1000000000000
13894 1054367605307/1000000000000
13896 1050338726221/1000000000000
13898 1047131085987/1000000000000
13900 8334838083/8000000000
13902 103611193667/100000000000
13904 523889505709/500000000000
13906 1042926477789/1000000000000
13908 261063243517/250000000000
13910 521350902433/500000000000
13912 129865743893/125000000000
13914 1049178705649/1000000000000
13916 1030093593403/1000000000000
13918 1018650800423/1000000000000
13920 256505358747/250000000000
13922 253544505567/250000000000
13924 41250853717/40000000000
13926 41029480521/40000000000
13928 129999599061/125000000000
13930 513927060001/500000000000
13932 506370476903/500000000000
13934 31588870009/31250000000
13936 1009859350203/1000000000000
13938 1006715144289/1000000000000
13940 1043191076017/1000000000000
13942 42175166007/40000000000
13944 32633616907/31250000000
13946 1057869652087/1000000000000
13948 1029002713909/1000000000000
13950 510709216687/500000000000
13952 103448612423/100000000000
13954 512572126677/500000000000
13956 260020288231/250000000000
13958 1028721357933/1000000000000
13960 1049159728651/1000000000000
13962 1038369646237/1000000000000
13964 506914463479/500000000000
13966 1004819362401/1000000000000
13968 1022595137257/1000000000000
13970 1009203776391/1000000000000
13972 1042793252913/1000000000000
13974 516905200501/500000000000
13976 1041545532881/1000000000000
13978 103412047881/100000000000
13980 512404185471/500000000000
13982 1009308645713/1000000000000
13984 1023418086403/1000000000000
13986 1007047803921/1000000000000
13988 1023736822559/1000000000000
13990 1036391600813/1000000000000
13992 1028374521647/1000000000000
13994 1029325808969/1000000000000
13996 1009732419651/1000000000000
13998 200524385307/200000000000
14000 252003966471/250000000000
14002 50030401699/50000000000
14004 260946050493/250000000000
14006 1036318434259/1000000000000
14008 521080975957/500000000000
14010 1036359648317/1000000000000
14012 639256553/625000000
14014 251476393707/250000000000
14016 1023496393513/1000000000000
14018 1970743267/1953125000
14020 50965750419/50000000000
14022 1027381004569/1000000000000
14024 256364758951/250000000000
14026 1030008988369/1000000000000
14028 503668129247/500000000000
14030 1004811421223/1000000000000
14032 505024838061/500000000000
14034 1006615112369/1000000000000
14036 523442038703/500000000000
14038 260715579257/250000000000
14040 1053994980837/1000000000000
14042 211073048189/200000000000
14044 208774637599/200000000000
14046 1022072091597/1000000000000
14048 515258022727/500000000000
14050 505728819527/500000000000
14052 521148009241/500000000000
14054 130468383283/125000000000
14056 32648057561/31250000000
14058 1050166081149/1000000000000
14060 1004928086167/1000000000000
14062 100316254021/100000000000
14064 250075486849/250000000000
14066 1000974244191/1000000000000
14068 211008765489/200000000000
14070 1052833461771/1000000000000
14072 132229648847/125000000000
14074 516138629991/500000000000
14076 1017970048603/1000000000000
14078 205949235611/200000000000
14080 1017259119427/1000000000000
14082 264671773161/250000000000
14084 1050000965463/1000000000000
14086 528165258679/500000000000
14088 1059789115817/1000000000000
14090 31902901631/31250000000
14092 1023176215789/1000000000000
14094 508807110791/500000000000
14096 1022086164117/1000000000000
14098 1031616405651/1000000000000
14100 1031497458613/1000000000000
14102 516871559689/500000000000
14104 518886512871/500000000000
14106 262651772983/250000000000
14108 206045225519/200000000000
14110 1044231165287/1000000000000
14112 515525831141/500000000000
14114 1036651692501/1000000000000
14116 513837432269/500000000000
14118 207663465143/200000000000
14120 1036315843797/1000000000000
14122 1014942938399/1000000000000
14124 1022081224391/1000000000000
14126 253700984643/250000000000
14128 1022031769379/1000000000000
14130 519195042667/500000000000
14132 2080361181/2000000000
14134 1048369559009/1000000000000
14136 523059098227/500000000000
14138 518928107483/500000000000
14140 205805972373/200000000000
14142 258291272823/250000000000
14144 1029538999523/1000000000000
14146 1044292593019/1000000000000
14148 207890789549/200000000000
14150 1047103420071/1000000000000
14152 26186572267/25000000000
14154 1020946115313/1000000000000
14156 51247603407/50000000000
14158 64551512693/62500000000
14160 258211728423/250000000000
14166 1022204229217/1000000000000
14172 522341664603/500000000000
14174 527152011699/500000000000
14180 1008728167301/1000000000000
14182 102567438351/100000000000
14188 521072529231/500000000000
14190 507114779089/500000000000
14192 1030701769723/1000000000000
14194 8141684699/8000000000
14196 514680858203/500000000000
14198 257022549607/250000000000
14200 52160911391/50000000000
14202 513463498417/500000000000
14204 255293974157/250000000000
14206 126926702051/125000000000
14208 20573559223/20000000000
14210 204977115939/200000000000
14212 507594277801/500000000000
14214 255243554509/250000000000
14216 15955001589/15625000000
14218 51122149773/50000000000
14268 514311306073/500000000000
14270 1033587838173/1000000000000
14272 1037119860993/1000000000000
14274 258593993883/250000000000
14276 1035156819053/1000000000000
14278 1046948740817/1000000000000
14280 26274702437/25000000000
14282 526037230769/500000000000
14284 526283133823/500000000000
14286 1031030088459/1000000000000
14288 257713092261/250000000000
14290 1050619612183/1000000000000
14292 523699742747/500000000000
14294 208270592633/200000000000
14296 260685468603/250000000000
14298 1045047605633/1000000000000
14300 519529278753/500000000000
14302 1042684096009/1000000000000
14304 1047594700617/1000000000000
14306 1047700184437/1000000000000
14308 1047832509239/1000000000000
14310 1042680188729/1000000000000
14312 66113608529/62500000000
14314 42294644771/40000000000
14316 130189647291/125000000000
14318 131092423551/125000000000
14320 1057152061579/1000000000000
14322 208616064249/200000000000
14324 210209323863/200000000000
14326 260473565453/250000000000
14328 207504287073/200000000000
14330 518900476833/500000000000
14332 1046227156197/1000000000000
14334 1049596296193/1000000000000
14336 1039139614053/1000000000000
14338 1053731576689/1000000000000
14340 258692594441/250000000000
14342 525745554363/500000000000
14344 104859502561/100000000000
14346 13000985721/12500000000
14348 1047959748683/1000000000000
14350 259882965667/250000000000
14352 1062367219533/1000000000000
14354 211035551823/200000000000
14356 213773509301/200000000000
14358 1057588909563/1000000000000
14360 532986193969/500000000000
14362 105156089797/100000000000
14364 1060841278113/1000000000000
14366 1076547446673/1000000000000
14368 265774956503/250000000000
14370 534182055607/500000000000
14372 33063493177/31250000000
14374 1061304226053/1000000000000
14376 1065046808337/1000000000000
14378 1057968487709/1000000000000
14380 105949662869/100000000000
14382 208969208481/200000000000
14384 528045733909/500000000000
14386 260929818117/250000000000
14388 208981955701/200000000000
14390 67572635713/62500000000
14392 1074635401673/1000000000000
14394 53681494319/50000000000
14396 267839419697/250000000000
14398 133276063979/125000000000
14400 42140409247/40000000000
14402 5288492801/5000000000
14404 52496666291/50000000000
14406 1044493690571/1000000000000
14408 1049797510213/1000000000000
14410 1047038119501/1000000000000
14412 529297909301/500000000000
14414 525535563183/500000000000
14416 524345386401/500000000000
14418 263529859933/250000000000
14420 266933499287/250000000000
14422 1060528185773/1000000000000
14424 33250999567/31250000000
14426 1063270295757/1000000000000
14428 1057788260881/1000000000000
14430 266568888843/250000000000
14432 267621420179/250000000000
14434 33671786101/31250000000
14436 267070227923/250000000000
14438 1058875549099/1000000000000
14440 1055671163013/1000000000000
14442 207988018987/200000000000
14444 520388077617/500000000000
14446 262317429079/250000000000
14448 41628624653/40000000000
14450 16269536113/15625000000
14452 525030330623/500000000000
14454 1054239632217/1000000000000
14456 1057147016431/1000000000000
14458 1035915789287/1000000000000
14460 64505763557/62500000000
14462 206409813569/200000000000
14464 516151888213/500000000000
14466 258593808507/250000000000
14468 1061141917597/1000000000000
14470 1037653025113/1000000000000
14472 258335445571/250000000000
14474 1034076990159/1000000000000
14476 518780901237/500000000000
14478 1042898246483/1000000000000
14480 1050517187027/1000000000000
14482 105111088761/100000000000
14484 214066307713/200000000000
14486 1033774557263/1000000000000
14488 1039809658973/1000000000000
14490 1040934110459/1000000000000
14492 1045532085337/1000000000000
14494 1068689766913/1000000000000
14496 1052466730281/1000000000000
14498 522850147867/500000000000
14500 1032797846391/1000000000000
14502 257829805869/250000000000
14504 206397251237/200000000000
14506 514698786941/500000000000
14508 516517456533/500000000000
14510 517620784653/500000000000
14512 1038536832197/1000000000000
14514 32543428297/31250000000
14516 515254598087/500000000000
14518 128498373027/125000000000
14520 1027496862793/1000000000000
14522 257111401121/250000000000
14524 258575987187/250000000000
14526 519145458799/500000000000
14528 519385862491/500000000000
14530 1032315292931/1000000000000
14532 515751964219/500000000000
14534 257740294863/250000000000
14536 206426368469/200000000000
14538 1037236604643/1000000000000
14540 104131280373/100000000000
14542 522976869387/500000000000
14544 521594773801/500000000000
14546 209504648449/200000000000
14548 207442763163/200000000000
14550 1026969943757/1000000000000
14552 1036056628767/1000000000000
14554 4017895111/3906250000
14556 130308010359/125000000000
14558 1038243033759/1000000000000
14560 131042659773/125000000000
14562 261781272161/250000000000
14568 51130143859/50000000000
14570 1021672889659/1000000000000
14576 63708226561/62500000000
14578 102259283537/100000000000
14584 1027213017219/1000000000000
14586 514968795863/500000000000
14592 1020807955351/1000000000000
14594 1010692097319/1000000000000
14596 1023948276253/1000000000000
14598 513631719323/500000000000
14600 257299923623/250000000000
14602 1028824487861/1000000000000
14604 127880903199/125000000000
14606 513630636661/500000000000
14608 16046562607/15625000000
14610 514085961713/500000000000
14612 103220934681/100000000000
14614 257728980051/250000000000
14616 257882896609/250000000000
14618 516548232999/500000000000
14620 51388569309/50000000000
14622 1021980774601/1000000000000
14624 515569880621/500000000000
14626 20680349579/20000000000
14690 40783448851/40000000000
14692 509473316159/500000000000
14694 996900321/976562500
14696 203449356023/200000000000
14698 1040058335191/1000000000000
14700 8094366289/7812500000
14702 4150704749/4000000000
14704 1032992785177/1000000000000
14706 127800796121/125000000000
14708 1013373472583/1000000000000
14710 505576297711/500000000000
14712 1032341261027/1000000000000
14714 257228824607/250000000000
14716 1004081217179/1000000000000
14718 1001662341113/1000000000000
14720 504575097617/500000000000
14722 126311401297/125000000000
14724 131510807869/125000000000
14726 2059280101/1953125000
14728 1049149327031/1000000000000
14730 1012085047001/1000000000000
14732 1021905131557/1000000000000
14734 508532940681/500000000000
14736 1020618805293/1000000000000
14738 529582927379/500000000000
14740 536586777353/500000000000
14742 1052704263583/1000000000000
14744 106120757189/100000000000
14746 1026056352117/1000000000000
14748 258959144861/250000000000
14750 516697922783/500000000000
14752 524066534427/500000000000
14754 262068790681/250000000000
14756 206718536067/200000000000
14758 258652237437/250000000000
14760 1028150818909/1000000000000
14762 514467971157/500000000000
14764 1049675680969/1000000000000
14766 211120135273/200000000000
14768 1047170312401/1000000000000
14770 526921118791/500000000000
14772 1021882143979/1000000000000
14774 1032158628487/1000000000000
14776 163309733/160000000
14778 25838160083/25000000000
14780 52640632673/50000000000
14782 1061372159121/1000000000000
14784 1058791162623/1000000000000
14786 1063029441173/1000000000000
14788 522846139059/500000000000
14790 20996975679/20000000000
14792 518020026981/500000000000
14794 1040038869883/1000000000000
14796 1069326373521/1000000000000
14798 1071068065837/1000000000000
14800 1061692742951/1000000000000
14802 203084528581/200000000000
14804 254198063271/250000000000
14806 504647730343/500000000000
14808 101155719877/100000000000
14810 104517891607/100000000000
14812 262804377109/250000000000
14814 65971877841/62500000000
14816 1058464699101/1000000000000
14818 127688998881/125000000000
14820 1034179047369/1000000000000
14822 1019095994519/1000000000000
14824 1030040310171/1000000000000
14826 132945822729/125000000000
14828 532140689823/500000000000
14830 1067466651247/1000000000000
14832 107458709203/100000000000
14834 1045720065601/1000000000000
14836 524879766159/500000000000
14838 205872160037/200000000000
14840 1043854673241/1000000000000
14842 128370195623/125000000000
14844 259381927341/250000000000
14846 519897537291/500000000000
14848 41742192531/40000000000
14850 131946684293/125000000000
14852 526567001783/500000000000
14854 65683805313/62500000000
14856 66003099713/62500000000
14858 520782240123/500000000000
14860 129877782567/125000000000
14862 523156553909/500000000000
14864 1046585216997/1000000000000
14866 256750118187/250000000000
14868 25973028367/25000000000
14870 1023338720977/1000000000000
14872 4025022063/3906250000
14874 522718368663/500000000000
14876 1049345755013/1000000000000
14878 1046021938137/1000000000000
14880 1051707810061/1000000000000
14882 524139855253/500000000000
14884 263695366599/250000000000
14886 261777931681/250000000000
14888 526569052743/500000000000
14890 1051127356691/1000000000000
14892 211066868059/200000000000
14894 1061283188217/1000000000000
14896 66069111463/62500000000
14898 1042968575527/1000000000000
14900 1053905759359/1000000000000
14902 131426764449/125000000000
14904 1058290646063/1000000000000
14906 254286972451/250000000000
14908 1021438505197/1000000000000
14910 509658003201/500000000000
14912 1024247213399/1000000000000
14914 1059152597587/1000000000000
14916 211051164327/200000000000
14918 527372673331/500000000000
14920 1052609566691/1000000000000
14922 40945406331/40000000000
14924 1027140643263/1000000000000
14926 64367816639/62500000000
14928 514777307789/500000000000
14930 105217808073/100000000000
14932 1052320709213/1000000000000
14934 1049380204097/1000000000000
14936 104841822413/100000000000
14938 1022192723757/1000000000000
14940 206384973837/200000000000
14942 25695179493/25000000000
14944 1035215977999/1000000000000
14946 526258945003/500000000000
14948 1052762253049/1000000000000
14950 132036491661/125000000000
14952 21025706481/20000000000
14954 516696633581/500000000000
14956 1033450443263/1000000000000
14958 518469241727/500000000000
14960 128912373293/125000000000
14962 1048297786091/1000000000000
14964 1055872990453/1000000000000
14966 1051460037801/1000000000000
14968 527031127641/500000000000
14970 7998911741/7812500000
14972 1035137211473/1000000000000
14974 509159068359/500000000000
14976 128861174489/125000000000
14978 212420510621/200000000000
14980 1081955139597/1000000000000
14982 53443673719/50000000000
14984 1025033642213/1000000000000
14986 1015842411481/1000000000000
14988 512262835209/500000000000
14990 25387843319/25000000000
14992 262988170341/250000000000
14994 527462534039/500000000000
14996 524647260473/500000000000
14998 1057910095321/1000000000000
15000 128075740677/125000000000
15002 63812509023/62500000000
15004 511854983467/500000000000
15006 1018985501407/1000000000000
15008 216628258581/200000000000
15010 1075886566821/1000000000000
15012 531440377011/500000000000
15014 1020668397169/1000000000000
15016 1024417284627/1000000000000
15018 255749973401/250000000000
15020 102977333833/100000000000
15024 1077084301999/1000000000000
15026 535153574817/500000000000
15032 259000880193/250000000000
15034 517432908511/500000000000
15036 1074063107307/1000000000000
15042 517044068829/500000000000
15044 1034451304623/1000000000000
15046 213862437747/200000000000
15048 1063174791187/1000000000000
15050 1317669883/1250000000
15052 1054149253501/1000000000000
15054 1036397132011/1000000000000
15056 519557613191/500000000000
15058 205895299523/200000000000
15060 520238855169/500000000000
15062 269885428719/250000000000
15064 269470537113/250000000000
15066 517891735357/500000000000
15068 512389199469/500000000000
15070 16066556113/15625000000
15072 1019688125097/1000000000000
15118 1028504909357/1000000000000
15120 1011143330303/1000000000000
15122 1022007164979/1000000000000
15124 1022905599783/1000000000000
15126 25461608897/25000000000
15128 1021460153187/1000000000000
15130 125457299789/125000000000
15132 1001223736301/1000000000000
15134 200226155419/200000000000
15136 1002495258637/1000000000000
15138 127197109107/125000000000
15140 1016741757057/1000000000000
15142 253951338797/250000000000
15144 812114303/800000000
15146 1014698524777/1000000000000
15148 40810099257/40000000000
15150 1003149418401/1000000000000
15152 125187758969/125000000000
15154 1008688275241/1000000000000
15156 100444235877/100000000000
15158 127411273683/125000000000
15160 1010744988189/1000000000000
15162 1010306181791/1000000000000
15164 1008821204147/1000000000000
15166 506403531361/500000000000
15168 1011593546857/1000000000000
15170 253232353711/250000000000
15172 1002380157127/1000000000000
15174 502653390809/500000000000
15176 1004480158877/1000000000000
15178 502815346191/500000000000
15180 126550768753/125000000000
15182 203376846239/200000000000
15184 1011859043471/1000000000000
15186 202192300759/200000000000
15188 1008548618077/1000000000000
15190 505971231443/500000000000
15192 252041194921/250000000000
15194 1006402302981/1000000000000
15196 15789800337/15625000000
15198 201627470687/200000000000
15200 1017519285259/1000000000000
15202 1004960141267/1000000000000
15204 501304336237/500000000000
15206 1000387865753/1000000000000
15208 1002623102459/1000000000000
15210 1011336430377/1000000000000
15212 1011237331949/1000000000000
15214 40509919303/40000000000
15216 505259973307/500000000000
15218 125541551113/125000000000
15220 7835118107/7812500000
15222 999997511867/1000000000000
15224 201337833077/200000000000
15226 515014396019/500000000000
15228 25969727407/25000000000
15230 31913135709/31250000000
15232 1033043999333/1000000000000
15234 515257646383/500000000000
15236 1038436920679/1000000000000
15238 1024433630063/1000000000000
15240 64330847491/62500000000
15242 210469414149/200000000000
15244 530471143539/500000000000
15246 1039285746681/1000000000000
15248 2638237739/2500000000
15250 526389713383/500000000000
15252 1064011437497/1000000000000
15254 1046750953053/1000000000000
15256 525521712231/500000000000
15258 1018910836989/1000000000000
15260 515085450291/500000000000
15262 1013383433523/1000000000000
15264 204216366689/200000000000
15266 254977333481/250000000000
15268 255893942937/250000000000
15270 252836595307/250000000000
15272 101776203231/100000000000
15274 1034020311123/1000000000000
15276 1039277684783/1000000000000
15278 128258301827/125000000000
15280 1037824151131/1000000000000
15282 257658008319/250000000000
15284 1041185443053/1000000000000
15286 32064155023/31250000000
15288 1030531491047/1000000000000
15290 265050868999/250000000000
15292 214188707859/200000000000
15294 131129077981/125000000000
15296 1061392020069/1000000000000
15298 533957866291/500000000000
15300 1083766243331/1000000000000
15302 1059644539701/1000000000000
15304 532341260077/500000000000
15306 1090565192241/1000000000000
15308 1098421473467/1000000000000
15310 1077696694501/1000000000000
15312 544315119627/500000000000
15314 543330545581/500000000000
15316 271302696979/250000000000
15318 268948165281/250000000000
15320 135039801393/125000000000
15322 8139900517/7812500000
15324 132158667857/125000000000
15326 259004672013/250000000000
15328 525192062551/500000000000
15330 13160013873/12500000000
15332 212771644883/200000000000
15334 260500950317/250000000000
15336 524939949443/500000000000
15338 1071476609677/1000000000000
15340 135685699853/125000000000
15342 42495954273/40000000000
15344 1072380073141/1000000000000
15346 1073324503961/1000000000000
15348 215939457459/200000000000
15350 1060053369799/1000000000000
15352 1070516892823/1000000000000
15354 1102402506191/1000000000000
15356 1110787983383/1000000000000
15358 34073205901/31250000000
15360 218764066959/200000000000
15362 1086600664499/1000000000000
15364 540547130047/500000000000
15366 537203206831/500000000000
15368 543445378169/500000000000
15370 17017879261/15625000000
15372 555049576323/500000000000
15374 1080246160999/1000000000000
15376 1092563522167/1000000000000
15378 1073606645909/1000000000000
15380 1073426534963/1000000000000
15382 53477370279/50000000000
15384 108418635153/100000000000
15386 1059669697469/1000000000000
15388 1080272597897/1000000000000
15390 219999743341/200000000000
15392 1093648288963/1000000000000
15394 1088864036243/1000000000000
15396 273641312119/250000000000
15398 4362830271/4000000000
15400 547605036417/500000000000
15402 4340286657/3906250000
15404 1106328319781/1000000000000
15406 541601180443/500000000000
15408 542786777471/500000000000
15410 274515883709/250000000000
15412 1081748772501/1000000000000
15414 216112481491/200000000000
15420 276231595309/250000000000
15422 280327947607/250000000000
15426 1092989132573/1000000000000
15430 111446712423/100000000000
15432 1124522750189/1000000000000
15434 6931145927/6250000000
15436 274622102869/250000000000
15438 218835284491/200000000000
15440 3511990143/3125000000
15482 250359885279/250000000000
15484 126337330591/125000000000
15486 100203907929/100000000000
15488 100203907929/100000000000
15490 502968389729/500000000000
15492 12516283823/12500000000
15494 125656940871/125000000000
15496 250369618553/250000000000
15498 500415771863/500000000000
15500 500415771863/500000000000
15502 125177913273/125000000000
15504 125261900773/125000000000
15506 501213479253/500000000000
15508 125184004447/125000000000
15510 501789582217/500000000000
15512 50096652187/50000000000
15514 1000151007221/1000000000000
15516 1000151007221/1000000000000
15518 507273599431/500000000000
15520 206750376209/200000000000
15522 500859104511/500000000000
15524 1011426698867/1000000000000
15526 510514719173/500000000000
15528 125212660991/125000000000
15530 126726100259/125000000000
15532 1002157447759/1000000000000
15534 1001445692811/1000000000000
15536 1034969911889/1000000000000
15538 261215319629/250000000000
15540 1001548909259/1000000000000
15542 501184823353/500000000000
15544 203199311249/200000000000
15546 509925574381/500000000000
15548 1002069056833/1000000000000
15550 1003738454411/1000000000000
15552 40678078953/40000000000
15554 1003963545339/1000000000000
15556 1000681088453/1000000000000
15558 1018310612649/1000000000000
15560 502455564021/500000000000
15562 1000093412969/1000000000000
15564 1006866817569/1000000000000
15566 251736095803/250000000000
15568 503359366981/500000000000
15570 1010039361819/1000000000000
15572 1011484937961/1000000000000
15574 1007466458941/1000000000000
15576 1005387922233/1000000000000
15578 1006407843679/1000000000000
15580 1003385117273/1000000000000
15582 100083500357/100000000000
15584 100083500357/100000000000
15586 100083500357/100000000000
15588 12532013839/12500000000
15590 12523615089/12500000000
15592 1002058283353/1000000000000
15594 1001378963941/1000000000000
15596 503566079353/500000000000
15598 503349954333/500000000000
15600 1006876170059/1000000000000
15602 1006876170059/1000000000000
15604 251884781121/250000000000
15606 401329277/400000000
15608 125538040561/125000000000
15610 251231331121/250000000000
15612 251227316729/250000000000
15614 251733108733/250000000000
15616 100792291941/100000000000
15622 506944053211/500000000000
15624 125051965491/125000000000
15626 125135952991/125000000000
15628 504125977539/500000000000
15630 253310335111/250000000000
15632 1015513413569/1000000000000
15652 529771463221/500000000000
15654 1070568299477/1000000000000
15656 42185847627/40000000000
15658 1045381407637/1000000000000
15660 26301505403/25000000000
15662 4121564979/3906250000
15666 211690557017/200000000000
15670 265296348933/250000000000
15672 529698025373/500000000000
15674 823178293/781250000
15676 525740014611/500000000000
15678 1058092113177/1000000000000
15696 1078442029223/1000000000000
15698 1057293399241/1000000000000
15700 263426091419/250000000000
15702 4061540103/3906250000
15704 1063653373499/1000000000000
15706 512178156419/500000000000
15708 1019917604491/1000000000000
15710 1032857035441/1000000000000
15712 1027515428639/1000000000000
15714 210313844353/200000000000
15716 1030951443781/1000000000000
15718 260379125947/250000000000
15720 1036006097063/1000000000000
15722 129940708461/125000000000
15724 1035465838811/1000000000000
15726 536884737703/500000000000
15728 1046211665379/1000000000000
15730 1049134617993/1000000000000
15732 1039453921577/1000000000000
15734 1044790219497/1000000000000
15736 515234120559/500000000000
15738 519221460449/500000000000
15740 517278012501/500000000000
15742 129341419203/125000000000
15744 1071591618779/1000000000000
15746 1012121146801/1000000000000
15748 1017247214241/1000000000000
15750 50793666871/50000000000
15752 1019938036301/1000000000000
15754 1039721364197/1000000000000
15756 516746061671/500000000000
15758 519898840981/500000000000
15760 1047306691183/1000000000000
15762 514054377559/500000000000
15764 1043742774881/1000000000000
15766 1025281217017/1000000000000
15768 260346027873/250000000000
15770 528896810217/500000000000
15772 527044498389/500000000000
15774 529379757687/500000000000
15776 1055008072001/1000000000000
15778 1021857056881/1000000000000
15780 203805920001/200000000000
15782 1027410448827/1000000000000
15784 256334023011/250000000000
15786 1037334893849/1000000000000
15788 260801745579/250000000000
15790 128144929103/125000000000
15792 64694003997/62500000000
15794 513655211913/500000000000
15796 1032108536019/1000000000000
15798 264168611143/250000000000
15800 1060510920101/1000000000000
15802 1063148544577/1000000000000
15804 42538977427/40000000000
15806 1010046038461/1000000000000
15808 1017527676849/1000000000000
15810 504286249483/500000000000
15812 509682829449/500000000000
15814 103690773263/100000000000
15816 1049314806553/1000000000000
15818 1039845010889/1000000000000
15820 1045014088441/1000000000000
15822 518415512311/500000000000
15824 1059808039421/1000000000000
15826 518806568993/500000000000
15828 529662199579/500000000000
15830 208100067397/200000000000
15832 1042938951917/1000000000000
15834 522736701817/500000000000
15836 521955757511/500000000000
15838 1010337304147/1000000000000
15840 509612450121/500000000000
15842 1013121982249/1000000000000
15844 255024862413/250000000000
15846 518844460619/500000000000
15848 32599701569/31250000000
15850 518123383971/500000000000
15852 1042062802229/1000000000000
15854 1032362438759/1000000000000
15856 525936083049/500000000000
15858 515264718677/500000000000
15860 262672340543/250000000000
15862 262580390971/250000000000
15864 26197814257/25000000000
15866 210567718071/200000000000
15868 526290918861/500000000000
15874 512702604677/500000000000
15876 1033165725431/1000000000000
15882 20799177363/20000000000
15884 1045852324281/1000000000000
15890 1045137579797/1000000000000
15892 1065261024473/1000000000000
15898 1057370148883/1000000000000
15900 1054493383433/1000000000000
15902 1022534855941/1000000000000
15904 515648368437/500000000000
15906 1013935161859/1000000000000
15908 1025429004797/1000000000000
15910 519413864109/500000000000
15912 6512451669/6250000000
15914 1040720438897/1000000000000
15916 261584789673/250000000000
15918 522793372171/500000000000
15920 1063207345331/1000000000000
15922 1049241277713/1000000000000
15924 265474884867/250000000000
15926 525615994287/500000000000
15928 1053328208861/1000000000000
15930 1049968328767/1000000000000
15932 525164004547/500000000000
15996 516196415219/500000000000
15998 66475653/64000000
16000 1029690929137/1000000000000
16002 519761464321/500000000000
16004 1043007502619/1000000000000
16006 1037019571737/1000000000000
16008 207258068081/200000000000
16010 1032684147133/1000000000000
16012 509635950719/500000000000
16014 1018906582727/1000000000000
16016 1017728696513/1000000000000
16018 1016615423659/1000000000000
16020 516542453453/500000000000
16022 1041068764579/1000000000000
16024 103704437701/100000000000
16026 208813881397/200000000000
16028 53206637757/50000000000
16030 1062015869971/1000000000000
16032 1048091314981/1000000000000
16034 1028837718909/1000000000000
16036 1050988995827/1000000000000
16038 1042022964071/1000000000000
16040 265887107641/250000000000
16042 1035603317451/1000000000000
16044 258011642873/250000000000
16046 520296907203/500000000000
16048 104703819307/100000000000
16050 1041534789277/1000000000000
16052 1040837253319/1000000000000
16054 334606707/312500000
16056 210749695233/200000000000
16058 262460457987/250000000000
16060 262054621449/250000000000
16062 260152977633/250000000000
16064 212593680879/200000000000
16066 521195760323/500000000000
16068 32009910389/31250000000
16070 1040636801839/1000000000000
16072 1031893426909/1000000000000
16074 1065308545859/1000000000000
16076 1030322257419/1000000000000
16078 1071912509163/1000000000000
16080 1050743867599/1000000000000
16082 808603909/800000000
16084 1011749644479/1000000000000
16086 506233288299/500000000000
16088 1008636978757/1000000000000
16090 512189696289/500000000000
16092 103203006053/100000000000
16094 205009696319/200000000000
16096 1030329135589/1000000000000
16098 1063453614453/1000000000000
16100 524915840969/500000000000
16102 211788503159/200000000000
16104 1058228751853/1000000000000
16106 266647421569/250000000000
16108 133244189333/125000000000
16110 512355254703/500000000000
16112 63906841501/62500000000
16114 104188415571/100000000000
16116 256910888727/250000000000
16118 258886150129/250000000000
16120 41073944117/40000000000
16122 524098433799/500000000000
16124 514128785213/500000000000
16126 1018537480453/1000000000000
16128 1008237272699/1000000000000
16130 1027870072369/1000000000000
16132 31603116847/31250000000
16134 127507148391/125000000000
16136 505937631783/500000000000
16138 1027088096209/1000000000000
16140 254318295967/250000000000
16142 10168239341/10000000000
16144 1026855057081/1000000000000
16146 505060232323/500000000000
16148 510880606629/500000000000
16150 128601233177/125000000000
16152 52162700467/50000000000
16154 511903575891/500000000000
16156 521722079449/500000000000
16158 1037097172203/1000000000000
16160 253448750437/250000000000
16162 1628556859/1562500000
16164 1015191478877/1000000000000
16166 32372804147/31250000000
16168 204280435279/200000000000
16170 1048157657743/1000000000000
16172 1022811712519/1000000000000
16174 1009371865597/1000000000000
16176 101771569921/100000000000
16178 1006100291773/1000000000000
16180 100466068463/100000000000
16182 511490852111/500000000000
16184 51748792099/50000000000
16186 202469820391/200000000000
16188 513957818591/500000000000
16190 1013350317169/1000000000000
16192 256425748297/250000000000
16194 1010697423407/1000000000000
16196 510198476441/500000000000
16198 62893334247/62500000000
16200 1278500801/1250000000
16202 505082891743/500000000000
16204 204482412171/200000000000
16206 1033371877081/1000000000000
16208 210118990359/200000000000
16210 515774391991/500000000000
16212 209913690267/200000000000
16214 129793202961/125000000000
16216 1049250769643/1000000000000
16218 41600342381/40000000000
16220 8398816023/8000000000
16222 63490427953/62500000000
16224 126815123129/125000000000
16226 126916670493/125000000000
16228 506597671417/500000000000
16230 1009022277089/1000000000000
16232 1022525179519/1000000000000
16234 1016233100581/1000000000000
16236 507056355141/500000000000
16238 1022638251749/1000000000000
16240 1047539954203/1000000000000
16242 510388685213/500000000000
16244 207490731919/200000000000
16246 1040407858503/1000000000000
16248 209197922403/200000000000
16250 1031264333289/1000000000000
16252 1046720202729/1000000000000
16254 252600940249/250000000000
16256 514344368741/500000000000
16258 12620168471/12500000000
16260 514173659041/500000000000
16262 502539729409/500000000000
16264 1023395580643/1000000000000
16266 125383354933/125000000000
16268 255486823759/250000000000
16270 65512250673/62500000000
16272 1069772932751/1000000000000
16274 260185499287/250000000000
16276 1067468645357/1000000000000
16278 1047364759187/1000000000000
16280 536009771667/500000000000
16282 208806832829/200000000000
16284 1063536639091/1000000000000
16286 1010686728411/1000000000000
16288 1028476440681/1000000000000
16290 1015296003607/1000000000000
16292 32226636561/31250000000
16294 504480407353/500000000000
16296 1018620307301/1000000000000
16298 200964568677/200000000000
16300 204179824963/200000000000
16302 209370069531/200000000000
16304 264817297977/250000000000
16306 1040888965093/1000000000000
16308 526347979999/500000000000
16310 259786550313/250000000000
16312 1059106011799/1000000000000
16314 519316804759/500000000000
16316 105455955157/100000000000
16322 125247374827/125000000000
16324 3188754419/3125000000
16330 506406872901/500000000000
16332 206104085507/200000000000
16338 1059851287771/1000000000000
16340 543413346989/500000000000
16346 527720496801/500000000000
16348 269746696927/250000000000
16350 501023047193/500000000000
16352 256919131529/250000000000
16354 201021949299/200000000000
16356 128770953949/125000000000
16358 1012283355043/1000000000000
16360 1032375585507/1000000000000
16362 1009554884921/1000000000000
16364 32158336909/31250000000
16366 528483885647/500000000000
16368 134775588547/125000000000
16370 1052790817127/1000000000000
16372 1071209192137/1000000000000
16374 528692453611/500000000000
16376 1081604399439/1000000000000
16378 1050720301719/1000000000000
16380 67121741159/62500000000
16446 51190150829/50000000000
16448 1022482595591/1000000000000
16450 256138799919/250000000000
16452 512042289123/500000000000
16454 64124878437/62500000000
16456 1024335534969/1000000000000
16458 1034913580441/1000000000000
16460 1032216010857/1000000000000
16462 1024728829521/1000000000000
16464 512292593679/500000000000
16466 31874408039/31250000000
16468 12760278343/12500000000
16470 509596884977/500000000000
16472 509091576507/500000000000
16474 506700878919/500000000000
16476 40388727379/40000000000
16478 512906769603/500000000000
16480 256939002329/250000000000
16482 255414903261/250000000000
16484 1024906976467/1000000000000
16486 26020735199/25000000000
16488 1047808157323/1000000000000
16490 1038217374999/1000000000000
16492 523082623337/500000000000
16494 1036670278461/1000000000000
16496 1024863563707/1000000000000
16498 1036173353011/1000000000000
16500 206131476909/200000000000
16502 210121866209/200000000000
16504 1039755619069/1000000000000
16506 1047482477123/1000000000000
16508 209038222421/200000000000
16510 512449884563/500000000000
16512 127796719997/125000000000
16514 8103181423/7812500000
16516 1040965088281/1000000000000
16518 520179479359/500000000000
16520 208035699197/200000000000
16522 6400126907/6250000000
16524 204083019691/200000000000
16526 210318900141/200000000000
16528 524256974449/500000000000
16530 207154095739/200000000000
16532 1033019762061/1000000000000
16534 1023462003651/1000000000000
16536 1016220472447/1000000000000
16538 1030852476351/1000000000000
16540 1016645036587/1000000000000
16542 1039085091607/1000000000000
16544 1028229928491/1000000000000
16546 65304070541/62500000000
16548 517612997131/500000000000
16550 252456553097/250000000000
16552 1021215017129/1000000000000
16554 1011775963719/1000000000000
16556 508608806777/500000000000
16558 1015420817797/1000000000000
16560 254194636643/250000000000
16562 512032908799/500000000000
16564 1029139209131/1000000000000
16566 1031243081967/1000000000000
16568 1027456116553/1000000000000
16570 102933144681/100000000000
16572 1033116733439/1000000000000
16574 209080510657/200000000000
16576 1043431779167/1000000000000
16578 208621060197/200000000000
16580 262324295407/250000000000
16582 1016355255673/1000000000000
16584 1020116948731/1000000000000
16586 31937496517/31250000000
16588 20434394897/20000000000
16590 129082725581/125000000000
16592 1028946100127/1000000000000
16594 522904114311/500000000000
16596 1036721071691/1000000000000
16598 1011930963257/1000000000000
16600 1005773128901/1000000000000
16602 1015522037851/1000000000000
16604 1003519015693/1000000000000
16606 1012461747623/1000000000000
16608 125442402769/125000000000
16610 102244225989/100000000000
16612 1012221019057/1000000000000
16614 1005121950247/1000000000000
16616 5085725863/5000000000
16618 507579746147/500000000000
16620 1018833668569/1000000000000
16622 1015429194571/1000000000000
16624 12766383721/12500000000
16626 1012379135951/1000000000000
16628 1020316589611/1000000000000
16630 63422560837/62500000000
16632 200369057427/200000000000
16634 505523588231/500000000000
16636 251453646149/250000000000
16638 127511383137/125000000000
16640 1015585255057/1000000000000
16642 16045012203/15625000000
16644 203810352473/200000000000
16646 254254471597/250000000000
16648 509027868203/500000000000
16650 506466796261/500000000000
16652 1022553878747/1000000000000
16654 25270975561/25000000000
16656 101688110469/100000000000
16658 1010896649029/1000000000000
16660 1007552266969/1000000000000
16662 501961427813/500000000000
16664 100799268603/100000000000
16666 507374494783/500000000000
16668 1019238692707/1000000000000
16670 505442024839/500000000000
16672 507088650841/500000000000
16674 101478003283/100000000000
16676 15794516409/15625000000
16678 127207670221/125000000000
16680 513958552691/500000000000
16682 1011892025891/1000000000000
16684 254577978677/250000000000
16686 1030069133891/1000000000000
16688 262282271909/250000000000
16690 1024468575089/1000000000000
16692 261430432693/250000000000
16694 1007171736081/1000000000000
16696 1011361726957/1000000000000
16698 50549587547/50000000000
16700 15726035757/15625000000
16702 1010209403917/1000000000000
16704 505302577191/500000000000
16706 1007059802689/1000000000000
16708 251036205453/250000000000
16710 1009363789973/1000000000000
16712 1013264991743/1000000000000
16714 100048847919/100000000000
16716 1012874336371/1000000000000
16718 509961222891/500000000000
16720 1040832058127/1000000000000
16722 1013600767681/1000000000000
16724 1031197488193/1000000000000
16726 203451290603/200000000000
16728 102158061233/100000000000
16730 505293211753/500000000000
16732 15805339123/15625000000
16734 503782297533/500000000000
16736 1034391133803/1000000000000
16738 125975688369/125000000000
16740 128718479339/125000000000
16742 1036921917463/1000000000000
16744 263462089257/250000000000
16746 1030372246667/1000000000000
16748 1052458305191/1000000000000
16750 1050667003037/1000000000000
16752 105724996321/100000000000
16754 10472939439/10000000000
16756 65549853481/62500000000
16758 503539474791/500000000000
16760 1016067150853/1000000000000
16762 251718169351/250000000000
16764 1009154756711/1000000000000
16766 1009047704317/1000000000000
16768 206654615341/200000000000
16770 50560888867/50000000000
16772 102108640427/100000000000
16774 257728178513/250000000000
16776 524111814917/500000000000
16778 1022556466271/1000000000000
16780 1037593428753/1000000000000
16782 16256593653/15625000000
16784 262714443193/250000000000
16786 518269943301/500000000000
16788 210385292677/200000000000
16794 127130781709/125000000000
16796 1033147582353/1000000000000
16802 1008807955353/1000000000000
16804 1024928020079/1000000000000
16810 524865804303/500000000000
16812 268914607939/250000000000
16818 260418268463/250000000000
16820 540125620617/500000000000
16822 1016882149253/1000000000000
16824 3219361281/3125000000
16826 1017574803283/1000000000000
16828 1031316874097/1000000000000
16830 200761100187/200000000000
16832 1023573799711/1000000000000
16834 503101413033/500000000000
16836 514598099851/500000000000
16838 519553345431/500000000000
16840 1065536387021/1000000000000
16842 64811967469/62500000000
16844 105434539771/100000000000
16846 523117752663/500000000000
16848 5354437071/5000000000
16850 525390752349/500000000000
16852 1062841767767/1000000000000
16918 1015356751927/1000000000000
16920 40605715319/40000000000
16922 201608877941/200000000000
16924 1015377132533/1000000000000
16926 1012218798473/1000000000000
16928 126463267073/125000000000
16930 125463487311/125000000000
16932 101042041289/100000000000
16934 503840941373/500000000000
16936 504127685633/500000000000
16938 500191275327/500000000000
16940 1000562388307/1000000000000
16942 100041095857/100000000000
16944 500366979877/500000000000
16946 515435537709/500000000000
16948 1029739157963/1000000000000
16950 1011820098699/1000000000000
16952 62641085409/62500000000
16954 1000496047937/1000000000000
16956 250160605659/250000000000
16958 1001933612949/1000000000000
16960 504156835631/500000000000
16962 15660350423/15625000000
16964 5019269927/5000000000
16966 1001010231997/1000000000000
16968 1003787249877/1000000000000
16970 250057531053/250000000000
16972 1005544904731/1000000000000
16974 1001707981447/1000000000000
16976 20103169429/20000000000
16978 1000594982433/1000000000000
16980 62674559431/62500000000
16982 100934301173/100000000000
16984 40019203603/40000000000
16986 500633744079/500000000000
16988 509727652831/500000000000
16990 511425695071/500000000000
16992 62772882523/62500000000
16994 257815575117/250000000000
16996 40469640473/40000000000
16998 40009647197/40000000000
17000 504974848089/500000000000
17002 202929399481/200000000000
17004 200804608721/200000000000
17006 101634937549/100000000000
17008 1000222112191/1000000000000
17010 502728905597/500000000000
17012 202932879891/200000000000
17014 1000791106111/1000000000000
17016 1016034085589/1000000000000
17018 251105966807/250000000000
17020 1008714838023/1000000000000
17022 500007794453/500000000000
17024 1008593078759/1000000000000
17026 1003257505159/1000000000000
17028 510747739809/500000000000
17030 1001516341907/1000000000000
17032 62789814567/62500000000
17034 1003552825333/1000000000000
17036 1007904628201/1000000000000
17038 1000486005341/1000000000000
17040 125562588051/125000000000
17042 208161935713/200000000000
17044 1043105895897/1000000000000
17046 514957572909/500000000000
17048 1042345080199/1000000000000
17050 203706107741/200000000000
17052 258131930797/250000000000
17054 127332730963/125000000000
17056 515196794801/500000000000
17058 200450521323/200000000000
17060 1004827922183/1000000000000
17062 250870062493/250000000000
17064 100159524529/100000000000
17066 500139231789/500000000000
17068 50242637287/50000000000
17070 1001364942919/1000000000000
17072 1003239398423/1000000000000
17074 255249673719/250000000000
17076 515625447353/500000000000
17078 201307457471/200000000000
17080 1023789634621/1000000000000
17082 1016425261047/1000000000000
17084 512183587323/500000000000
17086 1022233363763/1000000000000
17088 507311356533/500000000000
17090 64362565169/62500000000
17092 1045872014239/1000000000000
17094 128041586379/125000000000
17096 130767484329/125000000000
17098 1013326861363/1000000000000
17100 26048844353/25000000000
17102 1011832877937/1000000000000
17104 1025942739763/1000000000000
17106 131839934611/125000000000
17108 1060834109967/1000000000000
17110 8432790763/8000000000
17112 1053777713287/1000000000000
17114 1066469547987/1000000000000
17116 536587726823/500000000000
17118 261220087857/250000000000
17120 1064178343139/1000000000000
17122 202236672287/200000000000
17124 522107168193/500000000000
17126 125824757677/125000000000
17128 1031158501637/1000000000000
17130 1009333007689/1000000000000
17132 204024466179/200000000000
17134 201177212513/200000000000
17136 506062123581/500000000000
17138 21045007639/20000000000
17140 1052127670571/1000000000000
17142 262074779907/250000000000
17144 131552743237/125000000000
17146 519513465869/500000000000
17148 41587992733/40000000000
17150 64143027259/62500000000
17152 1025382197423/1000000000000
17158 41236718137/40000000000
17160 523765825967/500000000000
17166 1037338694023/1000000000000
17168 42999435149/40000000000
17174 1037338694023/1000000000000
17176 1027660891269/1000000000000
17182 545162337541/500000000000
17184 1082717114463/1000000000000
17186 1032095363067/1000000000000
17188 1046640587027/1000000000000
17190 206805407291/200000000000
17192 1043545103831/1000000000000
17194 1025067119759/1000000000000
17196 536180045583/500000000000
17198 102134564439/100000000000
17200 1052308337431/1000000000000
17202 13160676017/12500000000
17204 6536481277/6250000000
17206 1056293814877/1000000000000
17208 212368594497/200000000000
17210 1087130255101/1000000000000
17212 216444362751/200000000000
17214 539927862503/500000000000
17216 135354981263/125000000000
17282 254477338611/250000000000
17284 128256303587/125000000000
17286 1011627290051/1000000000000
17288 205238481241/200000000000
17290 1007717763311/1000000000000
17292 127721963627/125000000000
17294 127317300421/125000000000
17296 31974442023/31250000000
17298 252363644693/250000000000
17300 1015138296089/1000000000000
17302 203549894633/200000000000
17304 256966808707/250000000000
17306 1002201440881/1000000000000
17308 1005884666063/1000000000000
17310 1018067691221/1000000000000
17312 1045439708973/1000000000000
17314 41278193569/40000000000
17316 130327806727/125000000000
17318 1057352722533/1000000000000
17320 1018737442661/1000000000000
17322 205013680081/200000000000
17324 1037898871389/1000000000000
17326 256022306203/250000000000
17328 1027892092817/1000000000000
17330 254324577629/250000000000
17332 1035386215279/1000000000000
17334 506658411833/500000000000
17336 205589866701/200000000000
17338 6458755849/6250000000
17340 32742732101/31250000000
17342 1064690412141/1000000000000
17344 52426828099/50000000000
17346 1016866094717/1000000000000
17348 509332226249/500000000000
17350 130066949913/125000000000
17352 527117733983/500000000000
17354 523278067389/500000000000
17356 1013351215361/1000000000000
17358 260874911929/250000000000
17360 52515381621/50000000000
17362 1046300732261/1000000000000
17364 507892449667/500000000000
17366 1016174776203/1000000000000
17368 1014221479789/1000000000000
17370 510249243693/500000000000
17372 129521810533/125000000000
17374 1021166908173/1000000000000
17376 1052321525991/1000000000000
17378 1034300289613/1000000000000
17380 515200314081/500000000000
17382 52192594069/50000000000
17384 262167235971/250000000000
17386 1032597811791/1000000000000
17388 515826839241/500000000000
17390 526139480953/500000000000
17396 100623898081/100000000000
17398 50261887583/50000000000
17404 1029800895123/1000000000000
17406 257236035043/250000000000
17412 1006109437133/1000000000000
17414 1009947470073/1000000000000
17420 1015720001033/1000000000000
17422 1012640741939/1000000000000
17424 1026477948181/1000000000000
17426 507101269703/500000000000
17428 520870076007/500000000000
17430 1015393815179/1000000000000
17432 1033874431273/1000000000000
17434 1039481798603/1000000000000
17436 1042315731023/1000000000000
17438 1011233107057/1000000000000
17440 505707323807/500000000000
17442 1010447428951/1000000000000
17444 1010309882331/1000000000000
17446 1033309469051/1000000000000
17448 1017840975041/1000000000000
17450 260709559653/250000000000
17452 1029801626227/1000000000000
17518 1037917698609/1000000000000
17520 1024144339111/1000000000000
17522 1014654420731/1000000000000
17524 503927962719/500000000000
17526 1025936710159/1000000000000
17528 129446371611/125000000000
17530 1014611682399/1000000000000
17532 509078007301/500000000000
17534 257838696679/250000000000
17536 128608498559/125000000000
17538 525306575683/500000000000
17540 51166386043/50000000000
17542 108146311307/100000000000
17544 1068469407677/1000000000000
17546 519733032623/500000000000
17548 510248009091/500000000000
17550 1059831368443/1000000000000
17552 523364919001/500000000000
17554 20758619243/20000000000
17556 128204606491/125000000000
17558 255312331651/250000000000
17560 1054313449623/1000000000000
17562 12997094913/12500000000
17564 134294933793/125000000000
17566 1048724746387/1000000000000
17568 1072535597173/1000000000000
17570 1053157937957/1000000000000
17572 1045642901599/1000000000000
17574 1088143973053/1000000000000
17576 515961342997/500000000000
17578 259604721613/250000000000
17580 1025728501749/1000000000000
17582 528196084099/500000000000
17584 25699522899/25000000000
17586 130660951211/125000000000
17588 1054912287327/1000000000000
17590 105440133303/100000000000
17592 1025410354039/1000000000000
17594 1016239153821/1000000000000
17596 516829042931/500000000000
17598 506593540307/500000000000
17600 511000090309/500000000000
17602 1022882814583/1000000000000
17604 257328452163/250000000000
17606 51616231037/50000000000
17608 506405467523/500000000000
17610 255485168593/250000000000
17612 1015228414001/1000000000000
17614 1024790027243/1000000000000
17616 261452166613/250000000000
17618 526360604693/500000000000
17620 1028660009281/1000000000000
17622 1052433370431/1000000000000
17624 262459181813/250000000000
17626 529434818119/500000000000
17628 257038596291/250000000000
17630 512408014149/500000000000
17632 1046433946139/1000000000000
17634 520021005611/500000000000
17640 517405545981/500000000000
17646 1010251406059/1000000000000
17648 40347126629/40000000000
17654 1010491144721/1000000000000
17656 1017032290063/1000000000000
17662 101018241849/100000000000
17664 1010440106233/1000000000000
17666 103049318559/100000000000
17668 252894146289/250000000000
17670 41955353481/40000000000
17672 126563474739/125000000000
17674 125929320477/125000000000
17676 1013511777863/1000000000000
17678 201886122211/200000000000
17680 254530619831/250000000000
17682 508139916807/500000000000
17684 512073224287/500000000000
17686 509953800177/500000000000
17688 1011108708921/1000000000000
17690 1016798824563/1000000000000
17692 505266127343/500000000000
17694 50921301341/50000000000
17752 1038569504973/1000000000000
17754 51395433503/50000000000
17756 509234943591/500000000000
17758 1015362170979/1000000000000
17760 1060642556089/1000000000000
17762 1029981434951/1000000000000
17764 1023331331687/1000000000000
17766 1024400306041/1000000000000
17768 1030715515473/1000000000000
17770 520799028113/500000000000
17772 206105019183/200000000000
17774 1026944586601/1000000000000
17776 1031600839653/1000000000000
17778 255838107069/250000000000
17780 206679181589/200000000000
17782 1021053151241/1000000000000
17784 204653653613/200000000000
17786 1011712399387/1000000000000
17788 1032389107691/1000000000000
17790 1025622754629/1000000000000
17792 51881156803/50000000000
17794 1029855269291/1000000000000
17796 25569924671/25000000000
17798 1014627842241/1000000000000
17800 514164981081/500000000000
17802 63501967283/62500000000
17804 209719748699/200000000000
17806 1046800747217/1000000000000
17808 515009160783/500000000000
17810 127174738477/125000000000
17812 103523293479/100000000000
17814 509197521269/500000000000
17816 519918849959/500000000000
17818 1064628068617/1000000000000
17820 259750329907/250000000000
17822 1036382846621/1000000000000
17824 64207526719/62500000000
17826 255385293939/250000000000
17828 16004056147/15625000000
17830 1019586300513/1000000000000
17832 128983202361/125000000000
17834 6360806127/6250000000
17836 1035025456243/1000000000000
17838 203892234651/200000000000
17840 1093989174479/1000000000000
17842 1082280235007/1000000000000
17844 1079549899289/1000000000000
17846 542903558377/500000000000
17848 1067009869749/1000000000000
17850 535909546167/500000000000
17852 536085519581/500000000000
17854 526581545657/500000000000
17856 130397922641/125000000000
17858 1039369312673/1000000000000
17860 259011588969/250000000000
17862 206445240531/200000000000
17864 509185260077/500000000000
17866 1058843043409/1000000000000
17868 66019311519/62500000000
17874 1039664776773/1000000000000
17876 205703708181/200000000000
17878 133963416483/125000000000
17880 521503476041/500000000000
17882 514782747167/500000000000
17884 1055532176659/1000000000000
17908 261386031487/250000000000
17910 524493379459/500000000000
17912 516289566761/500000000000
17914 522299046851/500000000000
17916 526950077379/500000000000
17918 104854705139/100000000000
17920 2004102297/1953125000
17922 522503209949/500000000000
17924 1031108409809/1000000000000
17926 516438178001/500000000000
17928 31813615769/31250000000
17930 259272448059/250000000000
17932 1015009403143/1000000000000
17934 1036252688257/1000000000000
17936 1043880564157/1000000000000
17938 1048915410389/1000000000000
17940 51044294653/50000000000
17942 514033227411/500000000000
17944 1038262803503/1000000000000
17946 1028349223771/1000000000000
17948 206581676073/200000000000
17950 5110343833/5000000000
17952 512802970459/500000000000
17954 256373881469/250000000000
17956 51809030347/50000000000
17958 1052344134587/1000000000000
17960 41487038753/40000000000
17962 1041141778891/1000000000000
17964 101728104187/100000000000
17966 260264343223/250000000000
17968 507750927441/500000000000
17970 33865678233/31250000000
17972 533222203463/500000000000
17974 1040876037997/1000000000000
17976 1044134298053/1000000000000
17978 1016266875613/1000000000000
17982 1091821208817/1000000000000
17984 1122821639533/1000000000000
17986 557475664491/500000000000
17988 1102780575953/1000000000000
18004 1039587305403/1000000000000
18006 1037855730229/1000000000000
18008 104104312461/100000000000
18010 518049140649/500000000000
18012 1036177217243/1000000000000
18014 1026746623401/1000000000000
18016 1039898247353/1000000000000
18018 261997733993/250000000000
18020 51518540091/50000000000
18022 41256271797/40000000000
18024 214467456749/200000000000
18026 1065638915933/1000000000000
18028 1065506819819/1000000000000
18030 529628201557/500000000000
18032 1057066417387/1000000000000
18034 1035386267417/1000000000000
18036 130904689509/125000000000
18038 129593599581/125000000000
18040 1057962083153/1000000000000
18042 1044806370553/1000000000000
18044 1045878594647/1000000000000
18046 1046022444097/1000000000000
18048 516506876889/500000000000
18050 20662475911/20000000000
18052 129090531347/125000000000
18054 20703564013/20000000000
18056 32544973141/31250000000
18058 520282398167/500000000000
18060 132430757679/125000000000
18062 265002631067/250000000000
18064 1059599571171/1000000000000
18066 533438101161/500000000000
18068 264486929817/250000000000
18070 266277133667/250000000000
18072 1044640887401/1000000000000
18074 526923578067/500000000000
18076 1030459497251/1000000000000
18078 1035459203679/1000000000000
18080 257157320081/250000000000
18082 131468451583/125000000000
18084 1052821767123/1000000000000
18086 526639835579/500000000000
18088 129804304989/125000000000
18090 211039722981/200000000000
18092 1036360820357/1000000000000
18094 1048144464143/1000000000000
18096 129182711967/125000000000
18098 1048192057239/1000000000000
18100 256148945707/250000000000
18102 1056643638307/1000000000000
18110 1061311698177/1000000000000
18112 1062449196233/1000000000000
18114 1050030227643/1000000000000
18116 105551754933/100000000000
18118 1055700565067/1000000000000
18120 65760859601/62500000000
18122 521435719469/500000000000
18124 1040806381323/1000000000000
18126 1049347280987/1000000000000
18128 205965940213/200000000000
18130 1026525867799/1000000000000
18132 10281136253/10000000000
18134 207026886281/200000000000
18136 511000646743/500000000000
18138 1037815971543/1000000000000
18140 106386230451/100000000000
18142 106728286027/100000000000
18144 537514809151/500000000000
18146 1068129811591/1000000000000
18148 204576136853/200000000000
18150 261166499069/250000000000
18152 103581601983/100000000000
18154 130778661449/125000000000
18156 532906061001/500000000000
18158 212116653023/200000000000
18160 1049120560727/1000000000000
18162 526111587521/500000000000
18164 127814938033/125000000000
18166 1022680387621/1000000000000
18168 1025415936353/1000000000000
18170 257432918369/250000000000
18172 519602642847/500000000000
18174 1034604492087/1000000000000
18176 1041586153453/1000000000000
18178 510583653517/500000000000
18180 1026856903727/1000000000000
18182 514141155819/500000000000
18184 519841882909/500000000000
18186 1039080153199/1000000000000
18188 1042113863497/1000000000000
18190 1045314911641/1000000000000
18192 131527269457/125000000000
18194 1013012375367/1000000000000
18196 1014937416147/1000000000000
18198 1019953676259/1000000000000
18200 1019766421599/1000000000000
18202 208576775979/200000000000
18204 33034284297/31250000000
18206 1035370109179/1000000000000
18208 1041083391191/1000000000000
18210 523455037091/500000000000
18212 10545126393/10000000000
18214 33091632033/31250000000
18216 1057879386521/1000000000000
18218 133629852357/125000000000
18220 213584261987/200000000000
18222 511122969963/500000000000
18224 10231729027/10000000000
18226 512174802911/500000000000
18228 513195034899/500000000000
18230 1051133265709/1000000000000
18232 1032525513709/1000000000000
18234 522562623237/500000000000
18236 1029392863587/1000000000000
18238 1025333492649/1000000000000
18240 1028555146921/1000000000000
18242 1027951752879/1000000000000
18244 1028604391041/1000000000000
18246 1031373344257/1000000000000
18248 1034038376017/1000000000000
18250 1031939313167/1000000000000
18252 41364723023/40000000000
18254 509455054429/500000000000
18256 51224074591/50000000000
18258 1018515730701/1000000000000
18260 1021920049621/1000000000000
18262 516824985747/500000000000
18264 1031059225181/1000000000000
18266 51378013829/50000000000
18268 516350556901/500000000000
18270 1029396982981/1000000000000
18272 32360788221/31250000000
18274 1034070190637/1000000000000
18276 208314477101/200000000000
18278 258379751437/250000000000
18280 1037478160649/1000000000000
18282 16258159479/15625000000
18284 207458035631/200000000000
18288 508093771421/500000000000
18290 1024386648377/1000000000000
18292 1049662267097/1000000000000
18298 127024483233/125000000000
18300 1024305039977/1000000000000
18304 511694424121/500000000000
18306 509483136291/500000000000
18308 64533070457/62500000000
18310 4069217569/4000000000
18312 1027481225213/1000000000000
18314 509384608717/500000000000
18316 518679160861/500000000000
18318 1015146812201/1000000000000
18320 1014725315379/1000000000000
18322 101665322563/100000000000
18324 1015173805217/1000000000000
18326 1025629914891/1000000000000
18328 205269754903/200000000000
18330 51310281087/50000000000
18332 514376741481/500000000000
18352 1000756669629/1000000000000
18354 511540653643/500000000000
18356 3180835769/3125000000
18358 1036674163223/1000000000000
18360 1024984116007/1000000000000
18362 1029437925709/1000000000000
18364 504295415321/500000000000
18366 50688460103/50000000000
18368 503116490799/500000000000
18370 100901499833/100000000000
18372 519295166121/500000000000
18374 1040456975507/1000000000000
18376 1031277778701/1000000000000
18378 41258939433/40000000000
18380 257630485121/250000000000
18382 1015946393321/1000000000000
18384 1014132900799/1000000000000
18386 1005689012691/1000000000000
18388 1038249604147/1000000000000
18390 501782468559/500000000000
18392 502222646953/500000000000
18394 200882569811/200000000000
18396 31280688809/31250000000
18398 500651695311/500000000000
18400 1000207848371/1000000000000
18402 63072512737/62500000000
18404 1000932566379/1000000000000
18406 512418944743/500000000000
18408 1033251215411/1000000000000
18410 1015807797403/1000000000000
18412 32100277037/31250000000
18414 200989384431/200000000000
18416 40719689263/40000000000
18418 503631060541/500000000000
18420 506759859403/500000000000
18422 201206231271/200000000000
18424 1001390775857/1000000000000
18426 1016421281323/1000000000000
18428 504041746523/500000000000
18430 508029286291/500000000000
18432 509083442813/500000000000
18434 1016867377197/1000000000000
18436 201796834389/200000000000
18438 1007623921873/1000000000000
18440 251906761497/250000000000
18442 1012273216991/1000000000000
18444 12739780853/12500000000
18446 1028222323079/1000000000000
18448 51403675073/50000000000
18450 517160316473/500000000000
18452 503485278489/500000000000
18454 101338193969/100000000000
18456 1003803648617/1000000000000
18458 1005225807873/1000000000000
18460 1001820465613/1000000000000
18462 503575418621/500000000000
18464 251004150853/250000000000
18466 503219178013/500000000000
18468 1020418803187/1000000000000
18470 1044731268279/1000000000000
18472 12746754607/12500000000
18474 260624873347/250000000000
18476 509669107637/500000000000
18478 1015575917239/1000000000000
18480 25459392643/25000000000
18482 1017626283141/1000000000000
18484 40115194497/40000000000
18486 125475699037/125000000000
18488 1003853137009/1000000000000
18490 501628741027/500000000000
18492 1011486791013/1000000000000
18494 1006534864043/1000000000000
18496 1021469676387/1000000000000
18498 1003586680737/1000000000000
18500 1017883566379/1000000000000
18502 25976005007/25000000000
18504 505464007569/500000000000
18506 1034531528207/1000000000000
18508 202045545469/200000000000
18510 509588336303/500000000000
18512 1002664230789/1000000000000
18514 1022804169177/1000000000000
18516 64357654083/62500000000
18518 1034110074343/1000000000000
18520 1026657101039/1000000000000
18522 1030079340147/1000000000000
18524 126168887897/125000000000
18526 510211305051/500000000000
18528 201723660911/200000000000
18530 1019466650567/1000000000000
18532 16317960107/15625000000
18534 531208252749/500000000000
18536 1042674959313/1000000000000
18538 210777678827/200000000000
18540 511082383839/500000000000
18542 1024138169717/1000000000000
18544 102199532163/100000000000
18546 1021583915319/1000000000000
18548 1280768279/1250000000
18550 32172529797/31250000000
18552 1019336516939/1000000000000
18554 1027476547477/1000000000000
18556 502275882087/500000000000
18558 1013903239113/1000000000000
18560 1005379632537/1000000000000
18562 126817499899/125000000000
18564 259112651093/250000000000
18566 519248585983/500000000000
18568 129187642773/125000000000
18570 520144079509/500000000000
18572 510265166657/500000000000
18574 509430325733/500000000000
18576 40742030761/40000000000
18578 512799113703/500000000000
18584 1026282546389/1000000000000
18586 516851649603/500000000000
18592 1012201129917/1000000000000
18594 510768960677/500000000000
18600 1060713578773/1000000000000
18602 1071724357743/1000000000000
18608 205642320997/200000000000
18610 256546316873/250000000000
18612 205751374097/200000000000
18614 128875843313/125000000000
18616 10287147719/10000000000
18618 258717783133/250000000000
18620 40563191587/40000000000
18622 1023887471293/1000000000000
18624 126682632219/125000000000
18626 256221874163/250000000000
18628 264486522373/250000000000
18630 133731351619/125000000000
18632 263068150523/250000000000
18634 213834520923/200000000000
18636 1023019913147/1000000000000
18638 1017421516281/1000000000000
18640 509916982217/500000000000
18642 992328023/976562500
18708 1022918792471/1000000000000
18710 255128753311/250000000000
18712 1022990449789/1000000000000
18714 127766228867/125000000000
18716 1023709753437/1000000000000
18718 127707464153/125000000000
18720 1019362125847/1000000000000
18722 508699320123/500000000000
18724 1986375253/1953125000
18726 510388643459/500000000000
18728 1024440484253/1000000000000
18730 1031693107619/1000000000000
18732 1017693623023/1000000000000
18734 65299197/64000000
18736 207331560011/200000000000
18738 65067939459/62500000000
18740 128928986217/125000000000
18742 259108260947/250000000000
18744 508148352107/500000000000
18746 509998482663/500000000000
18748 1020766315529/1000000000000
18750 1020712929011/1000000000000
18752 1033156023769/1000000000000
18754 1014155095471/1000000000000
18756 518854636381/500000000000
18758 510468781617/500000000000
18760 1021432475789/1000000000000
18762 1002775530797/1000000000000
18764 25521169853/25000000000
18766 1009112655891/1000000000000
18768 515661582173/500000000000
18770 1030753581967/1000000000000
18772 1019634656463/1000000000000
18774 1019206950099/1000000000000
18776 25731761863/25000000000
18778 1019634656463/1000000000000
18780 1045882052113/1000000000000
18782 1044338809589/1000000000000
18784 32502470417/31250000000
18786 1038388826713/1000000000000
18788 126823232893/125000000000
18790 1016220847077/1000000000000
18792 203725245129/200000000000
18794 1036483034519/1000000000000
18796 126422767623/125000000000
18798 208755233127/200000000000
18800 127062508319/125000000000
18802 515542540187/500000000000
18804 1017486749333/1000000000000
18806 519694554177/500000000000
18808 1023414698179/1000000000000
18810 31349852309/31250000000
18812 1011773546211/1000000000000
18814 1008167002963/1000000000000
18816 1013404928727/1000000000000
18818 984410463/976562500
18820 127444610243/125000000000
18822 101306624837/100000000000
18824 1014656240837/1000000000000
18826 263320953839/250000000000
18828 128726649289/125000000000
18830 52495810537/50000000000
18832 261826926477/250000000000
18834 259949777627/250000000000
18836 257020882119/250000000000
18838 257700827501/250000000000
18840 259410294049/250000000000
18842 101600075329/100000000000
18844 126564911913/125000000000
18846 511472271903/500000000000
18848 506187983539/500000000000
18850 252673058987/250000000000
18852 1008170782243/1000000000000
18854 12733228329/12500000000
18856 1008322494859/1000000000000
18858 1015031783217/1000000000000
18860 202706200539/200000000000
18862 1023548075819/1000000000000
18864 201480096403/200000000000
18866 252302335199/250000000000
18868 504240228323/500000000000
18870 253962223951/250000000000
18872 62999549489/62500000000
18874 1013296947999/1000000000000
18876 1036131451569/1000000000000
18878 1008177410549/1000000000000
18880 1023415809607/1000000000000
18882 128750287053/125000000000
18884 105342468669/100000000000
18886 1021645490563/1000000000000
18888 524493160939/500000000000
18890 511346863879/500000000000
18892 50280989397/50000000000
18894 102559416833/100000000000
18896 62853267917/62500000000
18898 1022419995897/1000000000000
18900 252890128827/250000000000
18902 1027571068387/1000000000000
18904 1012924026889/1000000000000
18906 8062271399/8000000000
18908 127044166153/125000000000
18910 62543122873/62500000000
18912 50501351463/50000000000
18914 202670283743/200000000000
18916 1044040145147/1000000000000
18918 506181943377/500000000000
18920 257679167743/250000000000
18922 1002297877117/1000000000000
18924 203409741503/200000000000
18926 200256548091/200000000000
18928 1014804425867/1000000000000
18930 12513972921/12500000000
18932 127584808987/125000000000
18934 125100695341/125000000000
18936 1017278266059/1000000000000
18938 1043908606033/1000000000000
18940 10774079553/10000000000
18942 1044019361727/1000000000000
18944 1073607066137/1000000000000
18946 209053987523/200000000000
18948 532417897497/500000000000
18950 520583889273/500000000000
18952 1066081523159/1000000000000
18954 502497942453/500000000000
18956 252869512497/250000000000
18958 1010919653253/1000000000000
18960 7920617849/7812500000
18962 1005373384817/1000000000000
18964 127182041477/125000000000
18966 1008068250753/1000000000000
18968 10112910909/10000000000
18970 52294059933/50000000000
18972 264657331987/250000000000
18974 1039658098369/1000000000000
18976 523558508457/500000000000
18978 521126287569/500000000000
18980 52827020063/50000000000
18982 258286512753/250000000000
18984 523685090977/500000000000
18986 100552225639/100000000000
18988 256795880417/250000000000
18990 1004498422103/1000000000000
18992 1025341549869/1000000000000
18994 1003001312457/1000000000000
18996 1017249567701/1000000000000
18998 500647734929/500000000000
19000 1020398141277/1000000000000
19002 264408826031/250000000000
19004 540561465961/500000000000
19006 524716775943/500000000000
19008 1081032323919/1000000000000
19010 33190903809/31250000000
19012 1084250259189/1000000000000
19014 106223528121/100000000000
19016 216684786353/200000000000
19018 1003963350793/1000000000000
19020 127914835083/125000000000
19022 1004586048169/1000000000000
19024 1017296097889/1000000000000
19026 501901998277/500000000000
19028 1025630432791/1000000000000
19030 250680982699/250000000000
19032 1024867961201/1000000000000
19034 20838817227/20000000000
19036 1078891939619/1000000000000
19038 208285545017/200000000000
19040 539093801293/500000000000
19042 1060506196427/1000000000000
19044 269987239461/250000000000
19046 132217708921/125000000000
19048 538200894363/500000000000
19054 503537019271/500000000000
19056 51914008467/50000000000
19062 502201814281/500000000000
19064 32018626749/31250000000
19070 532015459727/500000000000
19072 1093907578809/1000000000000
19078 528429964393/500000000000
19080 271048178069/250000000000
19082 1004165817903/1000000000000
19084 103381320743/100000000000
19086 1006114902511/1000000000000
19088 1032788104111/1000000000000
19090 200589723437/200000000000
19092 257044021303/250000000000
19094 100403409851/100000000000
19096 206185899613/200000000000
19098 1066177715551/1000000000000
19100 1090364507727/1000000000000
19102 133104857413/125000000000
19104 544118175779/500000000000
19106 265140778591/250000000000
19108 271041852443/250000000000
19110 530018746653/500000000000
19112 270121989357/250000000000
19178 125504271183/125000000000
19180 505301769691/500000000000
19182 505301769691/500000000000
19184 502741419691/500000000000
19186 501803821261/500000000000
19188 502636372839/500000000000
19190 201104157003/200000000000
19192 1003108392501/1000000000000
19194 1003108392501/1000000000000
19196 1006155420183/1000000000000
19198 1007922696113/1000000000000
19200 1003484696113/1000000000000
19202 126270627523/125000000000
19204 125231877523/125000000000
19206 1001541320183/1000000000000
19208 1001050000003/1000000000000
19210 1006569884907/1000000000000
19212 1005475684907/1000000000000
19214 1000397735193/1000000000000
19216 1010824735193/1000000000000
19218 5053561719/5000000000
19220 5053561719/5000000000
19222 252432802953/250000000000
19224 1002435911811/1000000000000
19226 500260893491/500000000000
19228 1009509198693/1000000000000
19230 1004232734551/1000000000000
19232 1000512096053/1000000000000
19234 1000512096053/1000000000000
19236 40422359469/40000000000
19238 201049517457/200000000000
19240 201353797457/200000000000
19242 200174797457/200000000000
19244 200750237457/200000000000
19246 205595104549/200000000000
19248 100928814751/100000000000
19250 1011554322749/1000000000000
19252 1015082422749/1000000000000
19254 1018363622749/1000000000000
19256 1020528522749/1000000000000
19258 1009860297269/1000000000000
19260 31283362993/31250000000
19262 1009860297269/1000000000000
19264 1000105919481/1000000000000
19266 1013299597269/1000000000000
19268 1000105919481/1000000000000
19270 507647258391/500000000000
19272 1000716472479/1000000000000
19274 127242134081/125000000000
19276 1003158282933/1000000000000
19278 509534462687/500000000000
19280 1003949665083/1000000000000
19282 204348292409/200000000000
19284 503107920161/500000000000
19286 511660762687/500000000000
19288 125387736253/125000000000
19290 507414362687/500000000000
19292 1000096650709/1000000000000
19294 1011771090023/1000000000000
19296 1018633114771/1000000000000
19298 1001941031513/1000000000000
19300 506839737999/500000000000
19302 1023429114771/1000000000000
19304 1003735117487/1000000000000
19306 63409972629/62500000000
19308 205237579661/200000000000
19310 503000646363/500000000000
19312 204889484549/200000000000
19314 1009779221181/1000000000000
19316 250351984871/250000000000
19318 1009779221181/1000000000000
19320 1004913672697/1000000000000
19322 201211226311/200000000000
19324 502467338487/500000000000
19326 62635207991/62500000000
19328 1005046842673/1000000000000
19330 505416936523/500000000000
19332 1001607717021/1000000000000
19334 1002382197829/1000000000000
19336 500526519277/500000000000
19338 1005046842673/1000000000000
19340 1001358773633/1000000000000
19342 502754870807/500000000000
19346 201321509931/200000000000
19348 40110822387/40000000000
19350 40110822387/40000000000
19352 40110822387/40000000000
19354 1002699289171/1000000000000
19356 125327023647/125000000000
19358 125327023647/125000000000
19360 125256073647/125000000000
19362 125024298647/125000000000
19364 125024298647/125000000000
19366 1000908915511/1000000000000
19368 1000908915511/1000000000000
19370 1002027315511/1000000000000
19372 1006505315511/1000000000000
19374 251355493817/250000000000
19376 503346037631/500000000000
19388 1009102302757/1000000000000
19390 252547553717/250000000000
19392 1010811102757/1000000000000
19394 252601179119/250000000000
19396 252601179119/250000000000
19398 252601179119/250000000000
19400 50520236359/50000000000
19402 1009786265623/1000000000000
19404 1009786265623/1000000000000
19406 1009171940547/1000000000000
19408 40156158387/40000000000
19442 1062011187071/1000000000000
19444 1056292587323/1000000000000
19446 1072294326431/1000000000000
19448 530239174689/500000000000
19450 103938558897/100000000000
19452 533151474599/500000000000
19454 522601599217/500000000000
19456 261185867207/250000000000
19458 263162959899/250000000000
19460 519188967177/500000000000
19462 265664248147/250000000000
19464 266251474929/250000000000
19466 1086829577361/1000000000000
19468 1057847650659/1000000000000
19470 524313984317/500000000000
19472 1025789979329/1000000000000
19474 1048490085447/1000000000000
19476 513550156373/500000000000
19478 103151669603/100000000000
19480 517725560619/500000000000
19482 532425210451/500000000000
19484 42550269447/40000000000
19486 1053635280923/1000000000000
19488 1029557856419/1000000000000
19490 32940194087/31250000000
19492 258535617987/250000000000
19494 1040032744617/1000000000000
19498 32555621611/31250000000
19504 522214101759/500000000000
19506 50629161917/50000000000
19512 64313814169/62500000000
19514 1056624086401/1000000000000
19516 16508777523/15625000000
19518 1030496193463/1000000000000
19520 1010100733383/1000000000000
19522 516804875323/500000000000
19524 253175264219/250000000000
19526 1060233693371/1000000000000
19528 521311516257/500000000000
19530 1033874586771/1000000000000
19556 1064238446337/1000000000000
19558 1051858631349/1000000000000
19560 256718642417/250000000000
19562 205228530873/200000000000
19564 1025334714081/1000000000000
19566 512792164037/500000000000
19568 1030372553617/1000000000000
19570 128186398653/125000000000
19572 1030159401211/1000000000000
19574 1015219985827/1000000000000
19576 508975298907/500000000000
19578 513699074129/500000000000
19580 513983195709/500000000000
19582 512621286681/500000000000
19584 257974505937/250000000000
19586 32200623473/31250000000
19588 1027848923699/1000000000000
19590 1036487164981/1000000000000
19592 1034814878599/1000000000000
19594 1075644152713/1000000000000
19596 272298362893/250000000000
19598 509909070453/500000000000
19600 1030499747861/1000000000000
19602 127013712251/125000000000
19604 513552773039/500000000000
19606 1032422756979/1000000000000
19608 1032220556891/1000000000000
19610 1026485558381/1000000000000
19612 513169885739/500000000000
19614 52641761489/50000000000
19616 1056785535159/1000000000000
19618 522793495133/500000000000
19620 1053294404133/1000000000000
19622 105786182237/100000000000
19624 525984399649/500000000000
19626 1045922077033/1000000000000
19628 521509219327/500000000000
19630 261011393291/250000000000
19632 1045942363349/1000000000000
19634 518540562439/500000000000
19636 1039791956433/1000000000000
19638 538246396759/500000000000
19640 13158685969/12500000000
19642 265332841307/250000000000
19644 1052394447741/1000000000000
19646 210354010721/200000000000
19648 66840350693/62500000000
19650 1066995384241/1000000000000
19652 65987508167/62500000000
19654 528755293919/500000000000
19656 530737368171/500000000000
19658 1080052791467/1000000000000
19660 211434482429/200000000000
19662 1035313723103/1000000000000
19664 530926362531/500000000000
19666 1048195729033/1000000000000
19668 1060382974687/1000000000000
19670 522750730919/500000000000
19672 1051176588287/1000000000000
19674 264589386199/250000000000
19676 1065233802493/1000000000000
19678 1051604885997/1000000000000
19680 1059044835311/1000000000000
19682 212446933941/200000000000
19684 65845539701/62500000000
19686 133324318339/125000000000
19688 842847883/800000000
19690 106006395419/100000000000
19692 533528196711/500000000000
19694 1046127287417/1000000000000
19696 520258175209/500000000000
19698 528541977121/500000000000
19700 526691051311/500000000000
19702 1078253494661/1000000000000
19704 209518102709/200000000000
19706 1056656092863/1000000000000
19708 1033739075781/1000000000000
19710 1021602137563/1000000000000
19712 41638964059/40000000000
19714 204744512083/200000000000
19716 1025371256241/1000000000000
19718 1008103096129/1000000000000
19720 64637660391/62500000000
19722 63472030919/62500000000
19724 1052556163757/1000000000000
19726 262025542921/250000000000
19728 534562560823/500000000000
19730 533095055303/500000000000
19732 132629402473/125000000000
19734 214499579207/200000000000
19736 41855429079/40000000000
19738 40878906951/40000000000
19740 528961583853/500000000000
19742 102633629423/100000000000
19744 1659299471/1600000000
19746 128002547707/125000000000
19748 209526981879/200000000000
19750 258332311203/250000000000
19752 1032984241539/1000000000000
19754 506741442577/500000000000
19756 1034903688863/1000000000000
19758 507431182209/500000000000
19760 1055904949773/1000000000000
19762 509926342873/500000000000
19764 529058336051/500000000000
19766 102319920777/100000000000
19768 505229356769/500000000000
19770 251269569109/250000000000
19772 1011595533751/1000000000000
19774 504739460247/500000000000
19776 507100559973/500000000000
19778 500850475227/500000000000
19780 63449320899/62500000000
19782 1000627513619/1000000000000
19784 260120391451/250000000000
19786 1028471699853/1000000000000
19788 208517546847/200000000000
19790 20687415351/20000000000
19792 531867770663/500000000000
19794 1030841730643/1000000000000
19796 1067139532061/1000000000000
19798 259556707857/250000000000
19800 15866861259/15625000000
19802 315245647/312500000
19804 1024416479557/1000000000000
19806 253053672457/250000000000
19808 1016917747321/1000000000000
19810 250449807067/250000000000
19812 63756445549/62500000000
19814 501965106473/500000000000
19820 515554760033/500000000000
19822 255115231417/250000000000
19826 1052212047713/1000000000000
19828 519043070187/500000000000
19834 1005792813487/1000000000000
19836 1000024148643/1000000000000
19842 101425839417/100000000000
19844 252764438659/250000000000
19846 41168366459/40000000000
19848 507633046347/500000000000
19850 518610448257/500000000000
19852 1015345193323/1000000000000
19854 1054268187969/1000000000000
19856 513891745009/500000000000
19858 1055060722051/1000000000000
19860 256960661027/250000000000
19862 100402815299/100000000000
19864 250148517421/250000000000
19866 1002592044723/1000000000000
19868 1000846729989/1000000000000
19870 253823737847/250000000000
19872 62939405439/62500000000
19874 509442467517/500000000000
19876 502062183917/500000000000
19932 1022592542869/1000000000000
19934 509162112871/500000000000
19936 508637675063/500000000000
19938 1020774824699/1000000000000
19940 1018716344553/1000000000000
19942 1022801378441/1000000000000
19944 25455638889/25000000000
19946 31803266497/31250000000
19948 101794071717/100000000000
19950 1023096668243/1000000000000
19952 515798821423/500000000000
19954 1023291069943/1000000000000
19956 32232879499/31250000000
19958 255025149921/250000000000
19960 10266660733/10000000000
19962 1022386329959/1000000000000
19964 252389842909/250000000000
19966 1014271740507/1000000000000
19968 1007333183601/1000000000000
19970 127058354991/125000000000
19972 255053897499/250000000000
19974 256571456181/250000000000
19976 63589884171/62500000000
19978 1023262936943/1000000000000
19980 1014411403589/1000000000000
19982 511484039017/500000000000
19984 12732990713/12500000000
19986 41133924783/40000000000
19988 206524910479/200000000000
19990 64608365043/62500000000
19992 257920740711/250000000000
19994 1028743416593/1000000000000
19996 504747670263/500000000000
19998 204299698357/200000000000
20000 1009536671163/1000000000000
20002 253320495137/250000000000
20004 101921313589/100000000000
20006 504696583001/500000000000
20008 40593579487/40000000000
20010 1024055461523/1000000000000
20012 1027212113919/1000000000000
20014 127667058151/125000000000
20016 509976021569/500000000000
20018 1017515393623/1000000000000
20020 506744831443/500000000000
20022 1013182727933/1000000000000
20024 203294749511/200000000000
20026 510445258377/500000000000
20028 1011426808211/1000000000000
20030 1021101162619/1000000000000
20032 1013102178747/1000000000000
20034 1035841946493/1000000000000
20036 101650529421/100000000000
20038 64313211497/62500000000
20040 1030842414979/1000000000000
20042 1027839107259/1000000000000
20044 102790328439/100000000000
20046 1028573976613/1000000000000
20048 1040018864157/1000000000000
20050 104027750041/100000000000
20052 1035711447357/1000000000000
20054 1039804017557/1000000000000
20056 1008297771751/1000000000000
20058 1018147285887/1000000000000
20060 8055061269/8000000000
20062 1017007839837/1000000000000
20064 508063163593/500000000000
20066 102834735751/100000000000
20068 1016798986939/1000000000000
20070 128515057967/125000000000
20072 511802351193/500000000000
20074 1024185134467/1000000000000
20076 1020801941447/1000000000000
20078 514117543443/500000000000
20080 1036589871331/1000000000000
20082 1040011802581/1000000000000
20084 1036588393881/1000000000000
20086 1039630204081/1000000000000
20088 20790276877/20000000000
20090 1030632841191/1000000000000
20092 518057245671/500000000000
20094 1037314640507/1000000000000
20096 523976903671/500000000000
20098 517995487919/500000000000
20100 130204556677/125000000000
20102 1041367736659/1000000000000
20104 511142033193/500000000000
20106 10156514791/10000000000
20108 128468879291/125000000000
20110 1014572075093/1000000000000
20112 1032055511471/1000000000000
20114 257482760953/250000000000
20116 1037744119829/1000000000000
20118 102938013943/100000000000
20120 1026887966981/1000000000000
20122 259329775789/250000000000
20124 510315156221/500000000000
20126 103268132051/100000000000
20128 512530093773/500000000000
20130 1039383055097/1000000000000
20132 102095437479/100000000000
20134 517612377149/500000000000
20136 517083407073/500000000000
20138 203456437797/200000000000
20140 259776870223/250000000000
20142 514718679703/500000000000
20144 1042894950581/1000000000000
20146 1030392175351/1000000000000
20148 523854963399/500000000000
20150 515426659577/500000000000
20152 40863388879/40000000000
20154 127182944199/125000000000
20156 102208752237/100000000000
20158 127244085829/125000000000
20160 1034570388901/1000000000000
20162 103582681227/100000000000
20164 1036981505481/1000000000000
20166 32387039333/31250000000
20168 509036990223/500000000000
20170 1008668125141/1000000000000
20172 1020502972807/1000000000000
20174 101103528219/100000000000
20176 512758174993/500000000000
20178 1016503663493/1000000000000
20180 514481511807/500000000000
20182 254838789727/250000000000
20184 1029087709901/1000000000000
20186 1027245692817/1000000000000
20188 1037953751421/1000000000000
20190 513934678349/500000000000
20192 208895356399/200000000000
20194 517531108587/500000000000
20196 1044715734187/1000000000000
20198 259685428853/250000000000
20200 255093289489/250000000000
20202 252219347063/250000000000
20204 509357958409/500000000000
20206 1011030784161/1000000000000
20208 513932570979/500000000000
20210 127162256723/125000000000
20212 1029796539397/1000000000000
20214 1026177662141/1000000000000
20216 40541392357/40000000000
20218 1020994408593/1000000000000
20220 1016360961827/1000000000000
20222 40779421641/40000000000
20224 205736467057/200000000000
20226 1030485788503/1000000000000
20228 515899039483/500000000000
20230 20618911793/20000000000
20232 127403789173/125000000000
20234 504451869841/500000000000
20236 507187787057/500000000000
20238 250491920433/250000000000
20240 1024001012969/1000000000000
20242 253027570751/250000000000
20244 257079362227/250000000000
20246 250955696199/250000000000
20248 510715333477/500000000000
20250 203857300401/200000000000
20252 510329037603/500000000000
20254 253630303229/250000000000
20256 1033612666563/1000000000000
20258 1030058041007/1000000000000
20260 1032093459677/1000000000000
20262 1033002064321/1000000000000
20264 253702709809/250000000000
20266 503837358697/500000000000
20268 1014182056359/1000000000000
20270 12624465583/12500000000
20272 51408143631/50000000000
20274 1018147982729/1000000000000
20276 515742631341/500000000000
20278 1019576493023/1000000000000
20284 505115071693/500000000000
20286 254586617897/250000000000
20292 1022878578127/1000000000000
20294 1027385687091/1000000000000
20300 1019022394943/1000000000000
20302 1020277351333/1000000000000
20308 1018695643243/1000000000000
20310 202305873919/200000000000
20312 1009433182933/1000000000000
20314 127982543999/125000000000
20316 1018378154931/1000000000000
20318 101965277241/100000000000
20320 1027753784989/1000000000000
20322 1028768503339/1000000000000
20324 1028649498613/1000000000000
20326 515130640309/500000000000
20328 1024200546487/1000000000000
20330 1018008614023/1000000000000
20332 1021427725609/1000000000000
20334 1014453424243/1000000000000
20336 254440063791/250000000000
20338 1010969588493/1000000000000
20340 510659707637/500000000000
20342 126868605067/125000000000
20408 1014786479781/1000000000000
20410 511721757171/500000000000
20412 128902993251/125000000000
20414 508946709479/500000000000
20416 205326503801/200000000000
20418 521299303067/500000000000
20420 1035687671683/1000000000000
20422 517076750447/500000000000
20424 509985587249/500000000000
20426 15934904391/15625000000
20428 1026497585571/1000000000000
20430 103344325097/100000000000
20432 1062053825511/1000000000000
20434 260726691207/250000000000
20436 1052444015387/1000000000000
20438 524247703037/500000000000
20440 204945342653/200000000000
20442 50784269253/50000000000
20444 16010176007/15625000000
20446 1016880346847/1000000000000
20448 252106964863/250000000000
20450 63916164119/62500000000
20452 1011725988111/1000000000000
20454 103937641871/100000000000
20456 520084877363/500000000000
20458 1022899253883/1000000000000
20460 205326494733/200000000000
20462 128380628387/125000000000
20464 507443867137/500000000000
20466 518940395879/500000000000
20468 1023838969001/1000000000000
20470 1014930692859/1000000000000
20472 253673038433/250000000000
20474 206162706403/200000000000
20476 102133433481/100000000000
20478 509533722709/500000000000
20480 509359234031/500000000000
20482 511749262029/500000000000
20484 102390638487/100000000000
20486 1012876363393/1000000000000
20488 250445004479/250000000000
20490 1013329095861/1000000000000
20492 1002323728753/1000000000000
20494 1014864949881/1000000000000
20496 1009367718887/1000000000000
20498 1012511448431/1000000000000
20500 1007400854943/1000000000000
20502 1030741436119/1000000000000
20504 1041030530099/1000000000000
20506 204536900199/200000000000
20508 1055542716457/1000000000000
20510 514654416763/500000000000
20512 203216446283/200000000000
20514 503908248781/500000000000
20516 256660336279/250000000000
20518 63286887841/62500000000
20520 126797728841/125000000000
20522 504100208651/500000000000
20524 505191129367/500000000000
20526 1005053835049/1000000000000
20528 62603080711/62500000000
20530 1001408170459/1000000000000
20532 25022441649/25000000000
20534 1000344612739/1000000000000
20536 1003239946899/1000000000000
20538 250068481881/250000000000
20540 501991577743/500000000000
20542 200784852079/200000000000
20544 251781616019/250000000000
20546 1012093178999/1000000000000
20548 125399115543/125000000000
20550 251090854583/250000000000
20552 501243525267/500000000000
20554 40139534113/40000000000
20556 100169108341/100000000000
20558 201434319471/200000000000
20560 503807895339/500000000000
20562 8039196051/8000000000
20564 1015449431909/1000000000000
20566 1006315760981/1000000000000
20568 125664532147/125000000000
20570 31382187507/31250000000
20572 1010403333253/1000000000000
20574 252663443181/250000000000
20576 1000539295329/1000000000000
20578 1004559503711/1000000000000
20580 502664729363/500000000000
20582 1006186726749/1000000000000
20584 1005477980203/1000000000000
20586 252760280909/250000000000
20588 253290555537/250000000000
20590 1008322742977/1000000000000
20596 200988920311/200000000000
20598 100623898081/100000000000
20604 252637919921/250000000000
20606 125634646443/125000000000
20612 103042201871/100000000000
20614 1029800895123/1000000000000
20620 250056675823/250000000000
20622 15838982177/15625000000
20624 500940890131/500000000000
20626 100133491943/100000000000
20628 100052334097/100000000000
20630 1001246202061/1000000000000
20632 505408798533/500000000000
20634 1002448190939/1000000000000
20636 1006657662247/1000000000000
20638 1001603080677/1000000000000
20640 101180481259/100000000000
20642 32213623939/31250000000
20644 1009378770011/1000000000000
20646 102004145597/100000000000
20648 500979270003/500000000000
20650 500394125543/500000000000
20652 500135720379/500000000000
20654 125565651441/125000000000
20698 1029579565907/1000000000000
20700 511547764627/500000000000
20702 63883582203/62500000000
20704 1034313737169/1000000000000
20706 63090923009/62500000000
20708 508260800217/500000000000
20710 505158228721/500000000000
20712 1029586729927/1000000000000
20714 256939142943/250000000000
20716 1010316959299/1000000000000
20718 508023237017/500000000000
20720 126682811691/125000000000
20722 1015191196133/1000000000000
20724 507469734141/500000000000
20728 507469734141/500000000000
20732 1011468635743/1000000000000
20734 1050479589237/1000000000000
20736 127166151379/125000000000
20738 103341109073/100000000000
20740 1034776959771/1000000000000
20762 516738536623/500000000000
20764 508191738339/500000000000
20770 517458478173/500000000000
20772 20741467093/20000000000
20774 1055210888791/1000000000000
20776 1048465540533/1000000000000
20778 1052553885073/1000000000000
20780 253599200919/250000000000
20782 1028994501261/1000000000000
20784 63394758009/62500000000
20786 1041102230453/1000000000000
20788 1032454427337/1000000000000
20790 40573399861/40000000000
20792 521261650367/500000000000
20794 517169949041/500000000000
20796 129403933909/125000000000
20804 1057569614691/1000000000000
20806 41010002121/40000000000
20808 1026091481827/1000000000000
20828 259323102921/250000000000
20830 517691575219/500000000000
20832 518061795437/500000000000
20834 64416781949/62500000000
20836 208436374083/200000000000
20838 1029519976857/1000000000000
20840 1035506602573/1000000000000
20842 528536912389/500000000000
20844 1034951604459/1000000000000
20846 207206645659/200000000000
20848 208679190611/200000000000
20850 1021616323681/1000000000000
20852 252275525523/250000000000
20854 130391061851/125000000000
20856 253275557239/250000000000
20858 64325924923/62500000000
20860 205156291421/200000000000
20862 1027732858993/1000000000000
20864 1033375109857/1000000000000
20866 1041241142711/1000000000000
20868 1034995034687/1000000000000
20870 522601971269/500000000000
20872 1044397879081/1000000000000
20874 25627603837/25000000000
20876 1034242376441/1000000000000
20878 31969960429/31250000000
20880 261881666281/250000000000
20882 1032622280223/1000000000000
20884 52336025093/50000000000
20886 3251302163/3125000000
20888 1054601207037/1000000000000
20890 1044179680247/1000000000000
20892 526714585649/500000000000
20894 522388646139/500000000000
20896 513627361601/500000000000
20898 1031033667761/1000000000000
20900 1036847986219/1000000000000
20902 1016556662983/1000000000000
20904 516736872037/500000000000
20906 1017206886917/1000000000000
20908 1027529779423/1000000000000
20910 522232967167/500000000000
20912 511063068733/500000000000
20914 208811095491/200000000000
20916 206807448187/200000000000
20918 529436338379/500000000000
20920 1058764672721/1000000000000
20922 40602784239/40000000000
20924 1007555747969/1000000000000
20926 1020002526543/1000000000000
20928 1010703733719/1000000000000
20930 514805476273/500000000000
20932 130138026701/125000000000
20934 62977131079/62500000000
20936 7855739939/7812500000
20938 40360559727/40000000000
20940 20233074251/20000000000
20942 512322946879/500000000000
20944 1029395904689/1000000000000
20946 1030695473723/1000000000000
20948 1033077052197/1000000000000
20950 505055075649/500000000000
20952 504661375711/500000000000
20954 7948031261/7812500000
20956 253565929447/250000000000
20958 516573096371/500000000000
20960 1019710128979/1000000000000
20962 1030557493463/1000000000000
20964 255562503579/250000000000
20966 1018154274487/1000000000000
20968 1018675057109/1000000000000
20970 31838527939/31250000000
20972 1032091406089/1000000000000
20974 52325439249/50000000000
20976 16162740383/15625000000
20978 522716454721/500000000000
20980 258897805027/250000000000
20982 1018922037421/1000000000000
20984 255312918049/250000000000
20986 512459246053/500000000000
20988 504345236047/500000000000
20990 1031459651489/1000000000000
20992 256367120169/250000000000
20994 1035772060241/1000000000000
20996 513325350157/500000000000
21002 202286220039/200000000000
21004 1005556503301/1000000000000
21010 1005972986433/1000000000000
21012 1010127582981/1000000000000
21018 501868555091/500000000000
21020 1000812250997/1000000000000
21026 254155548533/250000000000
21028 1016840912833/1000000000000
21030 202010934467/200000000000
21032 251223660321/250000000000
21034 100799664949/100000000000
21036 251040048899/250000000000
21038 12518501041/12500000000
21040 1021167281723/1000000000000
21042 1008853260913/1000000000000
21044 10208265169/10000000000
21046 1002508792011/1000000000000
21048 1003336166103/1000000000000
21050 1961036629/1953125000
21052 502241208413/500000000000
21054 1028997831353/1000000000000
21056 1020446198747/1000000000000
21058 103634050353/100000000000
21060 127579309527/125000000000
21126 1027669614873/1000000000000
21128 515230481843/500000000000
21130 206158616313/200000000000
21132 515799994227/500000000000
21134 104002295741/100000000000
21136 1026731872271/1000000000000
21138 258142983173/250000000000
21140 1023047691521/1000000000000
21142 1028500615513/1000000000000
21144 1031357000883/1000000000000
21146 1038705653013/1000000000000
21148 1054499929761/1000000000000
21150 515010449787/500000000000
21152 1038202387143/1000000000000
21154 1019268125259/1000000000000
21156 514056078543/500000000000
21158 508068842377/500000000000
21160 511121290659/500000000000
21162 515867479323/500000000000
21164 256698351517/250000000000
21166 1033716632721/1000000000000
21168 1030002491613/1000000000000
21170 258044275257/250000000000
21172 1030625847517/1000000000000
21174 512652587723/500000000000
21176 511092273229/500000000000
21178 63601081469/62500000000
21180 127188745847/125000000000
21182 1016084697729/1000000000000
21184 204082293969/200000000000
21186 202349617169/200000000000
21188 1012864683157/1000000000000
21190 1017459812983/1000000000000
21192 254900196717/250000000000
21194 1018465082823/1000000000000
21196 1029193788813/1000000000000
21198 126752615233/125000000000
21200 506885538741/500000000000
21202 508879905233/500000000000
21204 508883235219/500000000000
21206 516470235259/500000000000
21208 1026871232471/1000000000000
21210 509651885029/500000000000
21212 1043240393589/1000000000000
21214 209247727977/200000000000
21216 1040290437729/1000000000000
21218 1050707874259/1000000000000
21220 1027510917961/1000000000000
21222 261284974979/250000000000
21224 1023380433723/1000000000000
21226 64754066721/62500000000
21228 532263001129/500000000000
21230 528904372423/500000000000
21232 1054642709039/1000000000000
21234 2106481671/2000000000
21236 1050275431827/1000000000000
21238 1044710323597/1000000000000
21240 20801952769/20000000000
21242 104425255317/100000000000
21244 516070140689/500000000000
21246 1040997887443/1000000000000
21248 102821645051/100000000000
21250 258426458117/250000000000
21252 1028615422971/1000000000000
21254 516650540401/500000000000
21256 51359706939/50000000000
21258 513109146959/500000000000
21260 41548577253/40000000000
21262 51949787781/50000000000
21264 519367889087/500000000000
21266 518516577029/500000000000
21268 41118914187/40000000000
21270 517743215433/500000000000
21272 1024162525329/1000000000000
21274 1026676537593/1000000000000
21276 1053860219917/1000000000000
21278 1060585375419/1000000000000
21280 528708081889/500000000000
21282 16175124077/15625000000
21284 1059682603151/1000000000000
21286 520450181929/500000000000
21288 517073001349/500000000000
21290 1020562351523/1000000000000
21292 1044556395759/1000000000000
21294 516434136819/500000000000
21296 204341535683/200000000000
21298 511017483977/500000000000
21300 515685113523/500000000000
21302 1020737144959/1000000000000
21304 1065082724223/1000000000000
21306 210031382821/200000000000
21308 1055708038491/1000000000000
21310 524890331151/500000000000
21312 527252292103/500000000000
21314 207677453499/200000000000
21316 1050271899053/1000000000000
21318 261029014379/250000000000
21320 1045832503849/1000000000000
21322 26255038489/25000000000
21324 520127595951/500000000000
21326 528851136047/500000000000
21328 129469537167/125000000000
21330 1019751648343/1000000000000
21332 1018372906027/1000000000000
21334 1029072044377/1000000000000
21336 1025607665539/1000000000000
21338 1022889363357/1000000000000
21340 1013374123621/1000000000000
21342 1030747207187/1000000000000
21344 1013426943089/1000000000000
21346 50690684427/50000000000
21348 251153923919/250000000000
21350 127308250307/125000000000
21352 200414703447/200000000000
21354 1004423795687/1000000000000
21356 1002564839669/1000000000000
21358 100627785003/100000000000
21360 40353506667/40000000000
21362 259610747829/250000000000
21364 514840297901/500000000000
21366 1049829277351/1000000000000
21368 64853165283/62500000000
21370 1041285333371/1000000000000
21372 511553586277/500000000000
21374 209357699511/200000000000
21376 205914135569/200000000000
21378 1020202660123/1000000000000
21380 250582573771/250000000000
21382 204938914407/200000000000
21384 1011791367331/1000000000000
21386 126168271651/125000000000
21388 506003120911/500000000000
21390 508067915407/500000000000
21392 1013083792779/1000000000000
21394 251962650173/250000000000
21396 1002537259989/1000000000000
21398 101008404963/100000000000
21400 201395337419/200000000000
21402 503301163857/500000000000
21404 501514182047/500000000000
21406 25158258361/25000000000
21408 1002229249831/1000000000000
21410 1005942340189/1000000000000
21412 500397426937/500000000000
21414 100583547943/100000000000
21416 1001938656299/1000000000000
21418 501010807473/500000000000
21420 25096350221/25000000000
21422 500379418507/500000000000
21424 200752207301/200000000000
21426 1013936307751/1000000000000
21428 1011457906123/1000000000000
21430 508268918833/500000000000
21432 101404500097/100000000000
21434 1010750852217/1000000000000
21436 1003464583473/1000000000000
21438 1013117179601/1000000000000
21440 1011365743369/1000000000000
21442 1006744721843/1000000000000
21444 1002289372949/1000000000000
21446 63188355041/62500000000
21448 25102881329/25000000000
21450 1006712697251/1000000000000
21452 502706135353/500000000000
21454 1007175386153/1000000000000
21456 250617699453/250000000000
21462 500973089677/500000000000
21464 100389906937/100000000000
21470 1007895579759/1000000000000
21472 503257104221/500000000000
21478 200533854267/200000000000
21480 1003480031661/1000000000000
21486 500435042227/500000000000
21488 200298321021/200000000000
21490 1003726116693/1000000000000
21492 1004514080049/1000000000000
21494 502170644863/500000000000
21496 501070263771/500000000000
21498 1007120433577/1000000000000
21500 501482680007/500000000000
21502 50363451993/50000000000
21504 62661041477/62500000000
21506 200530591037/200000000000
21508 501739898687/500000000000
21510 503448203671/500000000000
21512 1001859900173/1000000000000
21514 20028168469/20000000000
21516 501382385533/500000000000
21518 500640156857/500000000000
21520 1003076578319/1000000000000
21586 502910825569/500000000000
21588 505070979047/500000000000
21590 1008376185823/1000000000000
21592 20084138401/20000000000
21594 20084138401/20000000000
21596 20124056401/20000000000
21598 100583870357/100000000000
21600 100868090357/100000000000
21602 503875804781/500000000000
21604 1004677611669/1000000000000
21606 1004623562949/1000000000000
21608 1000215965681/1000000000000
21610 504553671607/500000000000
21612 250591407787/250000000000
21614 1000215965681/1000000000000
21616 1000215965681/1000000000000
21618 500945653109/500000000000
21620 31373576051/31250000000
21622 500945653109/500000000000
21624 1004433485759/1000000000000
21626 1002494774417/1000000000000
21628 1004433485759/1000000000000
21630 25264739811/25000000000
21632 501722336211/500000000000
21634 1004042443099/1000000000000
21636 500603350523/500000000000
21638 500603350523/500000000000
21640 500112784529/500000000000
21642 500112784529/500000000000
21644 125181408001/125000000000
21646 1007890344229/1000000000000
21648 500738843043/500000000000
21650 500121563493/500000000000
21652 500121563493/500000000000
21654 500544163493/500000000000
21656 100036392413/100000000000
21658 1005914636691/1000000000000
21660 500250771077/500000000000
21662 25059477311/25000000000
21664 25130532311/25000000000
21666 505256620249/500000000000
21668 40470878223/40000000000
21670 504903815953/500000000000
21672 504903815953/500000000000
21674 502248116233/500000000000
21676 504303166233/500000000000
21678 503220716233/500000000000
21680 503220716233/500000000000
21682 501580116233/500000000000
21684 500883738161/500000000000
21686 1006248337791/1000000000000
21688 1006248337791/1000000000000
21690 125497770319/125000000000
21692 1004081352213/1000000000000
21694 124998105793/125000000000
21696 124998105793/125000000000
21698 255987156843/250000000000
21700 510602022049/500000000000
21702 1016108776629/1000000000000
21704 1019273913169/1000000000000
21706 203305865979/200000000000
21708 203305865979/200000000000
21710 506362470249/500000000000
21712 506362470249/500000000000
21714 63875799181/62500000000
21718 251428173763/250000000000
21720 1009517084449/1000000000000
21722 201992344297/200000000000
21724 7914570763/7812500000
21726 1017285813709/1000000000000
21728 511646632611/500000000000
21740 125835381041/125000000000
21742 1009612809009/1000000000000
21744 1013450809009/1000000000000
21746 40640797777/40000000000
21748 40640797777/40000000000
21750 1018498954667/1000000000000
21752 255415288667/250000000000
21754 25689100449/25000000000
21756 250875248763/250000000000
21758 251428173763/250000000000
21792 218692084783/200000000000
21794 1100889556349/1000000000000
21796 1040956445891/1000000000000
21798 1075383451299/1000000000000
21800 265199720611/250000000000
21802 1036930621101/1000000000000
21804 1038393019191/1000000000000
21806 1041209702713/1000000000000
21808 1034245541893/1000000000000
21810 518669058107/500000000000
21812 1066479247819/1000000000000
21814 530569675613/500000000000
21816 1072631239707/1000000000000
21818 42749756183/40000000000
21820 1041993555211/1000000000000
21822 104471087343/100000000000
21824 1043420094757/1000000000000
21826 1035798231157/1000000000000
21828 215411718117/200000000000
21830 42730904281/40000000000
21832 13624905641/12500000000
21834 1073713950717/1000000000000
21836 1058933151759/1000000000000
21838 809930569/781250000
21840 529533741467/500000000000
21842 131219797193/125000000000
21844 517686636487/500000000000
21846 52546658667/50000000000
21848 210392499473/200000000000
21850 1050662531007/1000000000000
21852 521650138647/500000000000
21854 520588008259/500000000000
21856 1037851232849/1000000000000
21858 1049136038943/1000000000000
21860 1086195838581/1000000000000
21862 210328471391/200000000000
21864 524728180543/500000000000
21866 1057713405169/1000000000000
21868 527827003859/500000000000
21870 525520641273/500000000000
21872 209162098103/200000000000
21874 32801181863/31250000000
21876 522709699531/500000000000
21878 541631097829/500000000000
21880 1051739616011/1000000000000
21882 261905129597/250000000000
21884 26190176911/25000000000
21886 523154390347/500000000000
21888 105297759947/100000000000
21890 532872157349/500000000000
21892 210419239819/200000000000
21894 1065680240623/1000000000000
21896 260585315923/250000000000
21898 1049688237267/1000000000000
21900 65117132479/62500000000
21902 263711186739/250000000000
21904 132019039219/125000000000
21906 263716775739/250000000000
21908 1044490413659/1000000000000
21910 1049590793289/1000000000000
21912 1053028438797/1000000000000
21914 1043486593679/1000000000000
21916 20975302553/20000000000
21918 209021379609/200000000000
21920 1050697065711/1000000000000
21922 524032648113/500000000000
21924 1064665456389/1000000000000
21926 258432807233/250000000000
21928 1066457080351/1000000000000
21930 1062667048587/1000000000000
21932 528410048761/500000000000
21934 265781876793/250000000000
21936 1062963849767/1000000000000
21938 1059894303689/1000000000000
21940 1068022099143/1000000000000
21942 104172930139/100000000000
21944 1048040277967/1000000000000
21946 1074229692309/1000000000000
21948 1046908987671/1000000000000
21950 265843544081/250000000000
21952 130673987409/125000000000
21954 208556019617/200000000000
21956 104435436907/100000000000
21958 1041761522411/1000000000000
21960 1063672770887/1000000000000
21964 1068668347037/1000000000000
21966 521821175741/500000000000
21968 1048519371663/1000000000000
21970 211168043229/200000000000
21974 205541107507/200000000000
21976 518015202357/500000000000
21978 1030723936659/1000000000000
21980 516780032449/500000000000
21982 1018984423691/1000000000000
21984 1032264920997/1000000000000
21986 254450405619/250000000000
21988 1034776580921/1000000000000
21990 1021160348117/1000000000000
21992 1027510453137/1000000000000
21994 518153366263/500000000000
21996 130900887897/125000000000
21998 1040386538969/1000000000000
22000 1041548452213/1000000000000
22002 1021820195959/1000000000000
22004 1020017218053/1000000000000
22006 514362583749/500000000000
22008 513278072821/500000000000
22010 201761270379/200000000000
22012 31349655269/31250000000
22014 1017037132579/1000000000000
22016 508958098611/500000000000
22018 40402915921/40000000000
22020 1007121704853/1000000000000
22022 1008512860393/1000000000000
22024 503314584321/500000000000
22026 250494938271/250000000000
22028 1007842639001/1000000000000
22030 1010443786977/1000000000000
22032 1014576144909/1000000000000
22034 1027434903077/1000000000000
22036 516007424223/500000000000
22038 255288527269/250000000000
22040 128276810947/125000000000
22042 1032811803077/1000000000000
22044 206692507263/200000000000
22046 1021359725869/1000000000000
22048 15772964013/15625000000
22050 1016375412419/1000000000000
22052 50968033401/50000000000
22054 1008095579289/1000000000000
22056 25585031739/25000000000
22058 1007108340057/1000000000000
22060 1006449164937/1000000000000
22062 1008461262129/1000000000000
22064 4049410569/4000000000
22066 1011298317501/1000000000000
22068 502383314513/500000000000
22070 1615460117/1600000000
22072 1007885403543/1000000000000
22074 501344961703/500000000000
22076 253467150447/250000000000
22078 507530510937/500000000000
22080 1014780279371/1000000000000
22082 1013738690973/1000000000000
22084 1007757664383/1000000000000
22086 1008270765461/1000000000000
22088 200637009581/200000000000
22090 250689025939/250000000000
22092 512044137879/500000000000
22094 6349894687/6250000000
22096 1024635252367/1000000000000
22098 1014521994137/1000000000000
22100 503655760999/500000000000
22102 501424562937/500000000000
22104 63185289243/62500000000
22106 1006432569581/1000000000000
22108 1008668982743/1000000000000
22110 50497239429/50000000000
22112 20154105607/20000000000
22114 200936371701/200000000000
22116 250155651531/250000000000
22118 1003986471017/1000000000000
22120 1002621657077/1000000000000
22122 1006293696343/1000000000000
22124 1000685449653/1000000000000
22126 1005863043667/1000000000000
22128 1003957361099/1000000000000
22130 1001176759851/1000000000000
22132 50036032837/50000000000
22134 1009409039947/1000000000000
22136 502351391067/500000000000
22138 63278231497/62500000000
22140 507444085913/500000000000
22142 516233621333/500000000000
22144 101295857769/100000000000
22146 51463425227/50000000000
22148 8231434377/8000000000
22150 1041889869819/1000000000000
22152 205511088009/200000000000
22154 4135267667/4000000000
22156 1002315597207/1000000000000
22158 200544068071/200000000000
22160 1001025032323/1000000000000
22162 1006244723251/1000000000000
22164 251019786379/250000000000
22166 126427691853/125000000000
22168 251258100809/250000000000
22170 201613246339/200000000000
22172 5076598679/5000000000
22174 256188050899/250000000000
22176 202940883621/200000000000
22178 1018470937781/1000000000000
22180 510051751171/500000000000
22182 128134525001/125000000000
22184 1014088648351/1000000000000
22186 1013188594983/1000000000000
22188 6384843389/6250000000
22190 516746992293/500000000000
22192 1014475703853/1000000000000
22194 4007059541/3906250000
22196 20458134649/20000000000
22198 51270776899/50000000000
22200 253491533373/250000000000
22202 204560648583/200000000000
22204 513272511469/500000000000
22206 204692606369/200000000000
22208 1036746147313/1000000000000
22210 515371280463/500000000000
22212 258978895541/250000000000
22214 1035397141747/1000000000000
22216 1033454528513/1000000000000
22218 258907961329/250000000000
22220 1004571019871/1000000000000
22222 254675992957/250000000000
22224 501087242113/500000000000
22226 1014551215669/1000000000000
22228 250578515579/250000000000
22230 1020096830573/1000000000000
22232 1004842623213/1000000000000
22234 507860316643/500000000000
22236 1032629831587/1000000000000
22238 4144774871/4000000000
22240 513917097753/500000000000
22242 1040575015009/1000000000000
22244 1030372013067/1000000000000
22246 130665331569/125000000000
22248 513348725321/500000000000
22250 1043768856731/1000000000000
22252 101921919327/100000000000
22254 1011143307791/1000000000000
22256 1018773089167/1000000000000
22258 252767892747/250000000000
22260 1021282899333/1000000000000
22262 1023900158917/1000000000000
22264 512266260743/500000000000
22266 256500006409/250000000000
22268 126202715659/125000000000
22270 505630172163/500000000000
22272 1011425847159/1000000000000
22274 1018534592323/1000000000000
22276 51211036217/50000000000
22278 51146274247/50000000000
22280 102386126009/100000000000
22282 512833707051/500000000000
22284 63850826023/62500000000
22286 1017837987227/1000000000000
22288 513579369433/500000000000
22290 205794960699/200000000000
22292 128592587193/125000000000
22294 1026871819299/1000000000000
22296 1026166313089/1000000000000
22298 41156427951/40000000000
22300 254434267469/250000000000
22302 1018098604569/1000000000000
22304 204477661459/200000000000
22306 1024060448209/1000000000000
22308 511810837143/500000000000
22310 1030833876687/1000000000000
22312 1028689000479/1000000000000
22314 1034525975281/1000000000000
22320 1025388023181/1000000000000
22322 508879810011/500000000000
22326 128903246739/125000000000
22332 508314295317/500000000000
22334 1010447277429/1000000000000
22340 209313496961/200000000000
22342 1037041003/1000000000
22344 511796681899/500000000000
22346 1015859409169/1000000000000
22348 255899708861/250000000000
22350 508036598251/500000000000
22352 512529748479/500000000000
22354 514443714001/500000000000
22356 102707341409/100000000000
22358 506196523513/500000000000
22360 1009929810939/1000000000000
22362 1009422545761/1000000000000
22364 252717568279/250000000000
22366 1024836615211/1000000000000
22368 514100449107/500000000000
22370 256329419123/250000000000
22372 511442486531/500000000000
22408 253663397941/250000000000
22410 254454247989/250000000000
22412 506024586483/500000000000
22414 506570334103/500000000000
22416 25211126201/25000000000
22418 1017422195189/1000000000000
22420 1013651254461/1000000000000
22422 12676829737/12500000000
22424 204079061503/200000000000
22426 1020928242089/1000000000000
22428 796020157/781250000
22430 1009659020047/1000000000000
22432 1009595178927/1000000000000
22434 1046406299243/1000000000000
22436 206786306447/200000000000
22438 501092118213/500000000000
22440 1003535218421/1000000000000
22442 7852490947/7812500000
22444 62746593863/62500000000
22446 255334026589/250000000000
22448 261036058193/250000000000
22450 1019950152071/1000000000000
22452 1039906133023/1000000000000
22454 203824820747/200000000000
22456 1020346064727/1000000000000
22458 1021674359631/1000000000000
22460 1014966074503/1000000000000
22462 1031965176877/1000000000000
22464 1017519450481/1000000000000
22466 103323109819/100000000000
22468 1019667716767/1000000000000
22470 256106018089/250000000000
22472 257824364491/250000000000
22474 1041395961369/1000000000000
22476 1021689673687/1000000000000
22478 260685911019/250000000000
22480 1030252615547/1000000000000
22482 518172192111/500000000000
22484 510901262601/500000000000
22486 522459189883/500000000000
22488 208265126363/200000000000
22490 1031253673423/1000000000000
22492 517607663513/500000000000
22494 101879143379/100000000000
22496 513979007117/500000000000
22498 525735869009/500000000000
22500 1054878641239/1000000000000
22502 1042117647909/1000000000000
22504 1056556729663/1000000000000
22506 526049716243/500000000000
22508 257046414353/250000000000
22510 516980470313/500000000000
22512 15944228179/15625000000
22514 1015589569481/1000000000000
22516 515944098163/500000000000
22518 101457924891/100000000000
22520 204082455199/200000000000
22522 1006382246629/1000000000000
22524 205306759307/200000000000
22526 1004480262253/1000000000000
22528 251971237183/250000000000
22530 62891599337/62500000000
22532 202126598963/200000000000
22534 202247730873/200000000000
22536 524996884613/500000000000
22538 260254661123/250000000000
22540 1021672054289/1000000000000
22542 129394608411/125000000000
22544 519025259923/500000000000
22546 101804733787/100000000000
22548 1037879701139/1000000000000
22550 1021554081917/1000000000000
22552 1015033368691/1000000000000
22554 101412934303/100000000000
22556 6421204193/6250000000
22558 6335027851/6250000000
22562 517405545981/500000000000
22564 50532751337/50000000000
22570 1017789190063/1000000000000
22572 505567614231/500000000000
22578 40377402629/40000000000
22580 5054477449/5000000000
22586 1010440106233/1000000000000
22588 505527914407/500000000000
22590 1029707129033/1000000000000
22592 1039310818399/1000000000000
22594 8173610521/8000000000
22596 204285520849/200000000000
22598 202802537403/200000000000
22600 101476186027/100000000000
22602 1011578968231/1000000000000
22604 1017199447097/1000000000000
22606 63303350531/62500000000
22608 127076785479/125000000000
22610 1003322230743/1000000000000
22612 252420852767/250000000000
22614 1007938819739/1000000000000
22616 504691928893/500000000000
22618 1007202942179/1000000000000
22674 205730834307/200000000000
22676 516738536623/500000000000
22678 256299746153/250000000000
22680 25299833331/25000000000
22684 32293036843/31250000000
22686 1077018889267/1000000000000
22688 1042968003793/1000000000000
22690 525113108929/500000000000
22698 128106123643/125000000000
22700 515125007849/500000000000
22702 128102959019/125000000000
22704 20565384281/20000000000
22706 1034407490497/1000000000000
22708 1035572833831/1000000000000
22710 205700592787/200000000000
22712 1029394170257/1000000000000
22714 258653766009/250000000000
22716 52923836269/50000000000
22718 529427327097/500000000000
22720 517363589263/500000000000
22722 505990133057/500000000000
22724 508121164457/500000000000
22726 10180069371/10000000000
22728 1021519465751/1000000000000
22730 4003692681/3906250000
22732 2017727393/1953125000
22734 1023497193991/1000000000000
22736 12866315327/12500000000
22738 1050701237087/1000000000000
22740 1046152253161/1000000000000
22742 1045023818953/1000000000000
22744 1047575119269/1000000000000
22746 131699011073/125000000000
22748 1045090534977/1000000000000
22750 1039869731459/1000000000000
22752 1028966031829/1000000000000
22754 1050148097939/1000000000000
22756 10476684019/10000000000
22758 42285471113/40000000000
22760 1029305365611/1000000000000
22762 129925733957/125000000000
22764 204544027369/200000000000
22766 257779323949/250000000000
22768 8410357483/8000000000
22770 1045047653907/1000000000000
22772 1048797162651/1000000000000
22774 1067120919191/1000000000000
22776 1071579466677/1000000000000
22778 519989961711/500000000000
22780 64518863819/62500000000
22782 208403467123/200000000000
22784 1037311224663/1000000000000
22786 205962700797/200000000000
22788 525222127191/500000000000
22790 1049878862667/1000000000000
22792 507401286723/500000000000
22794 1013188775131/1000000000000
22796 7991260947/7812500000
22798 510515649631/500000000000
22800 257410357013/250000000000
22802 1039105805361/1000000000000
22804 520347670763/500000000000
22806 525122507199/500000000000
22808 261861749649/250000000000
22810 522344876373/500000000000
22812 52250317947/50000000000
22814 264671658959/250000000000
22816 265295756913/250000000000
22818 1046661571241/1000000000000
22820 1030684105289/1000000000000
22822 64193997491/62500000000
22824 520194731943/500000000000
22826 128927873161/125000000000
22828 1054951126369/1000000000000
22830 1057069926703/1000000000000
22832 1059192833169/1000000000000
22838 1027892936549/1000000000000
22840 253542425119/250000000000
22846 206198117453/200000000000
22852 506411719203/500000000000
22854 1014652431047/1000000000000
22860 203771690467/200000000000
22862 504868070717/500000000000
22864 1029443450103/1000000000000
22866 50790460157/50000000000
22868 257552058853/250000000000
22870 1018482049867/1000000000000
22872 520004915859/500000000000
22874 1037251313697/1000000000000
22876 514596486797/500000000000
22878 1010295731061/1000000000000
22880 63227767629/62500000000
22882 1009823264019/1000000000000
22884 505397947567/500000000000
22886 254848252269/250000000000
22888 125801664459/125000000000
22890 512823298873/500000000000
22892 1011738127753/1000000000000
22950 260781922603/250000000000
22952 129905034137/125000000000
22954 1042007818171/1000000000000
22956 1042163106267/1000000000000
22958 1036060090127/1000000000000
22960 103122088111/100000000000
22962 522144342761/500000000000
22964 1038942810451/1000000000000
22966 1053686602857/1000000000000
22968 524643072617/500000000000
22970 265769518391/250000000000
22972 1053845508277/1000000000000
22974 534989013149/500000000000
22976 1007763725573/1000000000000
22978 8061630857/8000000000
22980 254964368393/250000000000
22982 251304756091/250000000000
22984 259827790519/250000000000
22986 1028683958093/1000000000000
22988 263045879221/250000000000
22990 1039021610419/1000000000000
22992 250918607217/250000000000
22994 1004972543197/1000000000000
22996 251304756091/250000000000
22998 503438872069/500000000000
23000 1028075860413/1000000000000
23002 518770942511/500000000000
23004 129978450903/125000000000
23006 1037706538353/1000000000000
23008 128235034641/125000000000
23010 260806696637/250000000000
23012 1031178284197/1000000000000
23014 20741172601/20000000000
23016 1048251956689/1000000000000
23018 511975118347/500000000000
23020 1018802569177/1000000000000
23022 256485370877/250000000000
23024 512436287287/500000000000
23026 1024119769181/1000000000000
23028 1035065713661/1000000000000
23030 20441465051/20000000000
23032 1024520668081/1000000000000
23034 1020444313517/1000000000000
23036 1023282445253/1000000000000
23038 1002177378271/1000000000000
23040 1000212296299/1000000000000
23042 200229524511/200000000000
23044 1002747213869/1000000000000
23046 51370961371/50000000000
23048 1031633928349/1000000000000
23050 10299155039/10000000000
23052 1033927111043/1000000000000
23054 1015335069869/1000000000000
23056 1031249478151/1000000000000
23058 503754089797/500000000000
23060 1022717498003/1000000000000
23062 1019117364167/1000000000000
23064 1021932776121/1000000000000
23066 510572300263/500000000000
23068 51103201163/50000000000
23070 62714191053/62500000000
23072 502173022271/500000000000
23074 251092254309/250000000000
23076 1002424716159/1000000000000
23078 51377216903/50000000000
23080 513549039549/500000000000
23082 1025087479159/1000000000000
23084 128278614213/125000000000
23086 251306802271/250000000000
23088 1010755351541/1000000000000
23090 62645096973/62500000000
23092 1007218389569/1000000000000
23094 1023464499479/1000000000000
23096 207324738773/200000000000
23098 1017851023731/1000000000000
23100 206407110163/200000000000
23102 128622256613/125000000000
23104 1036644615431/1000000000000
23106 508782258331/500000000000
23108 103134248519/100000000000
23110 1045459367031/1000000000000
23112 263922200211/250000000000
23114 520302913991/500000000000
23116 32748972073/31250000000
23118 16267079599/15625000000
23120 262684817799/250000000000
23122 5180122061/5000000000
23124 203606722663/200000000000
23126 512783930477/500000000000
23128 1022394556857/1000000000000
23130 1027937058131/1000000000000
23132 503522510841/500000000000
23134 1020233329671/1000000000000
23136 1002446300099/1000000000000
23138 1013801346283/1000000000000
23140 518449266921/500000000000
23142 1047229786617/1000000000000
23144 128893045703/125000000000
23146 521458280409/500000000000
23148 1033488306833/1000000000000
23150 1043584635451/1000000000000
23152 513357666607/500000000000
23154 1036246941887/1000000000000
23156 257538376159/250000000000
23158 517760044761/500000000000
23160 128084741781/125000000000
23162 1035982511699/1000000000000
23164 261017831441/250000000000
23166 1040039001229/1000000000000
23168 259496537031/250000000000
23170 516648119067/500000000000
23172 1045373201251/1000000000000
23174 521270906561/500000000000
23176 1038680641573/1000000000000
23178 1020636646271/1000000000000
23180 524400350853/500000000000
23182 12865073981/12500000000
23184 64115420963/62500000000
23186 129474570577/125000000000
23188 1025569565049/1000000000000
23190 1034601191347/1000000000000
23192 1039435805727/1000000000000
23194 1048334967791/1000000000000
23196 207420233643/200000000000
23198 26084746773/25000000000
23200 1048854456121/1000000000000
23202 1048616083527/1000000000000
23204 262347834741/250000000000
23206 525108186169/500000000000
23208 261038635021/250000000000
23210 262096421833/250000000000
23212 64233066141/62500000000
23214 511829321431/500000000000
23216 515024481271/500000000000
23218 1023871444333/1000000000000
23220 102746302851/100000000000
23222 1020121666691/1000000000000
23224 1036139631499/1000000000000
23226 1026534854809/1000000000000
23228 40699986631/40000000000
23230 201756886799/200000000000
23232 1022381864671/1000000000000
23234 1016147582287/1000000000000
23236 508520508649/500000000000
23238 506779201877/500000000000
23240 12717997079/12500000000
23242 202691250199/200000000000
23244 258761657011/250000000000
23246 1027881251349/1000000000000
23248 1035197401567/1000000000000
23250 515496105969/500000000000
23252 1041880879559/1000000000000
23254 258403809963/250000000000
23256 1044060267067/1000000000000
23258 209031174321/200000000000
23260 255960035679/250000000000
23262 1014743836741/1000000000000
23264 8234919719/8000000000
23266 127124703779/125000000000
23268 255765718899/250000000000
23270 1017442876409/1000000000000
23272 1028220123169/1000000000000
23274 510884654441/500000000000
23280 1024757404863/1000000000000
23282 1018710916503/1000000000000
23288 1023268032949/1000000000000
23290 1021456160313/1000000000000
23296 508964398947/500000000000
23298 63358623803/62500000000
23304 3179335301/3125000000
23306 252795966959/250000000000
23308 40987199777/40000000000
23310 127880139861/125000000000
23312 514021662207/500000000000
23314 1022964218677/1000000000000
23316 510294545949/500000000000
23318 1017615642151/1000000000000
23320 328148623/320000000
23322 1020307744123/1000000000000
23324 509522300407/500000000000
23326 506365993093/500000000000
23328 1017870753429/1000000000000
23330 202477942357/200000000000
23332 253693340257/250000000000
23334 1010509565007/1000000000000
23336 15832328353/15625000000
23338 1008994441307/1000000000000
23404 125535421053/125000000000
23406 125535421053/125000000000
23408 1002635843971/1000000000000
23410 1002635843971/1000000000000
23412 7813526993/7812500000
23414 31445892347/31250000000
23416 251210939679/250000000000
23418 251210939679/250000000000
23420 1004935755069/1000000000000
23422 1005095192569/1000000000000
23424 1000700192569/1000000000000
23426 1000700192569/1000000000000
23428 1002960292569/1000000000000
23430 1002510184737/1000000000000
23432 1000329184731/1000000000000
23434 999979631993/1000000000000
23436 1002807650139/1000000000000
23438 200763192897/200000000000
23440 1000760550139/1000000000000
23442 250875161891/250000000000
23444 1000743408389/1000000000000
23446 250875161891/250000000000
23448 1000743408389/1000000000000
23450 1002669632497/1000000000000
23452 1012953044469/1000000000000
23454 1002961049971/1000000000000
23456 1002961049971/1000000000000
23458 250802458503/250000000000
23460 250802458503/250000000000
23462 250103182789/250000000000
23464 250103182789/250000000000
23466 250103182789/250000000000
23468 250103182789/250000000000
23470 125261304287/125000000000
23472 1005953673633/1000000000000
23474 1005953673633/1000000000000
23476 501131732603/500000000000
23478 501131732603/500000000000
23480 500641166609/500000000000
23482 503354316609/500000000000
23484 1000208608691/1000000000000
23486 1002120133453/1000000000000
23488 250080432041/250000000000
23490 500089691367/500000000000
23492 500089696719/500000000000
23494 1001199959261/1000000000000
23496 1001199959261/1000000000000
23498 250053102429/250000000000
23500 1000488806313/1000000000000
23502 5001113283/5000000000
23504 1000151156599/1000000000000
23506 1000151156599/1000000000000
23508 1000151156599/1000000000000
23510 19999154419/20000000000
23512 501574741063/500000000000
23514 1000153482127/1000000000000
23516 201704116477/200000000000
23518 1008764452327/1000000000000
23520 504770753677/500000000000
23522 201450028747/200000000000
23524 125906267967/125000000000
23526 126162155467/125000000000
23528 251209447641/250000000000
23530 251254511637/250000000000
23532 251254511637/250000000000
23534 250789311637/250000000000
23536 250789311637/250000000000
23538 250534036637/250000000000
23540 1002020308691/1000000000000
23542 1002020308691/1000000000000
23544 250249877173/250000000000
23546 1000208608691/1000000000000
23548 128311128211/125000000000
23550 1022881125683/1000000000000
23552 203532516003/200000000000
23554 1013510496751/1000000000000
23556 206468140457/200000000000
23558 205700175371/200000000000
23560 506162485891/500000000000
23562 1011391259219/1000000000000
23564 1010976152327/1000000000000
23582 529550404803/500000000000
23584 1046223257541/1000000000000
23586 3299897099/3125000000
23588 518335532039/500000000000
23590 258042692851/250000000000
23592 16233315773/15625000000
23594 258494064029/250000000000
23596 105008108411/100000000000
23598 529286271393/500000000000
23600 104413489171/100000000000
23602 209727262033/200000000000
23604 522952128371/500000000000
23606 1110422146229/1000000000000
23608 129426505769/125000000000
23610 514054779789/500000000000
23612 1031375648207/1000000000000
23614 205381602809/200000000000
23616 129824091691/125000000000
23618 1049790389343/1000000000000
23620 1079864908577/1000000000000
23622 540615055169/500000000000
23624 269271481017/250000000000
23626 1078271856879/1000000000000
23628 128129288957/125000000000
23630 1035560014091/1000000000000
23632 51345329073/50000000000
23634 205071976301/200000000000
23636 258770978129/250000000000
23638 1025186540617/1000000000000
23640 12951642227/12500000000
23642 537904953907/500000000000
23644 32558265101/31250000000
23646 1031936999263/1000000000000
23648 26064501177/25000000000
23650 1028505081811/1000000000000
23652 1045598310199/1000000000000
23654 211287945003/200000000000
23656 209055445651/200000000000
23658 15937681217/15625000000
23660 506433232953/500000000000
23662 1012530773777/1000000000000
23664 1008893811429/1000000000000
23666 1063930145023/1000000000000
23668 1035216056513/1000000000000
23670 1025948436627/1000000000000
23672 1050298053553/1000000000000
23674 1053522587837/1000000000000
23676 1055921679223/1000000000000
23678 1051097333949/1000000000000
23680 523157096269/500000000000
23682 32642198997/31250000000
23684 209855738639/200000000000
23686 105790064933/100000000000
23688 207126580917/200000000000
23690 204390524901/200000000000
23692 527037979339/500000000000
23694 260291691261/250000000000
23696 1029651176161/1000000000000
23698 524418337879/500000000000
23700 1040183886033/1000000000000
23702 1023346352071/1000000000000
23704 255742928651/250000000000
23706 10331843817/10000000000
23708 1027127429919/1000000000000
23710 131024324397/125000000000
23712 105090825047/100000000000
23714 521502872401/500000000000
23716 1033081246397/1000000000000
23718 519460771691/500000000000
23720 509876443651/500000000000
23722 1012825643479/1000000000000
23724 1028492936653/1000000000000
23726 1020013861337/1000000000000
23728 101939065261/100000000000
23730 504791703727/500000000000
23732 205778638783/200000000000
23734 509980549427/500000000000
23736 1006656368283/1000000000000
23738 1020676380839/1000000000000
23740 509914150909/500000000000
23742 16040670813/15625000000
23744 1017318998531/1000000000000
23746 254160581903/250000000000
23748 508602067781/500000000000
23750 510706403431/500000000000
23752 103609192303/100000000000
23754 1041082005233/1000000000000
23756 1030031084849/1000000000000
23758 510925300177/500000000000
23760 517409959517/500000000000
23762 1026815316121/1000000000000
23764 1025212303833/1000000000000
23766 1028561323599/1000000000000
23768 1017341245503/1000000000000
23770 255129179657/250000000000
23772 40664638181/40000000000
23774 1014566378971/1000000000000
23776 501842986113/500000000000
23778 250945918841/250000000000
23780 502817570147/500000000000
23782 1001015041013/1000000000000
23784 40744185111/40000000000
23786 126009387247/125000000000
23788 40462399881/40000000000
23790 201949113837/200000000000
23792 1001123894907/1000000000000
23794 201632668417/200000000000
23796 1007390612363/1000000000000
23798 251585969919/250000000000
23800 1002781438551/1000000000000
23802 1005257221771/1000000000000
23804 506154040181/500000000000
23806 506162002841/500000000000
23808 506315649409/500000000000
23810 1003654084717/1000000000000
23812 1017976562199/1000000000000
23814 1002182889467/1000000000000
23816 503645505873/500000000000
23818 125557414983/125000000000
23820 31414509783/31250000000
23822 503770297313/500000000000
23824 251877641549/250000000000
23826 505772582909/500000000000
23828 1006056671887/1000000000000
23830 7897537301/7812500000
23832 1013876421903/1000000000000
23834 203654062209/200000000000
23836 203702052597/200000000000
23838 254675935113/250000000000
23840 125217110047/125000000000
23842 1000943456321/1000000000000
23844 1002710666137/1000000000000
23846 1005950124649/1000000000000
23848 511286828393/500000000000
23850 1012999883131/1000000000000
23852 40634082159/40000000000
23854 25271828877/25000000000
23856 1003018353161/1000000000000
23858 999968253541/1000000000000
23860 125098868139/125000000000
23862 1000522039411/1000000000000
23864 125193483993/125000000000
23866 1000443206099/1000000000000
23868 20054862361/20000000000
23870 1002345585101/1000000000000
23872 250714183701/250000000000
23874 200561042631/200000000000
23876 1002153674873/1000000000000
23878 1002460941569/1000000000000
23880 203246319451/200000000000
23882 101153830051/100000000000
23884 40857346831/40000000000
23886 252645997723/250000000000
23888 1001697869723/1000000000000
23890 201188578251/200000000000
23892 502280040609/500000000000
23894 500793223267/500000000000
23896 1005179971721/1000000000000
23898 1001793275381/1000000000000
23900 1005174917499/1000000000000
23902 1007665968693/1000000000000
23904 509421729723/500000000000
23906 1015325125347/1000000000000
23908 1009921894047/1000000000000
23910 252100510593/250000000000
23912 66160058477/62500000000
23914 1041612208057/1000000000000
23916 210673494123/200000000000
23918 206330144269/200000000000
23920 1004321245521/1000000000000
23922 501154076469/500000000000
23924 1004933127153/1000000000000
23926 200309677841/200000000000
23928 32225232667/31250000000
23930 128542115639/125000000000
23932 25604063613/25000000000
23934 31732935821/31250000000
23936 201124832643/200000000000
23938 1003608608397/1000000000000
23940 1009076719321/1000000000000
23942 1003692237099/1000000000000
23944 1046492061413/1000000000000
23946 515797767663/500000000000
23948 257876593003/250000000000
23950 254366095769/250000000000
23952 1004372216259/1000000000000
23954 200068161253/200000000000
23956 125410304207/125000000000
23958 200166214273/200000000000
23960 202544465999/200000000000
23962 252445940789/250000000000
23964 502942497667/500000000000
23966 251381289393/250000000000
23968 1075263704047/1000000000000
23970 262187719521/250000000000
23972 65413536841/62500000000
23974 1027468002181/1000000000000
23976 1042689566383/1000000000000
23978 1031250118083/1000000000000
23980 1035212954647/1000000000000
23982 518561266039/500000000000
23984 103143989469/100000000000
23986 32060799941/31250000000
23988 511227991709/500000000000
23990 1046985925647/1000000000000
23992 262752558121/250000000000
23994 50857931053/50000000000
23996 1021677329767/1000000000000
23998 1011955877497/1000000000000
24000 504853717331/500000000000
24002 512735481829/500000000000
24004 1011601750439/1000000000000
24006 31578976797/31250000000
24010 12951674129/12500000000
24012 104824602997/100000000000
24014 257669258631/250000000000
24016 524950742097/500000000000
24018 1031642866003/1000000000000
24022 505172287913/500000000000
24024 201132671221/200000000000
24026 1017364510787/1000000000000
24028 127387481651/125000000000
24030 1019035241731/1000000000000
24032 508096312197/500000000000
24034 1026480450917/1000000000000
24036 516203232803/500000000000
24038 1035481798367/1000000000000
24040 508033558061/500000000000
24042 1021990169321/1000000000000
24044 510742683267/500000000000
24046 127754379087/125000000000
24048 1019412732621/1000000000000
24050 1021301338597/1000000000000
24052 201930396449/200000000000
24054 256151517109/250000000000
24056 510096830749/500000000000
24058 1013464370377/1000000000000
24060 202192625863/200000000000
24062 1005293455373/1000000000000
24064 253238060113/250000000000
24066 507120444549/500000000000
24068 126707495259/125000000000
24070 507249501021/500000000000
24072 507574367951/500000000000
24074 506285069553/500000000000
24076 507357234929/500000000000
24078 63515353227/62500000000
24080 508460274051/500000000000
24082 522946848161/500000000000
24084 1038869095681/1000000000000
24086 1027990348617/1000000000000
24088 32449739943/31250000000
24090 205892552271/200000000000
24092 1028403531641/1000000000000
24094 529931516437/500000000000
24096 204067745193/200000000000
24098 513774563431/500000000000
24100 1012046866379/1000000000000
24102 1011693032171/1000000000000
24104 521277181447/500000000000
24106 1035094968153/1000000000000
24108 1011379535709/1000000000000
24110 502645664733/500000000000
24112 1011184810203/1000000000000
24114 1008832155631/1000000000000
24116 205989233703/200000000000
24118 511042332463/500000000000
24120 51547767129/50000000000
24122 511418678287/500000000000
24124 1021086094401/1000000000000
24126 1070206178121/1000000000000
24128 532717929839/500000000000
24130 526932417411/500000000000
24132 1055892842813/1000000000000
24134 211987561997/200000000000
24136 1048198221859/1000000000000
24138 1050316488307/1000000000000
24140 531279131679/500000000000
24142 260428538517/250000000000
24144 262145235379/250000000000
24146 66643668923/62500000000
24148 1041133829091/1000000000000
24150 1031964918817/1000000000000
24152 1037374818653/1000000000000
24158 1039664776773/1000000000000
24160 267459116573/250000000000
24162 104790128583/100000000000
24164 42846658903/40000000000
24166 1047199130103/1000000000000
24196 1036076798781/1000000000000
24198 133667502587/125000000000
24200 1034982754913/1000000000000
24202 257757994101/250000000000
24204 1040280835977/1000000000000
24206 66191785611/62500000000
24208 1019919238641/1000000000000
24210 203679262277/200000000000
24212 1028301812051/1000000000000
24214 1027850737981/1000000000000
24216 15963990171/15625000000
24218 202906477589/200000000000
24220 102679421277/100000000000
24222 252370918163/250000000000
24224 1046118358767/1000000000000
24226 516780818517/500000000000
24228 1032378296699/1000000000000
24230 524531525439/500000000000
24232 32407362941/31250000000
24234 513567465133/500000000000
24236 206063488059/200000000000
24238 1034939439459/1000000000000
24240 206698617107/200000000000
24242 129688057831/125000000000
24244 32184136569/31250000000
24246 1033978323673/1000000000000
24248 128773046869/125000000000
24250 519164464291/500000000000
24252 1044144004343/1000000000000
24254 516825557877/500000000000
24256 1036787870783/1000000000000
24258 1015224253731/1000000000000
24260 1015557546697/1000000000000
24262 1018917117067/1000000000000
24264 508806394131/500000000000
24266 1018305856261/1000000000000
24268 41080451843/40000000000
24270 1018952675751/1000000000000
24272 511132354357/500000000000
24274 32879179983/31250000000
24276 524247155671/500000000000
24278 1062150811943/1000000000000
24280 527538775563/500000000000
24282 1040068920251/1000000000000
24284 210185621271/200000000000
24286 264146283957/250000000000
24288 209057130299/200000000000
24290 209058000987/200000000000
24292 41445543667/40000000000
24294 257918155379/250000000000
24296 132040238811/125000000000
24298 1060622590787/1000000000000
24300 1040106602711/1000000000000
24302 131519527611/125000000000
24306 13062732369/12500000000
24308 2092856879/2000000000
24310 519908379619/500000000000
24312 526209986631/500000000000
24314 65543185903/62500000000
24326 1076800540059/1000000000000
24328 532344641683/500000000000
24330 109094023717/100000000000
24332 1072609332277/1000000000000
24334 131625069987/125000000000
24336 1049016667947/1000000000000
24338 1065383199669/1000000000000
24340 1052806510153/1000000000000
24342 273535963371/250000000000
24344 110709843261/100000000000
24346 1067408649577/1000000000000
24348 1077629757397/1000000000000
24350 41445044793/40000000000
24352 1026323281123/1000000000000
24354 8369053061/8000000000
24356 25881372499/25000000000
24358 1049528452729/1000000000000
24360 32638670881/31250000000
24362 1058900458767/1000000000000
24364 516455636877/500000000000
24366 128885474301/125000000000
24368 25881372499/25000000000
24370 516699043131/500000000000
24372 10473147203/10000000000
24374 1027618960653/1000000000000
24376 1050166619819/1000000000000
24378 1053475077157/1000000000000
24380 1058563015173/1000000000000
24382 52539534731/50000000000
24384 1068688536879/1000000000000
24386 106857115911/100000000000
24388 264577700373/250000000000
24390 1042362501299/1000000000000
24392 1037642868897/1000000000000
24394 130317183771/125000000000
24396 208578619131/200000000000
24398 524843992031/500000000000
24400 526459225149/500000000000
24402 514477754367/500000000000
24404 1040383187559/1000000000000
24406 1029418903779/1000000000000
24408 103897998837/100000000000
24410 1042266410081/1000000000000
24412 15973617489/15625000000
24414 208939282941/200000000000
24416 1026373564919/1000000000000
24418 509883672711/500000000000
24420 254785305761/250000000000
24422 513416230827/500000000000
24424 1021826507917/1000000000000
24426 250366264013/250000000000
24428 1001633199439/1000000000000
24430 1008045675757/1000000000000
24432 40088070377/40000000000
24434 257888541323/250000000000
24436 257930485617/250000000000
24438 1033350693617/1000000000000
24440 1026310759371/1000000000000
24442 1051780888483/1000000000000
24444 1033723744923/1000000000000
24446 52746744179/50000000000
24448 1041136459877/1000000000000
24450 128875061253/125000000000
24452 101900761471/100000000000
24454 514486652053/500000000000
24456 206293038257/200000000000
24458 102412053481/100000000000
24460 1010151857451/1000000000000
24462 64727564643/62500000000
24464 126838475117/125000000000
24466 1021705716641/1000000000000
24468 1017958917907/1000000000000
24470 255472422867/250000000000
24472 1988857831/1953125000
24474 125289773281/125000000000
24476 500660671993/500000000000
24478 125654912269/125000000000
24480 1000338855763/1000000000000
24482 1011365412877/1000000000000
24484 1011587716581/1000000000000
24486 1016966805991/1000000000000
24488 1015483114417/1000000000000
24490 1004307268073/1000000000000
24492 1017607727531/1000000000000
24494 1002462724617/1000000000000
24496 1008099973121/1000000000000
24498 514338819683/500000000000
24500 513438147667/500000000000
24502 1028281928729/1000000000000
24504 64592826729/62500000000
24506 254383603097/250000000000
24508 1005206128287/1000000000000
24510 1028893361041/1000000000000
24512 1015952480529/1000000000000
24514 1021676196307/1000000000000
24516 1019907734893/1000000000000
24518 513233257747/500000000000
24520 508332605607/500000000000
24522 200920337999/200000000000
24524 250448509851/250000000000
24526 502279471217/500000000000
24528 501012389013/500000000000
24530 502577116799/500000000000
24532 252377113257/250000000000
24534 126306078593/125000000000
24536 1009510527267/1000000000000
24538 200377419659/200000000000
24540 1009905174949/1000000000000
24542 200865492247/200000000000
24544 1008029509161/1000000000000
24546 253952063117/250000000000
24548 1023951780003/1000000000000
24550 254126370627/250000000000
24552 1022281382309/1000000000000
24554 509555002177/500000000000
24556 128890010709/125000000000
24558 1019953494431/1000000000000
24560 1030308178303/1000000000000
24562 252149789613/250000000000
24564 202294891629/200000000000
24566 1009474864399/1000000000000
24568 126565321161/125000000000
24570 501095333451/500000000000
24572 501183844503/500000000000
24574 501267570991/500000000000
24576 125439803091/125000000000
24578 20243699969/20000000000
24580 254649857621/250000000000
24582 10132488001/10000000000
24584 127062206697/125000000000
24586 1014645756803/1000000000000
24588 513398775133/500000000000
24590 1002331358583/1000000000000
24592 204874441037/200000000000
24594 1022142125781/1000000000000
24596 64078830909/62500000000
24598 1016324458969/1000000000000
24600 1020467565471/1000000000000
24602 12900568761/12500000000
24604 259967051257/250000000000
24606 510772977353/500000000000
24608 257637535469/250000000000
24610 1034862280249/1000000000000
24612 1031477223451/1000000000000
24614 258306609401/250000000000
24616 1032503178457/1000000000000
24618 260554732701/250000000000
24620 517009520567/500000000000
24622 1040756221201/1000000000000
24624 1040563363067/1000000000000
24626 1010875790403/1000000000000
24628 10147445511/10000000000
24630 1008771390829/1000000000000
24632 505975609227/500000000000
24634 40494958649/40000000000
24636 255599196551/250000000000
24638 504608787199/500000000000
24640 102011972957/100000000000
24642 1029345098761/1000000000000
24644 1033264587773/1000000000000
24646 63819563281/62500000000
24648 102368168323/100000000000
24650 103386376079/100000000000
24652 41656622179/40000000000
24654 1028337566443/1000000000000
24656 1036925219427/1000000000000
24662 259420889167/250000000000
24664 1030606840747/1000000000000
24668 1048029181471/1000000000000
24674 514215244669/500000000000
24676 1025083132717/1000000000000
24682 1043417857607/1000000000000
24684 513561513127/500000000000
24686 1041834468109/1000000000000
24688 10409251023/10000000000
24690 8264304283/8000000000
24692 208189895193/200000000000
24694 52308048011/50000000000
24696 212722340927/200000000000
24698 105026764327/100000000000
24700 513607061039/500000000000
24702 511906536411/500000000000
24704 20687053267/20000000000
24706 512552009049/500000000000
24708 520227469997/500000000000
24710 257927640057/250000000000
24712 523801180633/500000000000
24714 1035192230667/1000000000000
24776 501110940539/500000000000
24778 1002381498077/1000000000000
24780 1002381498077/1000000000000
24782 1000956701689/1000000000000
24784 125045262711/125000000000
24786 62734257959/62500000000
24788 1006230753/1000000000
24790 1000712253/1000000000
24792 1000712253/1000000000
24794 1000712253/1000000000
24796 500191799497/500000000000
24798 1003156218679/1000000000000
24800 3920925813/3906250000
24802 1010678087497/1000000000000
24804 250082472711/250000000000
24806 1000184103941/1000000000000
24808 251155602877/250000000000
24810 1010129868733/1000000000000
24812 251116877877/250000000000
24814 1011316816243/1000000000000
24816 253222477877/250000000000
24818 254332356821/250000000000
24820 1016474187693/1000000000000
24822 502759766067/500000000000
24824 500013331787/500000000000
24826 1000274702911/1000000000000
24828 502759766067/500000000000
24830 502397564639/500000000000
24832 501121964639/500000000000
24834 100559768301/100000000000
24836 100559768301/100000000000
24838 1005845722347/1000000000000
24840 501704875423/500000000000
24842 501704875423/500000000000
24844 501704875423/500000000000
24846 501704875423/500000000000
24848 501704875423/500000000000
24850 502565532779/500000000000
24852 500748196781/500000000000
24854 7856390811/7812500000
24856 253518387953/250000000000
24858 500081075621/500000000000
24860 500081075621/500000000000
24862 1001104778787/1000000000000
24864 250369305413/250000000000
24866 1003120551433/1000000000000
24868 200834992603/200000000000
24870 1002223390579/1000000000000
24872 1001585697863/1000000000000
24874 100003362339/100000000000
24876 100003362339/100000000000
24878 100003362339/100000000000
24880 100003362339/100000000000
24882 100003362339/100000000000
24884 100003362339/100000000000
24886 502552532779/500000000000
24888 502552532779/500000000000
24890 1000817538339/1000000000000
24892 251044293209/250000000000
24894 1001837838339/1000000000000
24896 25750827707/25000000000
24898 40233950979/40000000000
24900 50175806917/50000000000
24902 25809730207/25000000000
24904 251238710617/250000000000
24906 40147354979/40000000000
24908 250697485617/250000000000
24910 251031085617/250000000000
24912 1002096151397/1000000000000
24914 40024362979/40000000000
24916 40024362979/40000000000
24918 1002505425601/1000000000000
24920 125088377539/125000000000
24922 12533176849/12500000000
24924 500430025621/500000000000
24926 500430025621/500000000000
24928 1003819648517/1000000000000
24930 1017906325287/1000000000000
24932 12510854489/12500000000
24934 1014068325287/1000000000000
24936 12510854489/12500000000
24938 126647091971/125000000000
24940 12513286989/12500000000
24942 507662834431/500000000000
24944 125201306577/125000000000
24946 253145271397/250000000000
24948 125201306577/125000000000
24950 253145271397/250000000000
24952 125136930503/125000000000
24954 1011586704683/1000000000000
24956 125136930503/125000000000
24958 505153485949/500000000000
24960 125136930503/125000000000
24962 504635035949/500000000000
24964 125118368073/125000000000
24966 504635035949/500000000000
24968 125118368073/125000000000
24970 1010411282501/1000000000000
24972 125118368073/125000000000
24974 1009080882501/1000000000000
24976 1002982438339/1000000000000
24978 1008199582501/1000000000000
24980 1002982438339/1000000000000
24982 1008199582501/1000000000000
24984 501462557263/500000000000
24986 1008199582501/1000000000000
24988 1000817538339/1000000000000
24990 251044293209/250000000000
24992 201701614821/200000000000
24994 1013488277773/1000000000000
24996 251175921177/250000000000
24998 1010402231791/1000000000000
25000 251888746177/250000000000
25002 1006564231791/1000000000000
25004 125710970307/125000000000
25006 1003819648517/1000000000000
25008 507468081237/500000000000
25010 253923163567/250000000000
25012 1016802867871/1000000000000
25014 40504767259/40000000000
25016 504818395187/500000000000
25018 251880248853/250000000000
25020 1031244636959/1000000000000
25022 504796416941/500000000000
25024 101298321163/100000000000
25026 1029952097993/1000000000000
25028 1024262997993/1000000000000
25030 1138133610397/1000000000000
25032 570359490111/500000000000
25034 1080059581729/1000000000000
25036 1130864970691/1000000000000
25038 1140682301251/1000000000000
25040 66069363227/62500000000
25042 532570721257/500000000000
25044 214504844173/200000000000
25046 1054813928803/1000000000000
25048 1063669969957/1000000000000
25050 1078994546449/1000000000000
25052 1064404750349/1000000000000
25054 1088717105371/1000000000000
25056 272590187821/250000000000
25058 537098747141/500000000000
25060 1139350713659/1000000000000
25062 1144233289117/1000000000000
25064 1056676050697/1000000000000
25066 1054958299057/1000000000000
25068 132651362239/125000000000
25084 1037269299457/1000000000000
25086 1039790515429/1000000000000
25088 523517763907/500000000000
25090 1046149701097/1000000000000
25092 1038090237623/1000000000000
25094 521138859803/500000000000
25096 520983590853/500000000000
25098 41721980693/40000000000
25100 523495363457/500000000000
25102 529946018621/500000000000
25104 1042157014937/1000000000000
25106 1050269727483/1000000000000
25108 516077502363/500000000000
25110 40761321997/40000000000
25112 12872896863/12500000000
25114 127925786573/125000000000
25116 1072362302081/1000000000000
25118 1039900262579/1000000000000
25120 1054255982363/1000000000000
25122 128561976543/125000000000
25124 257110767347/250000000000
25126 258997505009/250000000000
25128 102418291247/100000000000
25130 1042576597809/1000000000000
25132 522662894093/500000000000
25134 1023941262229/1000000000000
25136 1041225858097/1000000000000
25138 259047934839/250000000000
25140 1037548134073/1000000000000
25142 1046369411473/1000000000000
25144 209539177177/200000000000
25146 1041464095677/1000000000000
25148 1043184747087/1000000000000
25150 1044958697941/1000000000000
25152 1035050407399/1000000000000
25154 526004826393/500000000000
25156 51825330813/50000000000
25158 1044151063537/1000000000000
25160 206958214227/200000000000
25162 207444731443/200000000000
25164 518530151049/500000000000
25166 255264421371/250000000000
25168 520170853467/500000000000
25170 102808944821/100000000000
25172 259424403319/250000000000
25174 32782863303/31250000000
25176 530929508831/500000000000
25178 3981252449/3906250000
25180 504492256163/500000000000
25182 1022998315739/1000000000000
25184 510322277941/500000000000
25186 1040255118989/1000000000000
25188 1024225108451/1000000000000
25190 1052285845527/1000000000000
25192 1032907574339/1000000000000
25194 206833546993/200000000000
25196 1029208002233/1000000000000
25198 32420805809/31250000000
25200 1022839223241/1000000000000
25202 1062699851113/1000000000000
25204 1059104867111/1000000000000
25206 53131283551/50000000000
25208 265044855657/250000000000
25210 1029350328317/1000000000000
25212 1020599409341/1000000000000
25214 258071300107/250000000000
25216 102826530731/100000000000
25218 210240316197/200000000000
25220 129207713873/125000000000
25222 1057388974993/1000000000000
25224 205467518833/200000000000
25226 523690419579/500000000000
25228 207367953523/200000000000
25230 207219521841/200000000000
25232 1030046030539/1000000000000
25234 41060537423/40000000000
25236 501185624833/500000000000
25238 511817067881/500000000000
25240 1007486536051/1000000000000
25242 64872093269/62500000000
25244 521905793643/500000000000
25246 264097017301/250000000000
25248 1031972785079/1000000000000
25250 1034893085299/1000000000000
25252 128105824647/125000000000
25254 104348900901/100000000000
25256 1024737806263/1000000000000
25258 206512084647/200000000000
25260 1039062904837/1000000000000
25262 203705403751/200000000000
25264 501777066713/500000000000
25266 255480589667/250000000000
25268 125568097717/125000000000
25270 1050208005189/1000000000000
25272 1033665732767/1000000000000
25274 1038596028799/1000000000000
25276 1026579139611/1000000000000
25278 525874105401/500000000000
25280 259013277023/250000000000
25282 1026226127611/1000000000000
25284 1022529692617/1000000000000
25286 525300486111/500000000000
25288 1035157973969/1000000000000
25290 13009184923/12500000000
25292 52475990167/50000000000
25294 521981590327/500000000000
25296 507069003869/500000000000
25298 1035785137027/1000000000000
25300 1011162359099/1000000000000
25302 1054787007161/1000000000000
25304 204505570811/200000000000
25306 1042224927147/1000000000000
25312 21475002537/20000000000
25314 535883477213/500000000000
25318 540732960309/500000000000
25358 1050166743239/1000000000000
25360 1036507537613/1000000000000
25362 130367240743/125000000000
25364 517789843969/500000000000
25366 1033635918291/1000000000000
25368 1035567614451/1000000000000
25370 520045049757/500000000000
25372 1031155369499/1000000000000
25374 32775431177/31250000000
25376 1025064416863/1000000000000
25378 1050090859303/1000000000000
25380 1029364332873/1000000000000
25382 258803699837/250000000000
25384 255866464473/250000000000
25386 1033127131023/1000000000000
25388 128755815657/125000000000
25390 517688388603/500000000000
25392 262530765497/250000000000
25394 259089591751/250000000000
25396 525642036299/500000000000
25398 1045433693811/1000000000000
25400 8283433781/8000000000
25402 1031254854081/1000000000000
25404 1037061922789/1000000000000
25406 207068155219/200000000000
25408 1067158146639/1000000000000
25410 216115331379/200000000000
25412 1038792698231/1000000000000
25414 266855500741/250000000000
25416 51719344437/50000000000
25418 260623240557/250000000000
25420 519842168577/500000000000
25422 258492830617/250000000000
25424 32132331203/31250000000
25426 64370884443/62500000000
25428 1024755576521/1000000000000
25430 1056622886857/1000000000000
25432 1029539387881/1000000000000
25434 131034856037/125000000000
25436 1023392355807/1000000000000
25438 1033468398707/1000000000000
25440 1031400395543/1000000000000
25442 204528579853/200000000000
25444 20427459863/20000000000
25446 1021409433377/1000000000000
25448 512911458317/500000000000
25450 1097347462483/1000000000000
25452 134410968257/125000000000
25454 54467646533/50000000000
25456 1065198360337/1000000000000
25458 540356640177/500000000000
25460 527124782561/500000000000
25462 1065723897167/1000000000000
25464 1049123192403/1000000000000
25466 1051884143989/1000000000000
25468 524057267157/500000000000
25470 521976943469/500000000000
25472 129496536139/125000000000
25476 1091821208817/1000000000000
25478 1122821639533/1000000000000
25480 1103603136573/1000000000000
25482 113456490133/100000000000
25492 26603892611/25000000000
25494 1072734672453/1000000000000
25496 1070797795113/1000000000000
25498 1060413890171/1000000000000
25500 263805766857/250000000000
25502 1058391118297/1000000000000
25504 21203458537/20000000000
25506 25771036953/25000000000
25508 512502142211/500000000000
25510 52319036179/50000000000
25512 258047527019/250000000000
25514 526087725481/500000000000
25516 1055531940123/1000000000000
25518 1056313011807/1000000000000
25520 266294492361/250000000000
25522 1060651783351/1000000000000
25524 105501015599/100000000000
25526 1053488860221/1000000000000
25528 517021951689/500000000000
25530 1044704242081/1000000000000
25532 510929085423/500000000000
25534 202870392503/200000000000
25536 528939071197/500000000000
25538 1036160644393/1000000000000
25540 528885955509/500000000000
25542 1049107658899/1000000000000
25544 510352846307/500000000000
25546 253790211791/250000000000
25548 511128154831/500000000000
25550 127319729889/125000000000
25552 1027824443813/1000000000000
25554 1034524527883/1000000000000
25556 210841136477/200000000000
25558 520674801699/500000000000
25560 1041158079611/1000000000000
25562 207218027329/200000000000
25564 1030688052891/1000000000000
25566 1018405165529/1000000000000
25570 1015129889287/1000000000000
25572 258506232261/250000000000
25574 1032001848429/1000000000000
25576 510184033611/500000000000
25578 518576743493/500000000000
25580 527011599337/500000000000
25598 33804803969/31250000000
25600 548669035657/500000000000
25602 1100045446569/1000000000000
25604 1116719053299/1000000000000
25606 277938833873/250000000000
25608 68704109103/62500000000
25610 1117336376993/1000000000000
25612 43393209/39062500
25614 139968439011/125000000000
25616 1132136456097/1000000000000
25618 1104074690887/1000000000000
25620 1122781699557/1000000000000
25622 534761673981/500000000000
25624 534954273191/500000000000
25626 1078107920201/1000000000000
25628 43342410429/40000000000
25630 33958619609/31250000000
25632 132585017677/125000000000
25634 267958043023/250000000000
25636 1082169741479/1000000000000
25638 540308423769/500000000000
25640 542068643573/500000000000
25642 135345066257/125000000000
25644 1101405617761/1000000000000
25646 1105067516437/1000000000000
25648 1079667576519/1000000000000
25650 1102822017561/1000000000000
25652 4199703549/3906250000
25654 520332851233/500000000000
25656 12954806981/12500000000
25658 210299402431/200000000000
25660 5209375641/5000000000
25662 532555675767/500000000000
25664 213098211253/200000000000
25666 535892203069/500000000000
25668 5150895371/5000000000
25670 256339965869/250000000000
25672 1031345489273/1000000000000
25674 513910454057/500000000000
25676 1049973035453/1000000000000
25678 259746213657/250000000000
25680 267607244489/250000000000
25682 530783561509/500000000000
25684 66079844489/62500000000
25686 1052006865509/1000000000000
25688 1063063258093/1000000000000
25690 66655834599/62500000000
25692 214138720447/200000000000
25694 135084230543/125000000000
25696 217447006699/200000000000
25698 42272194393/40000000000
25700 520006533597/500000000000
25702 263869909473/250000000000
25704 535639321279/500000000000
25706 133185326187/125000000000
25708 1070265693297/1000000000000
25710 504248840521/500000000000
25712 501709378577/500000000000
25714 1007572572129/1000000000000
25716 1006731099727/1000000000000
25718 64198245483/62500000000
25720 1026263405497/1000000000000
25722 41175872373/40000000000
25724 1030941874963/1000000000000
25726 1006572457017/1000000000000
25728 255279761409/250000000000
25730 1004654854067/1000000000000
25732 127800867219/125000000000
25734 1026729275201/1000000000000
25736 1009448711471/1000000000000
25738 1034652418801/1000000000000
25740 63475905329/62500000000
25742 1013466394773/1000000000000
25744 101137891757/100000000000
25746 1023403804577/1000000000000
25748 1018629125553/1000000000000
25750 1040339883539/1000000000000
25752 1035847540411/1000000000000
25754 105174862679/100000000000
25756 209691768461/200000000000
25758 20179548321/20000000000
25760 1025052286009/1000000000000
25762 254194215617/250000000000
25764 1024662058599/1000000000000
25766 1038406957343/1000000000000
25768 41330007599/40000000000
25770 1046690815109/1000000000000
25772 516429609317/500000000000
25774 1004856351081/1000000000000
25776 63168485973/62500000000
25778 501771403701/500000000000
25780 125720987331/125000000000
25782 1026129304529/1000000000000
25784 251986577291/250000000000
25786 1016355001693/1000000000000
25788 1010798085419/1000000000000
25790 1007467135851/1000000000000
25792 201598539961/200000000000
25794 1011083312757/1000000000000
25796 253403543323/250000000000
25798 1003955341529/1000000000000
25800 62582312637/62500000000
25802 250791523577/250000000000
25804 1000747280661/1000000000000
25806 501532749547/500000000000
25808 1002227859831/1000000000000
25810 1007042010709/1000000000000
25812 100686223101/100000000000
25814 1017032876359/1000000000000
25816 15956191393/15625000000
25818 12753889003/12500000000
25820 1022237508451/1000000000000
25822 253009748551/250000000000
25824 1017497336317/1000000000000
25826 125862468777/125000000000
25828 1017739553623/1000000000000
25830 1012260830591/1000000000000
25832 1003025229351/1000000000000
25834 63652546093/62500000000
25836 20033644449/20000000000
25838 517315786007/500000000000
25840 1026581186173/1000000000000
25842 1028891991599/1000000000000
25844 512379020087/500000000000
25846 1012454042309/1000000000000
25848 511889935673/500000000000
25850 510948280791/500000000000
25852 510239992713/500000000000
25854 1019769810679/1000000000000
25856 1016550338213/1000000000000
25858 1012542148911/1000000000000
25860 201813638431/200000000000
25862 516664879253/500000000000
25864 1032474833817/1000000000000
25866 510328372433/500000000000
25868 1018833060457/1000000000000
25870 1025796468671/1000000000000
25872 6359878741/6250000000
25874 1015020656699/1000000000000
25876 1012006705989/1000000000000
25878 511660771623/500000000000
25880 1011822672863/1000000000000
25882 1019727149013/1000000000000
25884 250770086797/250000000000
25886 126382474047/125000000000
25888 126130576417/125000000000
25890 252810216897/250000000000
25892 126235545631/125000000000
25894 202236607541/200000000000
25896 1012968196383/1000000000000
25898 250789736093/250000000000
25900 125606195723/125000000000
25906 1029847766017/1000000000000
25908 1022731848699/1000000000000
25914 1008471375777/1000000000000
25916 257058629813/250000000000
25922 510207019813/500000000000
25924 517869037439/500000000000
25930 105783255911/100000000000
25932 1019445837489/1000000000000
25934 206083804563/200000000000
25936 51128663103/50000000000
25938 205645781247/200000000000
25940 1013736990359/1000000000000
25942 127286175619/125000000000
25944 506119768697/500000000000
25946 20364938957/20000000000
25948 207507201311/200000000000
25950 1036254204731/1000000000000
25952 205820150199/200000000000
25954 1026635944929/1000000000000
25956 1040545405983/1000000000000
25958 260879190603/250000000000
26022 200145875949/200000000000
26024 503684078111/500000000000
26026 503684078111/500000000000
26028 503684078111/500000000000
26030 502772903767/500000000000
26032 1005285385211/1000000000000
26034 500343956173/500000000000
26036 500343956173/500000000000
26038 250091028089/250000000000
26040 250091028089/250000000000
26042 31282184017/31250000000
26044 501931880819/500000000000
26046 501931880819/500000000000
26048 501048674703/500000000000
26050 1001196861063/1000000000000
26052 500215889383/500000000000
26054 25049858007/25000000000
26056 1004557379569/1000000000000
26058 250756430071/250000000000
26060 125567325423/125000000000
26062 25017205507/25000000000
26064 1006682757391/1000000000000
26066 250756430071/250000000000
26068 1006973412567/1000000000000
26070 500902140191/500000000000
26072 1006973412567/1000000000000
26074 500902140191/500000000000
26076 1006973412567/1000000000000
26078 500902140191/500000000000
26080 500902140191/500000000000
26082 1002885833879/1000000000000
26084 1010438840829/1000000000000
26086 252884945233/250000000000
26088 504211812727/500000000000
26090 1008331629101/1000000000000
26092 1008331629101/1000000000000
26094 1008331629101/1000000000000
26096 1008331629101/1000000000000
26098 1003585828609/1000000000000
26100 501334782821/500000000000
26102 1003415028609/1000000000000
26104 1004317887841/1000000000000
26106 1008274701093/1000000000000
26108 252063981227/250000000000
26110 504123286209/500000000000
26112 1008301970137/1000000000000
26114 40260807351/40000000000
26116 251649687047/250000000000
26118 503132543863/500000000000
26120 503132543863/500000000000
26122 1004079402999/1000000000000
26124 1005362928321/1000000000000
26126 200628565093/200000000000
26128 200551945093/200000000000
26130 200551945093/200000000000
26132 1003485884697/1000000000000
26134 1003485884697/1000000000000
26136 1002023784697/1000000000000
26138 1025441629871/1000000000000
26140 255270103581/250000000000
26142 1282733201/1250000000
26144 1023419739683/1000000000000
26146 201085234201/200000000000
26148 125409366023/125000000000
26150 1026752928979/1000000000000
26152 251670428301/250000000000
26154 125409366023/125000000000
26156 1032522128979/1000000000000
26158 201751162643/200000000000
26160 504140403579/500000000000
26162 1007419168339/1000000000000
26164 503471867703/500000000000
26166 201413190739/200000000000
26168 201413190739/200000000000
26170 10075629537/10000000000
26172 1006293959031/1000000000000
26174 201545200263/200000000000
26176 505418469411/500000000000
26178 501184354731/500000000000
26180 125165450733/125000000000
26182 250333715779/250000000000
26184 250450456907/250000000000
26186 250333715779/250000000000
26188 250450456907/250000000000
26190 250952890779/250000000000
26192 250798581907/250000000000
26194 125647451057/125000000000
26196 251152831907/250000000000
26198 125830213557/125000000000
26200 1007430178241/1000000000000
26202 1004850733217/1000000000000
26204 1007272678241/1000000000000
26206 1004850733217/1000000000000
26208 1007272678241/1000000000000
26210 1004271847243/1000000000000
26212 505307239897/500000000000
26214 1004271847243/1000000000000
26216 506326739891/500000000000
26218 504176467073/500000000000
26220 506846839897/500000000000
26222 1010538618873/1000000000000
26224 8128545137/8000000000
26226 253947393353/250000000000
26228 509206381031/500000000000
26230 25474633779/25000000000
26232 508743831031/500000000000
26234 1018974559247/1000000000000
26236 508743831031/500000000000
26238 1023641859253/1000000000000
26240 255270103581/250000000000
26242 5021259707/5000000000
26244 500653842829/500000000000
26246 1001985766161/1000000000000
26248 500901392829/500000000000
26250 500994021869/500000000000
26252 500716994269/500000000000
26254 500810825663/500000000000
26256 500729189973/500000000000
26258 1003657769483/1000000000000
26260 1001431872561/1000000000000
26262 1003657769483/1000000000000
26264 62723139149/62500000000
26266 500810825663/500000000000
26268 501620889973/500000000000
26270 501292600007/500000000000
26272 1005427464673/1000000000000
26274 252221992371/250000000000
26276 201759920529/200000000000
26278 506882851799/500000000000
26280 503015254323/500000000000
26282 4025791677/4000000000
26284 20088044577/20000000000
26286 25066605711/25000000000
26288 25011313211/25000000000
26290 25011313211/25000000000
26292 25011313211/25000000000
26294 1000899919849/1000000000000
26296 1000899919849/1000000000000
26298 125120992407/125000000000
26300 1000721630663/1000000000000
26302 15646263191/15625000000
26304 62747082899/62500000000
26306 62747082899/62500000000
26308 6272118307/6250000000
26310 786722679/781250000
26320 510208481789/500000000000
26322 254612928229/250000000000
26324 508432900273/500000000000
26326 253669326081/250000000000
26328 504812645977/500000000000
26330 504812645977/500000000000
26332 504812645977/500000000000
26334 502156946257/500000000000
26336 502156946257/500000000000
26338 503775146257/500000000000
26340 503603870601/500000000000
26362 1097257333023/1000000000000
26364 1092121765233/1000000000000
26366 274063611109/250000000000
26368 1108334112977/1000000000000
26370 552530739561/500000000000
26372 1080182912051/1000000000000
26374 525073102671/500000000000
26376 547518132279/500000000000
26378 1066578820543/1000000000000
26380 567764402221/500000000000
26382 1099803464723/1000000000000
26384 261945764009/250000000000
26386 1049097412031/1000000000000
26388 1066158798129/1000000000000
26390 134969560727/125000000000
26392 27038054121/25000000000
26394 1063391157183/1000000000000
26396 1082250303093/1000000000000
26402 102367357157/100000000000
26404 1007853972209/1000000000000
26410 522452143247/500000000000
26416 507280943913/500000000000
26418 518918177277/500000000000
26422 514292951511/500000000000
26424 254353182351/250000000000
26426 40936857003/40000000000
26428 1023464364493/1000000000000
26430 528991308151/500000000000
26432 1061660326441/1000000000000
26434 521737478729/500000000000
26436 510913984989/500000000000
26494 256713672719/250000000000
26496 1025190529279/1000000000000
26498 1037441935667/1000000000000
26500 206119951257/200000000000
26502 1047962618471/1000000000000
26504 210760763049/200000000000
26506 132583517901/125000000000
26508 132536205593/125000000000
26510 1038175352099/1000000000000
26512 8201204759/8000000000
26514 1039477643321/1000000000000
26516 1057772908927/1000000000000
26518 133127063797/125000000000
26520 205197973179/200000000000
26522 209414733207/200000000000
26524 1017480406003/1000000000000
26526 522052242337/500000000000
26528 213082871981/200000000000
26530 1074820640491/1000000000000
26532 210846820023/200000000000
26534 208847390719/200000000000
26536 1049454186531/1000000000000
26538 523291582791/500000000000
26540 1074240646137/1000000000000
26542 270319084363/250000000000
26544 1071734300341/1000000000000
26546 32735963249/31250000000
26548 1020181868753/1000000000000
26550 1025634554079/1000000000000
26552 520829986007/500000000000
26554 521228723069/500000000000
26556 65826962633/62500000000
26558 1039160752539/1000000000000
26560 261819329589/250000000000
26562 1077861819611/1000000000000
26564 1058955694753/1000000000000
26566 213583976081/200000000000
26568 1058315443711/1000000000000
26570 1053543223989/1000000000000
26572 525657758171/500000000000
26574 1047910705463/1000000000000
26576 32603512019/31250000000
26578 209190477239/200000000000
26580 52481049289/50000000000
26582 1069694586651/1000000000000
26584 213524922263/200000000000
26586 210338274847/200000000000
26588 1039767791757/1000000000000
26590 1047075125809/1000000000000
26592 1048607949451/1000000000000
26594 258506379357/250000000000
26596 522348493801/500000000000
26598 1037177708957/1000000000000
26600 213112106061/200000000000
26602 535816928253/500000000000
26604 533769785731/500000000000
26606 1051482974511/1000000000000
26608 1045605849399/1000000000000
26610 1053098641629/1000000000000
26612 267963637659/250000000000
26614 261148066691/250000000000
26616 101498816199/100000000000
26618 207834155899/200000000000
26620 1009601888279/1000000000000
26622 521059740753/500000000000
26624 512931925281/500000000000
26626 1055578365479/1000000000000
26628 1061125502319/1000000000000
26630 526944013949/500000000000
26632 65343453381/62500000000
26634 260286895201/250000000000
26636 522161593359/500000000000
26638 260981977317/250000000000
26640 530613582729/500000000000
26642 211827782683/200000000000
26644 21347969973/20000000000
26646 274114674491/250000000000
26652 1018860737509/1000000000000
26654 508240092181/500000000000
26660 1005105095507/1000000000000
26662 102567438351/100000000000
26666 522341664603/500000000000
26672 1026847858613/1000000000000
26674 521072529231/500000000000
26676 511120389419/500000000000
26678 1015218409997/1000000000000
26680 12672046653/12500000000
26682 202005231011/200000000000
26684 1008834663243/1000000000000
26686 1005595341103/1000000000000
26688 505972720809/500000000000
26690 10463086653/10000000000
26692 263079247819/250000000000
26694 1049629832019/1000000000000
26696 53197068883/50000000000
26698 525017230303/500000000000
26700 1051040942489/1000000000000
26702 212178570721/200000000000
26704 1050976250357/1000000000000
26768 1058886854549/1000000000000
26770 132200139163/125000000000
26772 1054534409243/1000000000000
26774 210305820859/200000000000
26776 52412584371/50000000000
26778 521317665033/500000000000
26780 1073965362567/1000000000000
26782 213607312701/200000000000
26784 533382660559/500000000000
26786 213307781911/200000000000
26788 1061113082551/1000000000000
26790 532900654817/500000000000
26792 211055290249/200000000000
26794 1050540608923/1000000000000
26796 1048244625171/1000000000000
26798 1069681839459/1000000000000
26800 108357016189/100000000000
26802 136750999797/125000000000
26804 216423929149/200000000000
26806 6698509691/6250000000
26808 1057400609063/1000000000000
26810 16864443907/15625000000
26812 1064177422721/1000000000000
26814 541550306989/500000000000
26818 212119656379/200000000000
26840 4193607379/4000000000
26842 210773844743/200000000000
26846 1033931805473/1000000000000
26848 1057310733097/1000000000000
26850 1062671090241/1000000000000
26852 527481935033/500000000000
26854 105932391059/100000000000
26856 1059532343957/1000000000000
26858 1061240200153/1000000000000
26860 66797344233/62500000000
26862 16651256393/15625000000
26864 1054526743109/1000000000000
26866 1057028297509/1000000000000
26868 1062051718103/1000000000000
26870 266356213383/250000000000
26872 212645592577/200000000000
26874 1057419721931/1000000000000
26876 1059977709289/1000000000000
26878 66460740791/62500000000
26880 1061016653123/1000000000000
26882 1058109606397/1000000000000
26884 1062993950663/1000000000000
26886 530687150169/500000000000
26888 1058584238221/1000000000000
26890 104924930399/100000000000
26892 211110466909/200000000000
26894 1047209649061/1000000000000
26896 210256007403/200000000000
26898 266727952123/250000000000
26900 528914830369/500000000000
26902 1068218660847/1000000000000
26904 107096944833/100000000000
26906 1062424956219/1000000000000
26908 64471031163/62500000000
26910 8240024303/8000000000
26912 1031707111111/1000000000000
26914 1032473820651/1000000000000
26916 516094128163/500000000000
26918 205868820953/200000000000
26920 1034629258349/1000000000000
26922 1042173978221/1000000000000
26924 203773650911/200000000000
26926 1015223477487/1000000000000
26928 1028510610557/1000000000000
26930 1035248978757/1000000000000
26932 41356008479/40000000000
26934 517573003823/500000000000
26936 1040165674861/1000000000000
26938 520874717483/500000000000
26940 1041637030381/1000000000000
26942 1037550647733/1000000000000
26944 1055938146751/1000000000000
26946 1035450745733/1000000000000
26948 264068126397/250000000000
26950 1054337216923/1000000000000
26952 1056294459177/1000000000000
26954 530177627387/500000000000
26956 266460178863/250000000000
26962 31892529577/31250000000
26964 502093171643/500000000000
26970 1014326741547/1000000000000
26972 1020535303123/1000000000000
26978 201003275607/200000000000
26980 1014912536531/1000000000000
26986 1030048692191/1000000000000
26988 255670855133/250000000000
26990 1017095588191/1000000000000
26992 205230538763/200000000000
26994 1020845013391/1000000000000
26996 20496706309/20000000000
26998 1027965165261/1000000000000
27000 512938941577/500000000000
27002 1030240955739/1000000000000
27004 508981952833/500000000000
27006 1012053732609/1000000000000
27008 1015577535883/1000000000000
27010 254674292623/250000000000
27012 127982968317/125000000000
27068 1058610300571/1000000000000
27070 133954738139/125000000000
27072 212089873869/200000000000
27074 214085867907/200000000000
27076 26896783141/25000000000
27078 1099755025101/1000000000000
27080 536792644501/500000000000
27082 138103463171/125000000000
27084 1053440661681/1000000000000
27086 529011839331/500000000000
27088 545609079641/500000000000
27090 1091727745849/1000000000000
27092 329417729/312500000
27094 539875894183/500000000000
27096 52534115891/50000000000
27098 213751361987/200000000000
27100 1087045937373/1000000000000
27102 1074538895891/1000000000000
27104 1060443750191/1000000000000
27106 1056308055729/1000000000000
27108 4160457581/3906250000
27110 135748153453/125000000000
27112 543038961919/500000000000
27114 548075298319/500000000000
27116 206388359679/200000000000
27118 1047495606311/1000000000000
27120 129156219441/125000000000
27122 20879030421/20000000000
27124 1069653292089/1000000000000
27126 1067885051539/1000000000000
27128 1070923316831/1000000000000
27130 270207861669/250000000000
27132 270684736941/250000000000
27134 1093507628837/1000000000000
27136 275141916373/250000000000
27138 1063507670973/1000000000000
27140 41934986259/40000000000
27142 214919572043/200000000000
27144 1064510732903/1000000000000
27146 66107448221/62500000000
27148 66293324191/62500000000
27150 1060178264283/1000000000000
27152 526924952427/500000000000
27154 1058381405157/1000000000000
27156 105187415093/100000000000
27158 105982912843/100000000000
27160 527378211429/500000000000
27162 132373908867/125000000000
27164 1062567697817/1000000000000
27166 1067331022519/1000000000000
27168 1066562675047/1000000000000
27170 537400503357/500000000000
27172 213178360721/200000000000
27174 1073792869977/1000000000000
27176 66883253829/62500000000
27178 215517096209/200000000000
27180 270790298747/250000000000
27182 216788760523/200000000000
27184 1050469513799/1000000000000
27186 1067598241409/1000000000000
27188 267721442089/250000000000
27190 535604168827/500000000000
27192 267012620627/250000000000
27194 539956189323/500000000000
27196 54074266031/50000000000
27198 1049555394509/1000000000000
27200 259859465391/250000000000
27202 1058392490769/1000000000000
27204 1039074741257/1000000000000
27206 522480959511/500000000000
27208 1069359021801/1000000000000
27210 42404604831/40000000000
27212 102928137323/100000000000
27214 10265960771/10000000000
27216 51556902347/50000000000
27218 1031122499283/1000000000000
27220 1027593579427/1000000000000
27222 520864552131/500000000000
27224 103393280921/100000000000
27226 52224303189/50000000000
27228 1065379337789/1000000000000
27230 525989120423/500000000000
27232 212916852487/200000000000
27234 21126556513/20000000000
27236 1057612344203/1000000000000
27238 1058188430329/1000000000000
27240 519912928713/500000000000
27242 1041758730063/1000000000000
27244 526015478691/500000000000
27246 209180806967/200000000000
27248 529579979567/500000000000
27250 4232814989/4000000000
27252 1058250801269/1000000000000
27254 530942955027/500000000000
27256 260675434209/250000000000
27258 1036915076961/1000000000000
27260 525609325377/500000000000
27262 523017878513/500000000000
27264 1048914115217/1000000000000
27266 1051672928861/1000000000000
27268 1065057719403/1000000000000
27270 514601040677/500000000000
27272 504640295347/500000000000
27274 509488031369/500000000000
27276 50263604797/50000000000
27278 1038567026843/1000000000000
27280 1047086095479/1000000000000
27282 1025366398751/1000000000000
27284 211224674509/200000000000
27286 1039999200843/1000000000000
27288 518476482001/500000000000
27290 33371124259/31250000000
27292 1019365007197/1000000000000
27294 202473959013/200000000000
27296 512190427629/500000000000
27298 1023894484827/1000000000000
27300 1048027760319/1000000000000
27302 4143744659/4000000000
27304 26472926059/25000000000
27306 518726561587/500000000000
27308 1013407172739/1000000000000
27310 1020286178891/1000000000000
27312 40795990207/40000000000
27314 1023223179463/1000000000000
27316 205148125433/200000000000
27318 1021495909171/1000000000000
27320 1028974474081/1000000000000
27322 41021371487/40000000000
27324 507598797359/500000000000
27326 1019139844041/1000000000000
27328 254397867877/250000000000
27330 63564913363/62500000000
27332 1021850391837/1000000000000
27334 1016723591047/1000000000000
27336 256061698677/250000000000
27338 1026967172661/1000000000000
27340 1029371631863/1000000000000
27342 515078703769/500000000000
27344 258318710447/250000000000
27346 516818865827/500000000000
27348 1033333018971/1000000000000
27350 1026923027893/1000000000000
27352 16238204977/15625000000
27354 32296964971/31250000000
27356 102076985571/100000000000
27358 510770062761/500000000000
27360 515150880361/500000000000
27362 31736422829/31250000000
27364 1036007800799/1000000000000
27366 65107340587/62500000000
27368 259598577113/250000000000
27370 1044163636703/1000000000000
27376 1003779409477/1000000000000
27378 1003968888571/1000000000000
27384 25396166013/25000000000
27386 1014162420731/1000000000000
27392 203123572097/200000000000
27394 20275515697/20000000000
27400 503843137259/500000000000
27402 501078714629/500000000000
27404 1004430414103/1000000000000
27406 100851491401/100000000000
27408 1012024311441/1000000000000
27410 25428531901/25000000000
27412 128176441551/125000000000
27414 506840630779/500000000000
27416 40884572007/40000000000
27418 1019214012759/1000000000000
27420 508993189863/500000000000
27422 1018371624257/1000000000000
27424 1018936503777/1000000000000
27426 102269993487/100000000000
27428 505939728723/500000000000
27430 15730875249/15625000000
27432 31644596229/31250000000
27434 253034252313/250000000000
27500 505311260283/500000000000
27502 1009521891587/1000000000000
27504 505040985939/500000000000
27506 100436832319/100000000000
27508 40365459381/40000000000
27510 500837175519/500000000000
27512 101418012319/100000000000
27514 101418012319/100000000000
27516 101760007649/100000000000
27518 50620297681/50000000000
27520 1006199432599/1000000000000
27522 500690416491/500000000000
27524 501116416491/500000000000
27526 1000159717589/1000000000000
27528 1007872906837/1000000000000
27530 126498461219/125000000000
27532 1007872906837/1000000000000
27534 1014545906837/1000000000000
27536 252853723341/250000000000
27538 1006375514323/1000000000000
27540 1017996806837/1000000000000
27542 126076489813/125000000000
27544 126076489813/125000000000
27546 126076489813/125000000000
27548 126076489813/125000000000
27550 126295527313/125000000000
27552 126581227313/125000000000
27554 126581227313/125000000000
27556 202099883587/200000000000
27558 202148643587/200000000000
27560 63114546877/62500000000
27562 63114546877/62500000000
27564 202347930083/200000000000
27566 202211398263/200000000000
27568 1008057868737/1000000000000
27570 20160364039/20000000000
27572 1005651629597/1000000000000
27574 50219981337/50000000000
27576 50219981337/50000000000
27578 50243741337/50000000000
27580 50243741337/50000000000
27582 1005024943661/1000000000000
27584 1003415543661/1000000000000
27586 250849191869/250000000000
27588 250849191869/250000000000
27590 250849191869/250000000000
27592 125417596327/125000000000
27594 125417596327/125000000000
27596 125417596327/125000000000
27598 125850858827/125000000000
27600 1004535479287/1000000000000
27602 504731700963/500000000000
27604 1007973069153/1000000000000
27606 252860629217/250000000000
27608 1007973069153/1000000000000
27610 1012463091159/1000000000000
27612 1033641156927/1000000000000
27614 100864589113/100000000000
27616 1012461532167/1000000000000
27618 1032825422039/1000000000000
27620 100741133203/100000000000
27622 504519589091/500000000000
27624 504519589091/500000000000
27626 1007805557161/1000000000000
27628 1007805557161/1000000000000
27630 1008034042463/1000000000000
27632 504157387663/500000000000
27634 504157387663/500000000000
27636 1009882442463/1000000000000
27638 1009882442463/1000000000000
27640 125602488507/125000000000
27642 1001796636733/1000000000000
27644 20165267499/20000000000
27646 1005687936733/1000000000000
27648 252443089783/250000000000
27650 1005687936733/1000000000000
27652 252443089783/250000000000
27654 1005687936733/1000000000000
27656 504655055547/500000000000
27658 202074210723/200000000000
27660 504164489553/500000000000
27662 202074210723/200000000000
27664 63321203217/62500000000
27666 63274647101/62500000000
27668 506737697501/500000000000
27670 40402708419/40000000000
27672 253323153547/250000000000
27674 1012386993191/1000000000000
27676 506968907093/500000000000
27678 1015853093191/1000000000000
27680 506968907093/500000000000
27682 254312384083/250000000000
27684 507850907093/500000000000
27686 1018329793191/1000000000000
27688 254615304169/250000000000
27690 1008003980989/1000000000000
27692 201027753193/200000000000
27694 251878913923/250000000000
27696 1006439872009/1000000000000
27698 1027525659309/1000000000000
27700 1026852497509/1000000000000
27702 125403033509/125000000000
27704 1002304848707/1000000000000
27706 125403033509/125000000000
27708 1006325160549/1000000000000
27710 1002870156043/1000000000000
27712 500769516621/500000000000
27714 1002933899373/1000000000000
27716 62743551381/62500000000
27718 1005981764173/1000000000000
27720 1003711360549/1000000000000
27722 1005981764173/1000000000000
27724 1003711360549/1000000000000
27726 1001857160549/1000000000000
27728 62911388881/62500000000
27730 100294893341/100000000000
27732 1006993679727/1000000000000
27736 252734838343/250000000000
27738 40578124853/40000000000
27740 200361957733/200000000000
27742 200361957733/200000000000
27744 1001197750823/1000000000000
27746 1001197750823/1000000000000
27748 1001197750823/1000000000000
27750 1001197750823/1000000000000
27752 250436243361/250000000000
27754 99995088747/100000000000
27756 99995088747/100000000000
27758 500752253943/500000000000
27760 500769516621/500000000000
27762 1002844028907/1000000000000
27764 1009836974713/1000000000000
27766 1003189672237/1000000000000
27768 100480313341/100000000000
27780 501881105481/500000000000
27782 501662010791/500000000000
27784 501662010791/500000000000
27786 501662010791/500000000000
27788 1003114489223/1000000000000
27790 1003114489223/1000000000000
27792 1002604834917/1000000000000
27794 1002604834917/1000000000000
27796 1002604834917/1000000000000
27798 200254292417/200000000000
27800 125216967279/125000000000
27840 1096624580081/1000000000000
27842 1088157979003/1000000000000
27844 104162992703/100000000000
27846 266738082609/250000000000
27848 131801142659/125000000000
27850 536442574723/500000000000
27852 1024370187343/1000000000000
27854 1035443619819/1000000000000
27856 518046585427/500000000000
27858 132163401831/125000000000
27860 109215957119/100000000000
27862 522277177471/500000000000
27864 1083033073589/1000000000000
27866 265154318561/250000000000
27868 522471583371/500000000000
27870 1062598253009/1000000000000
27876 256770882493/250000000000
27878 127513288657/125000000000
27884 40081009613/40000000000
27886 65025919731/62500000000
27892 1046217300353/1000000000000
27896 51859599437/50000000000
27898 206276451467/200000000000
27900 260843833253/250000000000
27902 6493117389/6250000000
27904 1000610734867/1000000000000
27906 518936669721/500000000000
27908 506563992341/500000000000
27910 102669605543/100000000000
27912 1048661687347/1000000000000
27914 528777166547/500000000000
27970 138444624811/125000000000
27972 1094321349083/1000000000000
27974 1095772219971/1000000000000
27976 1121278759853/1000000000000
27978 112156665667/100000000000
27980 1102584768237/1000000000000
27982 540494198477/500000000000
27984 212300748879/200000000000
27986 106238751247/100000000000
27988 130119286747/125000000000
27990 572544714743/500000000000
27992 565309001749/500000000000
27994 2203120633/1953125000
27996 70474929339/62500000000
27998 56189404813/50000000000
28000 1051839752051/1000000000000
28002 136060978327/125000000000
28004 513570383599/500000000000
28006 1033946858341/1000000000000
28008 517012976111/500000000000
28010 1052603203687/1000000000000
28012 265138156679/250000000000
28014 1099928780081/1000000000000
28016 541668955659/500000000000
28018 1075897135881/1000000000000
28020 1030589844421/1000000000000
28022 104407004829/100000000000
28024 524445468669/500000000000
28026 1061224677949/1000000000000
28028 206419154233/200000000000
28030 102332558777/100000000000
28032 4020619019/3906250000
28034 1019383185789/1000000000000
28036 1018329191671/1000000000000
28038 1015481873989/1000000000000
28040 51209706683/50000000000
28042 259282709289/250000000000
28044 503642553219/500000000000
28046 125666454781/125000000000
28048 1005940193939/1000000000000
28050 204051917023/200000000000
28052 213382522307/200000000000
28054 1060876975461/1000000000000
28056 537999298181/500000000000
28058 1075633970199/1000000000000
28060 41080409099/40000000000
28062 508087520809/500000000000
28064 204555930151/200000000000
28066 1025613042401/1000000000000
28068 1032066136603/1000000000000
28070 216864892831/200000000000
28072 1035036610829/1000000000000
28074 1083562355001/1000000000000
28076 1045910609003/1000000000000
28078 1071431231347/1000000000000
28080 268758325421/250000000000
28082 107998955783/100000000000
28084 135142641419/125000000000
28090 515153781301/500000000000
28092 1018692005031/1000000000000
28098 508678716277/500000000000
28100 12908171989/12500000000
28106 63467492879/62500000000
28108 6435444063/6250000000
28114 202975716951/200000000000
28116 1016441378847/1000000000000
28118 256960047927/250000000000
28120 1018684505641/1000000000000
28122 128766243171/125000000000
28124 255383187627/250000000000
28126 510780408369/500000000000
28128 1039213864781/1000000000000
28130 1025612004313/1000000000000
28132 521715309203/500000000000
28134 509421135391/500000000000
28136 1039914109777/1000000000000
28138 509646888763/500000000000
28140 1048232396553/1000000000000
28142 128186370799/125000000000
28144 1024797210577/1000000000000
28146 517072114793/500000000000
28148 520147789091/500000000000
28214 257372627617/250000000000
28216 504478492477/500000000000
28218 520334327413/500000000000
28220 6358731903/6250000000
28222 1033236275373/1000000000000
28224 516883293471/500000000000
28226 518670632907/500000000000
28228 516295936719/500000000000
28230 10401556459/10000000000
28232 129924591401/125000000000
28234 254737838459/250000000000
28236 513395914581/500000000000
28238 1019568902083/1000000000000
28240 1032694561889/1000000000000
28242 1035689543419/1000000000000
28244 518275483411/500000000000
28246 518314585173/500000000000
28248 1023264826733/1000000000000
28250 1012155727663/1000000000000
28252 210793068281/200000000000
28254 2028477633/1953125000
28256 1021937097943/1000000000000
28258 258806111911/250000000000
28260 1026308685191/1000000000000
28262 1066603301079/1000000000000
28264 1065316836811/1000000000000
28266 1076085587703/1000000000000
28268 509318912593/500000000000
28270 252741723599/250000000000
28272 201754275791/200000000000
28274 514698244237/500000000000
28276 25846816203/25000000000
28278 1013497725549/1000000000000
28280 32123630353/31250000000
28282 1022533525603/1000000000000
28284 16105692283/15625000000
28286 128611243177/125000000000
28288 512833806707/500000000000
28290 1034361431757/1000000000000
28292 1038774699539/1000000000000
28294 271884426733/250000000000
28296 131438748809/125000000000
28298 841081301/800000000
28300 2134204163/1953125000
28302 264595009693/250000000000
28304 133056285731/125000000000
28306 133216658753/125000000000
28308 266099664969/250000000000
28310 1057408020579/1000000000000
28312 103567273671/100000000000
28314 1040133974697/1000000000000
28316 263938120017/250000000000
28318 257155913117/250000000000
28320 1053245745083/1000000000000
28322 41292562387/40000000000
28324 543713192083/500000000000
28326 519074422939/500000000000
28328 517954566037/500000000000
28330 254680760203/250000000000
28332 259106481319/250000000000
28334 515641006851/500000000000
28336 26289138867/25000000000
28338 1024413915953/1000000000000
28340 1024961105637/1000000000000
28342 100813853599/100000000000
28344 102522062423/100000000000
28346 1004322024043/1000000000000
28348 1023078754593/1000000000000
28350 516614910153/500000000000
28352 1034268435061/1000000000000
28354 1037968356887/1000000000000
28356 504168826209/500000000000
28358 1060307063609/1000000000000
28360 508683601829/500000000000
28362 530578671421/500000000000
28364 1059709402669/1000000000000
28366 1048959864599/1000000000000
28368 1021078186267/1000000000000
28370 1018924251961/1000000000000
28372 1019410589179/1000000000000
28374 516080078047/500000000000
28376 4188100783/4000000000
28378 537464231197/500000000000
28380 217456167569/200000000000
28382 1059088678277/1000000000000
28384 1019820368941/1000000000000
28386 1010937887979/1000000000000
28388 254749458533/250000000000
28390 1012708833619/1000000000000
28392 511199593683/500000000000
28394 1020755851767/1000000000000
28396 63882855929/62500000000
28398 127668238611/125000000000
28400 252852562449/250000000000
28402 102577968331/100000000000
28404 1013966792587/1000000000000
28406 1005237237473/1000000000000
28408 100986198403/100000000000
28410 1002805102397/1000000000000
28412 504357492403/500000000000
28414 201412097443/200000000000
28416 6508463/6400000
28418 1013208885311/1000000000000
28420 51102732789/50000000000
28422 1013771429827/1000000000000
28424 1023599329431/1000000000000
28426 127511853839/125000000000
28428 127821298009/125000000000
28430 505898977327/500000000000
28432 31559774087/31250000000
28434 260716474091/250000000000
28436 1042862296799/1000000000000
28438 250991322889/250000000000
28440 200148976951/200000000000
28442 62756567957/62500000000
28444 1003418048189/1000000000000
28450 1025907659477/1000000000000
28452 51130143859/50000000000
28458 1024819776191/1000000000000
28460 1027213017219/1000000000000
28466 31915981349/31250000000
28468 63708226561/62500000000
28474 1022964449839/1000000000000
28476 1020807955351/1000000000000
28478 255728445673/250000000000
28480 1020572430641/1000000000000
28482 51022999609/50000000000
28484 40735663663/40000000000
28486 205358435289/200000000000
28488 256376591197/250000000000
28490 512802148149/500000000000
28492 205172369659/200000000000
28494 1015597555073/1000000000000
28496 254320636953/250000000000
28498 126905087313/125000000000
28500 507505980193/500000000000
28502 511088827293/500000000000
28504 254038895691/250000000000
28506 1021191163729/1000000000000
28508 31519467307/31250000000
28574 10292168041/10000000000
28576 1089494670271/1000000000000
28578 263807729589/250000000000
28580 1055029176163/1000000000000
28582 129909153639/125000000000
28584 1043259975751/1000000000000
28586 1029631131149/1000000000000
28588 129760172369/125000000000
28590 1059609184653/1000000000000
28592 1059043838887/1000000000000
28594 21613634773/20000000000
28596 519437959583/500000000000
28598 1033580469603/1000000000000
28600 1083527388729/1000000000000
28602 1086209134107/1000000000000
28604 51567511837/50000000000
28606 132737924377/125000000000
28608 520374665703/500000000000
28610 209791711219/200000000000
28612 1056139469691/1000000000000
28614 523034013753/500000000000
28616 255750026613/250000000000
28618 506735729053/500000000000
28620 511817912769/500000000000
28622 50860683113/50000000000
28624 523759779743/500000000000
28626 1035359788407/1000000000000
28632 508093771421/500000000000
28634 521303665159/500000000000
28640 509251106699/500000000000
28642 127024483233/125000000000
28650 511694424121/500000000000
28652 509483136291/500000000000
28654 1025643142587/1000000000000
28656 522299324701/500000000000
28658 127965772001/125000000000
28660 25541728571/25000000000
28662 1024183334001/1000000000000
28664 204929919317/200000000000
28666 820404859/800000000
28668 254217019753/250000000000
28732 519730959427/500000000000
28734 515383704129/500000000000
28736 1058217920493/1000000000000
28738 1014260664771/1000000000000
28740 32694681/32000000
28742 210609277169/200000000000
28744 1030499816189/1000000000000
28746 104510918461/100000000000
28748 1014808475007/1000000000000
28750 517566749759/500000000000
28752 532867506041/500000000000
28754 1036702115607/1000000000000
28756 1030412578711/1000000000000
28758 52016314043/50000000000
28760 128393288691/125000000000
28762 257867395857/250000000000
28764 508725041247/500000000000
28766 65831600987/62500000000
28768 210852807891/200000000000
28788 513088111683/500000000000
28790 207402365679/200000000000
28792 265340672909/250000000000
28796 1032867535989/1000000000000
28798 254913047599/250000000000
28800 254913047599/250000000000
28806 1032713738553/1000000000000
28810 127407770869/125000000000
28812 255243026709/250000000000
28814 514262718661/500000000000
28816 1058287047763/1000000000000
28818 105888330459/100000000000
28820 1028152290739/1000000000000
28822 259647355059/250000000000
28824 1024925311057/1000000000000
28826 1009687127473/1000000000000
28828 50573743977/50000000000
28830 1020191972407/1000000000000
28832 514918838749/500000000000
28834 508991375047/500000000000
28836 128305864419/125000000000
28838 1004209810423/1000000000000
28840 1019505723371/1000000000000
28842 1011117639241/1000000000000
28844 509276727899/500000000000
28846 1017062401343/1000000000000
28848 516140867449/500000000000
28850 202158428171/200000000000
28852 103900031331/100000000000
28860 208323265573/200000000000
28862 1087742456071/1000000000000
28866 1040640357021/1000000000000
28868 1036943353677/1000000000000
28870 520021770863/500000000000
28872 531768665699/500000000000
28874 1069891867843/1000000000000
28876 1038422411347/1000000000000
28878 127742302737/125000000000
28880 1028834250073/1000000000000
28882 1019510855951/1000000000000
28914 533816234659/500000000000
28916 1047264366321/1000000000000
28918 528219625641/500000000000
28920 1053794669627/1000000000000
28922 53082810931/50000000000
28924 1023394012191/1000000000000
28926 524148930079/500000000000
28928 1073125623067/1000000000000
28930 536191734429/500000000000
28932 268637072631/250000000000
28934 531322989937/500000000000
28936 1065054853741/1000000000000
28938 66977311827/62500000000
28940 1058397446399/1000000000000
28942 1274174007/1250000000
28944 205222893831/200000000000
28946 512553638187/500000000000
28948 256969140307/250000000000
28950 1000057239209/1000000000000
28952 1005341689713/1000000000000
28954 1000516452933/1000000000000
28956 100473174787/100000000000
28958 102942810897/100000000000
28960 515621459363/500000000000
28962 1038175451813/1000000000000
28964 1044568420977/1000000000000
28966 253633405647/250000000000
28968 64449240473/62500000000
28970 102152971277/100000000000
28972 1040073952349/1000000000000
28974 20483609557/20000000000
28976 104265945861/100000000000
28978 64637041317/62500000000
28980 208781708203/200000000000
28982 785754671/781250000
28984 1009365318537/1000000000000
28986 505546314139/500000000000
28988 255891443937/250000000000
28990 261433524433/250000000000
28992 131805650591/125000000000
28994 104915836589/100000000000
28996 534281560883/500000000000
28998 516060166113/500000000000
29000 1048062217809/1000000000000
29002 1062144881581/1000000000000
29004 10117129587/10000000000
29006 1020413334473/1000000000000
29008 20336934433/20000000000
29010 1021331195347/1000000000000
29012 1012332523049/1000000000000
29014 1009884197391/1000000000000
29016 1001113035063/1000000000000
29018 501580392523/500000000000
29020 205866009049/200000000000
29022 51755296213/50000000000
29024 1024398832757/1000000000000
29026 205825096867/200000000000
29028 507359750493/500000000000
29030 511943059709/500000000000
29032 503393470869/500000000000
29034 1021336630651/1000000000000
29036 25431613957/25000000000
29038 1019404636059/1000000000000
29040 510490763053/500000000000
29042 1021877992551/1000000000000
29044 15706919077/15625000000
29046 125607522497/125000000000
29048 199995300503/200000000000
29050 500173569287/500000000000
29052 41064557053/40000000000
29054 256787641041/250000000000
29056 205061504813/200000000000
29058 31965132989/31250000000
29060 252366665701/250000000000
29062 513634602857/500000000000
29064 1010139964583/1000000000000
29066 51217979329/50000000000
29072 127349274951/125000000000
29074 1024734175093/1000000000000
29080 1036463571029/1000000000000
29082 26045363107/25000000000
29088 1028564139337/1000000000000
29090 2559980607/2500000000
29096 510960140663/500000000000
29098 1023180405057/1000000000000
29100 12626480951/12500000000
29102 1024284860349/1000000000000
29104 1013090362887/1000000000000
29106 256285350279/250000000000
29108 518351088819/500000000000
29110 129404811399/125000000000
29112 1023702761251/1000000000000
29114 1018653954373/1000000000000
29116 206550673479/200000000000
29118 1026256415613/1000000000000
29120 1031524863251/1000000000000
29122 258262370753/250000000000
29124 510989625003/500000000000
29126 1021405593719/1000000000000
29128 31958551879/31250000000
29130 203615113331/200000000000
29194 1072074002751/1000000000000
29196 4215672361/4000000000
29198 1075247465127/1000000000000
29200 1064995890447/1000000000000
29202 526789359001/500000000000
29204 1041915481261/1000000000000
29206 1056864219881/1000000000000
29208 525429746501/500000000000
29210 540106017037/500000000000
29212 108693435289/100000000000
29214 531012204539/500000000000
29216 1074811250933/1000000000000
29218 535514909637/500000000000
29220 1071293850321/1000000000000
29222 1090040888167/1000000000000
29224 1073938829691/1000000000000
29226 1073748435201/1000000000000
29228 4199724109/3906250000
29230 10569661623/10000000000
29232 1051028061333/1000000000000
29234 1053176208839/1000000000000
29236 1048568319799/1000000000000
29238 267474434083/250000000000
29240 1071143118673/1000000000000
29242 530469840791/500000000000
29244 1084875306551/1000000000000
29246 1072006464439/1000000000000
29248 54086293927/50000000000
29250 106606399167/100000000000
29252 214535674593/200000000000
29254 264546977593/250000000000
29256 1048487633271/1000000000000
29258 42333126317/40000000000
29260 131309855181/125000000000
29262 1055266173877/1000000000000
29264 1062831051539/1000000000000
29266 214598964143/200000000000
29268 1076993129741/1000000000000
29270 1080759554869/1000000000000
29272 1077958286857/1000000000000
29274 1075169877639/1000000000000
29276 270000471033/250000000000
29278 33558736197/31250000000
29280 531529439279/500000000000
29282 1060764903911/1000000000000
29284 1052857253209/1000000000000
29286 52522829517/50000000000
29288 1080817303577/1000000000000
29290 1068882951263/1000000000000
29292 538240272893/500000000000
29294 1079720546153/1000000000000
29296 21088784619/20000000000
29298 523348846529/500000000000
29300 266447658723/250000000000
29302 262965250873/250000000000
29304 1065428665237/1000000000000
29306 513059975013/500000000000
29308 1025073868191/1000000000000
29310 206256441803/200000000000
29312 206210170699/200000000000
29314 1025200943649/1000000000000
29316 104172397033/100000000000
29318 1025705134089/1000000000000
29320 130511627349/125000000000
29322 514427100911/500000000000
29324 1039458987253/1000000000000
29326 209041124071/200000000000
29328 209015213007/200000000000
29330 208852739383/200000000000
29332 209607921531/200000000000
29334 1042622013223/1000000000000
29336 21105351063/20000000000
29338 258533296633/250000000000
29340 210346162433/200000000000
29342 1042447088941/1000000000000
29344 212176182881/200000000000
29346 258638048211/250000000000
29348 41884431367/40000000000
29350 1041076298777/1000000000000
29352 1057331494239/1000000000000
29354 267378474523/250000000000
29356 527243692893/500000000000
29358 1080261481589/1000000000000
29360 63587034987/62500000000
29362 1014645175299/1000000000000
29364 127395619907/125000000000
29366 1016842806877/1000000000000
29368 510626632821/500000000000
29370 20401811311/20000000000
29372 1024562230163/1000000000000
29374 1024589017797/1000000000000
29376 251240866553/250000000000
29378 1006475590193/1000000000000
29380 1007668625909/1000000000000
29382 126221129743/125000000000
29384 1020230842903/1000000000000
29386 510882639839/500000000000
29388 1025027224909/1000000000000
29390 1027297183953/1000000000000
29392 102043389833/100000000000
29394 126848718387/125000000000
29396 204477667427/200000000000
29398 203501821577/200000000000
29400 256370841869/250000000000
29402 1027459079939/1000000000000
29404 41028489679/40000000000
29406 1030295789877/1000000000000
29408 1015441025413/1000000000000
29410 510392723471/500000000000
29412 1017352775539/1000000000000
29414 514712995937/500000000000
29416 103584450413/100000000000
29418 515227240543/500000000000
29420 1043630273209/1000000000000
29422 103816139063/100000000000
29428 1014056745061/1000000000000
29430 251586766001/250000000000
29436 101317674783/100000000000
29438 1012284647887/1000000000000
29444 40218608987/40000000000
29446 31344232391/31250000000
29452 126445053229/125000000000
29454 1001409227083/1000000000000
29456 126985405291/125000000000
29458 126323530383/125000000000
29460 508057501813/500000000000
29462 1011520482547/1000000000000
29464 63652512093/62500000000
29466 507887289457/500000000000
29468 254658926737/250000000000
29470 254153046527/250000000000
29472 31319015801/31250000000
29474 15690902051/15625000000
29476 1003109466381/1000000000000
29478 40089700613/40000000000
29480 507141009619/500000000000
29482 1008316074861/1000000000000
29484 50925236003/50000000000
29486 1015575004779/1000000000000
29552 15683083293/15625000000
29554 250812028217/250000000000
29556 202905106873/200000000000
29558 202905106873/200000000000
29560 203074146873/200000000000
29562 203074146873/200000000000
29564 506279980961/500000000000
29566 506279980961/500000000000
29568 1011897497383/1000000000000
29570 1011897497383/1000000000000
29572 253562841973/250000000000
29574 1011441972687/1000000000000
29576 101217305793/100000000000
29578 253263534759/250000000000
29580 253263534759/250000000000
29582 1015465570907/1000000000000
29584 1015465570907/1000000000000
29586 1015465570907/1000000000000
29588 1015465570907/1000000000000
29590 1015960261927/1000000000000
29592 1014123574303/1000000000000
29594 1014123574303/1000000000000
29596 1014123574303/1000000000000
29598 1014123574303/1000000000000
29600 1014123574303/1000000000000
29602 253562841973/250000000000
29604 253205941973/250000000000
29606 504956516077/500000000000
29608 1008568235107/1000000000000
29610 506563142169/500000000000
29612 64154965553/62500000000
29614 1008568235107/1000000000000
29616 1008568235107/1000000000000
29618 1010840278487/1000000000000
29620 505461230151/500000000000
29622 505461230151/500000000000
29624 1011808803759/1000000000000
29626 1011249378571/1000000000000
29628 506338622747/500000000000
29630 253025385151/250000000000
29632 202236706857/200000000000
29634 202236706857/200000000000
29636 202236706857/200000000000
29638 202236706857/200000000000
29640 505547087261/500000000000
29642 1002161386669/1000000000000
29644 1002161386669/1000000000000
29646 1003201510753/1000000000000
29648 1002584231203/1000000000000
29650 100524923981/100000000000
29652 1010443431967/1000000000000
29654 516462383259/500000000000
29656 1010443431967/1000000000000
29658 1017457230487/1000000000000
29660 1006399378287/1000000000000
29662 1012462496351/1000000000000
29664 506437790929/500000000000
29666 1005674975431/1000000000000
29668 202896312147/200000000000
29670 1013785495877/1000000000000
29672 1005674975431/1000000000000
29674 203456980327/200000000000
29676 513355064213/500000000000
29678 203456980327/200000000000
29680 513355064213/500000000000
29682 1019713774613/1000000000000
29684 1027876638133/1000000000000
29686 12754837587/12500000000
29688 1001814970169/1000000000000
29690 501613834291/500000000000
29692 1006043503471/1000000000000
29694 1011681867199/1000000000000
29696 251325793733/250000000000
29698 521656547607/500000000000
29700 250895372189/250000000000
29702 250895372189/250000000000
29704 250895372189/250000000000
29706 269488740951/250000000000
29708 500176888239/500000000000
29710 500176888239/500000000000
29712 1003341924191/1000000000000
29714 503022869027/500000000000
29716 1005153058011/1000000000000
29728 1004833228223/1000000000000
29730 1005506938913/1000000000000
29732 1010836338913/1000000000000
29734 252271304791/250000000000
29736 268713010137/250000000000
29738 504156765253/500000000000
29740 501956141203/500000000000
29762 521845169963/500000000000
29764 1076855446897/1000000000000
29768 1073078079581/1000000000000
29770 130798671339/125000000000
29772 128923504447/125000000000
29774 260204071933/250000000000
29776 1041824080299/1000000000000
29778 1058998099979/1000000000000
29780 65234578437/62500000000
29782 105367615651/100000000000
29784 536203434239/500000000000
29786 491286503/488281250
29788 31790052777/31250000000
29790 54991362573/50000000000
29792 103468019319/100000000000
29794 20620976121/20000000000
29796 32300118957/31250000000
29798 1038454469087/1000000000000
29800 511691582327/500000000000
29802 1046145878751/1000000000000
29804 129822783009/125000000000
29806 1051575527939/1000000000000
29808 41123857629/40000000000
29810 517249021569/500000000000
29812 259536967233/250000000000
29814 1039457681871/1000000000000
29816 1042066722471/1000000000000
29818 1043469247911/1000000000000
29820 1049941956083/1000000000000
29822 521618165507/500000000000
29824 53637933919/50000000000
29826 1054934358743/1000000000000
29828 16988073393/15625000000
29830 1063437640443/1000000000000
29832 1047796526767/1000000000000
29838 204536754059/200000000000
29840 506644714787/500000000000
29846 126378029243/125000000000
29848 1029885804639/1000000000000
29854 12935002753/12500000000
29858 506805255673/500000000000
29860 1023592707901/1000000000000
29862 506544048361/500000000000
29864 206022449707/200000000000
29866 1010992822401/1000000000000
29868 102357300637/100000000000
29870 40383661963/40000000000
29872 1014881987349/1000000000000
29874 506088351981/500000000000
29876 510012040519/500000000000
29878 256393086137/250000000000
29880 132528507263/125000000000
29932 1005930864847/1000000000000
29934 1012573778779/1000000000000
29936 127713743649/125000000000
29938 207497443307/200000000000
29940 1031860480691/1000000000000
29942 204956075603/200000000000
29944 513105381033/500000000000
29946 1022845057339/1000000000000
29948 500077736709/500000000000
29950 253976954821/250000000000
29952 62512883827/62500000000
29954 1036650616681/1000000000000
29956 539773244979/500000000000
29958 543396800611/500000000000
29960 1026801779909/1000000000000
29962 1037637240541/1000000000000
29964 1026418666199/1000000000000
29966 16444846693/15625000000
29968 4000825827/4000000000
29970 20091101411/20000000000
29972 33205930991/31250000000
29974 1034361667283/1000000000000
29976 16571287369/15625000000
29978 1025921104517/1000000000000
29980 501447883993/500000000000
29982 250141484777/250000000000
29984 1001395513691/1000000000000
29986 1001638970153/1000000000000
29988 1021309188239/1000000000000
29990 257265870103/250000000000
29992 512548529267/500000000000
29994 261256467383/250000000000
29996 1043727595801/1000000000000
29998 211002487477/200000000000
30000 1047868347237/1000000000000
30002 529835899081/500000000000
30004 1006922271741/1000000000000
30006 1002371068207/1000000000000
30008 40056746271/40000000000
30010 1001724887669/1000000000000
30012 250201298369/250000000000
30014 1008653431371/1000000000000
30016 1000049162479/1000000000000
30018 52128805831/50000000000
30020 257724120689/250000000000
30022 1067157318873/1000000000000
30024 1050821941271/1000000000000
30026 134970883831/125000000000
30028 131244251169/125000000000
30030 54303622659/50000000000
30032 211716356797/200000000000
30034 538915067009/500000000000
30036 526737503097/500000000000
30038 206091324783/200000000000
30040 511897335121/500000000000
30042 41172242499/40000000000
30044 1017172635791/1000000000000
30046 203893649723/200000000000
30048 10128577597/10000000000
30050 512921800741/500000000000
30052 509335308887/500000000000
30054 519842437999/500000000000
30056 1031040653241/1000000000000
30058 1033827744889/1000000000000
30060 1038259670347/1000000000000
30062 66914737371/62500000000
30064 131544288413/125000000000
30066 1069987931033/1000000000000
30068 1045354318777/1000000000000
30070 1019835171029/1000000000000
30072 4065813573/4000000000
30074 1016464810229/1000000000000
30076 3954397133/3906250000
30078 102675195389/100000000000
30080 1021995261863/1000000000000
30082 256910340699/250000000000
30084 258967816269/250000000000
30086 1027640239607/1000000000000
30088 207046123797/200000000000
30090 1035627481401/1000000000000
30092 522898015759/500000000000
30098 1074189176547/1000000000000
30100 1060488738877/1000000000000
30106 130564865589/125000000000
30108 1034918895397/1000000000000
30114 1029996565893/1000000000000
30116 512976884411/500000000000
30122 103339367593/100000000000
30124 100034181853/100000000000
30126 270062167973/250000000000
30128 1060319785427/1000000000000
30130 1082313735391/1000000000000
30132 52853216209/50000000000
30134 1040759040473/1000000000000
30136 1033593233433/1000000000000
30138 129000261527/125000000000
30140 1024739931821/1000000000000
30142 513596803357/500000000000
30144 1032537504591/1000000000000
30146 513354106637/500000000000
30148 102214494133/100000000000
30150 65208713219/62500000000
30152 503447640969/500000000000
30154 103574759287/100000000000
30156 1001762897971/1000000000000
30222 548772506529/500000000000
30224 69784292497/62500000000
30226 1085707421437/1000000000000
30228 565848209473/500000000000
30230 1134346014893/1000000000000
30232 552830563047/500000000000
30234 33351178363/31250000000
30236 204780055001/200000000000
30238 273792630349/250000000000
30240 523404950281/500000000000
30242 20043283703/20000000000
30244 1102234274393/1000000000000
30246 26584841627/25000000000
30248 133525423413/125000000000
30250 138428749601/125000000000
30252 137918992679/125000000000
30254 1120829578241/1000000000000
30256 57096113867/50000000000
30258 576140471187/500000000000
30260 506809175583/500000000000
30262 502189268093/500000000000
30264 1006566351491/1000000000000
30266 50285722621/50000000000
30268 1028918879657/1000000000000
30270 1025093615227/1000000000000
30272 1017445557499/1000000000000
30274 262613050353/250000000000
30276 257562882093/250000000000
30278 270627032681/250000000000
30280 503049933651/500000000000
30282 501906796071/500000000000
30284 500345248797/500000000000
30286 509280630357/500000000000
30288 1015872992231/1000000000000
30290 26122710839/25000000000
30292 253691049189/250000000000
30294 1087037359919/1000000000000
30296 1079545683161/1000000000000
30298 1072040492851/1000000000000
30300 1056623876227/1000000000000
30302 1102879801049/1000000000000
30304 529924728339/500000000000
30306 108280018231/100000000000
30308 523342451741/500000000000
30310 1037165683001/1000000000000
30312 25879778881/25000000000
30314 1039600843567/1000000000000
30316 260344709943/250000000000
30318 1032793463223/1000000000000
30320 1051568543173/1000000000000
30322 1043410689079/1000000000000
30324 543745960269/500000000000
30326 527028462747/500000000000
30328 516990112971/500000000000
30330 1032429087507/1000000000000
30332 202991867699/200000000000
30334 132596545539/125000000000
30336 211714056193/200000000000
30338 207312598117/200000000000
30340 258373767033/250000000000
30342 522788007703/500000000000
30344 26677416957/25000000000
30346 1019783801853/1000000000000
30348 21035315061/20000000000
30350 4248708301/4000000000
30352 543619333133/500000000000
30354 1085881058899/1000000000000
30356 1067910294167/1000000000000
30358 539084611499/500000000000
30360 1060881612247/1000000000000
30362 518481179337/500000000000
30364 1064704708309/1000000000000
30366 518522552371/500000000000
30368 1046425977559/1000000000000
30370 1020048642423/1000000000000
30372 261135746307/250000000000
30374 129113822647/125000000000
30376 1119098882309/1000000000000
30378 548011294673/500000000000
30380 67899063437/62500000000
30382 215989735413/200000000000
30384 64974481913/62500000000
30386 535925944329/500000000000
30388 515620907159/500000000000
30390 523827195513/500000000000
30392 16062026791/15625000000
30394 258839092349/250000000000
30396 206217695041/200000000000
30398 1025304383683/1000000000000
30400 518292149999/500000000000
30402 41171642511/40000000000
30404 1065123380361/1000000000000
30406 1077883721/976562500
30408 1079507442767/1000000000000
30410 273378964489/250000000000
30412 213221060163/200000000000
30414 26538900009/25000000000
30416 207003383817/200000000000
30418 533214951699/500000000000
30420 207657655309/200000000000
30422 1044366255511/1000000000000
30424 510508574541/500000000000
30426 519736069139/500000000000
30428 203944419723/200000000000
30430 546417036771/500000000000
30432 220204756483/200000000000
30434 108376140547/100000000000
30436 108012125217/100000000000
30438 1070039398501/1000000000000
30440 41520580461/40000000000
30442 106928905363/100000000000
30444 517607739707/500000000000
30446 1052061494029/1000000000000
30448 640436761/625000000
30450 1047762200333/1000000000000
30452 509272356567/500000000000
30454 1101242213669/1000000000000
30460 218268127881/200000000000
30462 1082432280283/1000000000000
30468 1055957255341/1000000000000
30470 64611460197/62500000000
30476 265632242491/250000000000
30478 32520670049/31250000000
30480 271328911439/250000000000
30482 538532837051/500000000000
30484 213930148207/200000000000
30486 135229984443/125000000000
30488 1066963169039/1000000000000
30490 212080189667/200000000000
30492 1037531954661/1000000000000
30494 1062671753187/1000000000000
30496 1041030104447/1000000000000
30498 132135920299/125000000000
30500 1031450345107/1000000000000
30502 1044624131959/1000000000000
30504 1030882755979/1000000000000
30556 205515456461/200000000000
30558 1057051365173/1000000000000
30560 1073454640501/1000000000000
30562 1015895180249/1000000000000
30564 1028065677209/1000000000000
30566 1077047496763/1000000000000
30568 539404375851/500000000000
30570 1042008737737/1000000000000
30572 1056765443903/1000000000000
30574 1007786370289/1000000000000
30576 25565364669/25000000000
30578 128225056441/125000000000
30580 1049307560177/1000000000000
30582 131410710083/125000000000
30584 501282110583/500000000000
30586 1001536798447/1000000000000
30588 40016960023/40000000000
30590 1023344319067/1000000000000
30592 200090544323/200000000000
30594 52945721361/50000000000
30596 62701587369/62500000000
30598 1053120187103/1000000000000
30600 1052570663403/1000000000000
30602 518818679823/500000000000
30604 1040618467007/1000000000000
30606 1072509594307/1000000000000
30608 501009683959/500000000000
30610 511829758313/500000000000
30612 204424477451/200000000000
30614 547414473381/500000000000
30616 16001260263/15625000000
30618 1034875389229/1000000000000
30620 516641595579/500000000000
30622 1040556569773/1000000000000
30624 1060849480429/1000000000000
30626 524665658919/500000000000
30628 1053139738949/1000000000000
30630 20360577081/20000000000
30632 1002062993983/1000000000000
30634 1003342932759/1000000000000
30636 1001380756599/1000000000000
30638 255455081481/250000000000
30640 1001050894691/1000000000000
30642 251966531711/250000000000
30644 62510186681/62500000000
30646 1000154338609/1000000000000
30648 200674774647/200000000000
30650 250288731317/250000000000
30652 1008433268717/1000000000000
30654 1000644961099/1000000000000
30656 1004079586689/1000000000000
30658 250297481441/250000000000
30660 100312467583/100000000000
30662 250255726923/250000000000
30664 250622226191/250000000000
30666 200022603061/200000000000
30668 250255263441/250000000000
30670 250255263441/250000000000
30672 100280131853/100000000000
30674 125057311771/125000000000
30676 125407441037/125000000000
30678 525639006057/500000000000
30680 516975807217/500000000000
30682 106248791603/100000000000
30684 103709376447/100000000000
30686 256612265041/250000000000
30688 102389341297/100000000000
30690 1025853394989/1000000000000
30692 1014458129463/1000000000000
30694 270835901747/250000000000
30696 107730255477/100000000000
30698 534415134019/500000000000
30700 41999523949/40000000000
30702 1016880204609/1000000000000
30704 515891449203/500000000000
30706 1009971902691/1000000000000
30708 1020243106247/1000000000000
30710 105447210249/100000000000
30712 518533645177/500000000000
30714 518520830993/500000000000
30716 516851715829/500000000000
30718 1027421534533/1000000000000
30720 126103190261/125000000000
30722 1023008100661/1000000000000
30724 500019396941/500000000000
30726 1053981677453/1000000000000
30728 204823402381/200000000000
30730 32308339473/31250000000
30732 252020454477/250000000000
30734 251234901431/250000000000
30736 101420642729/100000000000
30738 1000683650663/1000000000000
30740 62884925203/62500000000
30742 253659332893/250000000000
30744 1043949604701/1000000000000
30746 1007785839247/1000000000000
30748 1022443288833/1000000000000
30750 135645402563/125000000000
30752 1083413768017/1000000000000
30754 106452060277/100000000000
30756 531667303301/500000000000
30758 1087711637421/1000000000000
30760 44802934637/40000000000
30762 1057914653067/1000000000000
30764 517395712133/500000000000
30766 1051258719521/1000000000000
30768 259512355719/250000000000
30770 1054712419931/1000000000000
30772 1038595211859/1000000000000
30774 132179602277/125000000000
30776 103442752911/100000000000
30778 127152793473/125000000000
30780 256018608167/250000000000
30782 507442546411/500000000000
30784 40784709723/40000000000
30786 13411556441/12500000000
30788 268363894069/250000000000
30790 533545375221/500000000000
30792 531359049801/500000000000
30794 205242397073/200000000000
30796 1042493608601/1000000000000
30798 255808955869/250000000000
30800 519417825323/500000000000
30802 1050376801381/1000000000000
30804 1036855990699/1000000000000
30806 104538664943/100000000000
30808 1031601097077/1000000000000
30810 546259567967/500000000000
30812 108440981103/100000000000
30814 1090894788089/1000000000000
30816 1079147763673/1000000000000
30818 66076490269/62500000000
30820 1033755083673/1000000000000
30822 132254260937/125000000000
30824 103461665837/100000000000
30826 1060203153867/1000000000000
30828 1032218934241/1000000000000
30830 1056102420687/1000000000000
30832 256998854659/250000000000
30834 135558699621/125000000000
30836 547038135003/500000000000
30838 1094357757837/1000000000000
30840 563288275053/500000000000
30842 1064733143939/1000000000000
30844 517165121007/500000000000
30846 530480899201/500000000000
30848 1034336162391/1000000000000
30850 212075991207/200000000000
30852 51617718363/50000000000
30854 13252950229/12500000000
30856 25866357573/25000000000
30862 547657603701/500000000000
30864 535153574817/500000000000
30872 1050292994917/1000000000000
30874 259000880193/250000000000
30880 66057947179/62500000000
30882 517044068829/500000000000
30884 68225948337/62500000000
30886 547993698961/500000000000
30888 108221709149/100000000000
30890 272969230103/250000000000
30892 529444803667/500000000000
30894 517545309007/500000000000
30896 530667326303/500000000000
30898 258487084017/250000000000
30900 1056457816703/1000000000000
30902 516615674583/500000000000
30904 529462271893/500000000000
30906 207077244757/200000000000
30964 504220762813/500000000000
30966 1055617093459/1000000000000
30968 513753366783/500000000000
30970 1043275868273/1000000000000
30972 253422645279/250000000000
30974 1004425013839/1000000000000
30976 31482855389/31250000000
30978 1002110700823/1000000000000
30980 1020732414719/1000000000000
30982 511891069899/500000000000
30984 513608963537/500000000000
30986 202705069861/200000000000
30988 251103553149/250000000000
30990 1004054901041/1000000000000
30992 1006815560871/1000000000000
30994 1027966000067/1000000000000
30996 129327394459/125000000000
30998 1014756288411/1000000000000
31000 507571852533/500000000000
31002 1011381078943/1000000000000
31004 1014269294891/1000000000000
31006 505786394941/500000000000
31008 504218236277/500000000000
31010 1012886135231/1000000000000
31012 1005127953927/1000000000000
31014 202989677561/200000000000
31016 1031983920663/1000000000000
31018 253103721653/250000000000
31020 510542859699/500000000000
31022 25686018411/25000000000
31024 1017373551471/1000000000000
31026 102642885969/100000000000
31028 1034001073933/1000000000000
31030 65246339801/62500000000
31032 834253853/800000000
31034 105086703667/100000000000
31036 202151815173/200000000000
31038 1008696671027/1000000000000
31040 202274215861/200000000000
31042 40328812439/40000000000
31044 255035686827/250000000000
31046 1012576779309/1000000000000
31048 258158943153/250000000000
31050 50844785673/50000000000
31052 205955849621/200000000000
31054 1004384454473/1000000000000
31056 3126710291/3125000000
31058 505875370043/500000000000
31060 1002941473711/1000000000000
31062 1015306799063/1000000000000
31064 1007954432027/1000000000000
31066 507731934989/500000000000
31068 15732616459/15625000000
31070 200017669547/200000000000
31072 126807962827/125000000000
31074 501121989171/500000000000
31076 507179792831/500000000000
31078 512777429793/500000000000
31080 1044232826137/1000000000000
31082 51191396337/50000000000
31084 1036680814171/1000000000000
31086 1018297031221/1000000000000
31088 1009834615221/1000000000000
31090 254347215717/250000000000
31092 509273559243/500000000000
31094 1009898956263/1000000000000
31096 254416974963/250000000000
31098 1009935292941/1000000000000
31100 253177996477/250000000000
31102 503319983427/500000000000
31104 255279178461/250000000000
31106 508343318391/500000000000
31108 128906800489/125000000000
31110 41076623513/40000000000
31112 131221526449/125000000000
31114 1020940849771/1000000000000
31116 514984001891/500000000000
31118 508406500869/500000000000
31120 1018279189311/1000000000000
31122 201277757809/200000000000
31124 1008062078061/1000000000000
31126 1078455552573/1000000000000
31128 1068338734697/1000000000000
31130 1060547217159/1000000000000
31132 106794782467/100000000000
31134 515232566771/500000000000
31136 1036785058739/1000000000000
31138 1028266838779/1000000000000
31140 526396747899/500000000000
31142 529433907687/500000000000
31144 128591568277/125000000000
31146 265116649347/250000000000
31148 255609283227/250000000000
31150 251819106373/250000000000
31152 250361506099/250000000000
31154 125952454269/125000000000
31156 501691453917/500000000000
31158 104842451593/100000000000
31160 106682908909/100000000000
31162 1031496778351/1000000000000
31164 42173472857/40000000000
31166 1019751363187/1000000000000
31168 1040629541733/1000000000000
31170 100976027823/100000000000
31172 1047716251999/1000000000000
31174 1056551930581/1000000000000
31176 1026687727919/1000000000000
31178 1058155246127/1000000000000
31180 516319893141/500000000000
31186 526688628327/500000000000
31188 1035349515273/1000000000000
31194 268354972163/250000000000
31196 1071724357743/1000000000000
31202 257974003229/250000000000
31204 510768960677/500000000000
31210 1059389498671/1000000000000
31212 1027047571477/1000000000000
31214 103407479941/100000000000
31216 260345459453/250000000000
31218 510016004971/500000000000
31220 1036187128891/1000000000000
31222 539802655177/500000000000
31224 269229826443/250000000000
31226 1078860532003/1000000000000
31228 1075459272897/1000000000000
31230 51725539781/50000000000
31232 102620065943/100000000000
31234 206288699821/200000000000
31236 257326210249/250000000000
31238 33076295169/31250000000
31240 1029918675631/1000000000000
31242 530116737443/500000000000
31244 64457448559/62500000000
31310 53972528009/50000000000
31312 1045063601369/1000000000000
31314 1041803797207/1000000000000
31316 1052955873647/1000000000000
31318 210462938309/200000000000
31320 528245460533/500000000000
31322 1060030778967/1000000000000
31324 102923239619/100000000000
31326 128244963541/125000000000
31328 1039779309587/1000000000000
31330 129744272883/125000000000
31332 101355373271/100000000000
31334 1008812356719/1000000000000
31336 1018343057861/1000000000000
31338 253816177031/250000000000
31340 1019803553147/1000000000000
31342 255058012217/250000000000
31344 103328672507/100000000000
31346 504855577801/500000000000
31348 500450377979/500000000000
31350 1018704562327/1000000000000
31352 31582346401/31250000000
31354 1058782514001/1000000000000
31356 1055925986113/1000000000000
31358 211339458539/200000000000
31360 102705987887/100000000000
31362 511173859143/500000000000
31364 259090464113/250000000000
31366 1031618768873/1000000000000
31368 257445803223/250000000000
31370 256705514747/250000000000
31372 129875635157/125000000000
31374 205225048727/200000000000
31376 506059411551/500000000000
31378 100430249089/100000000000
31380 126994713931/125000000000
31382 126312116061/125000000000
31384 1000628758511/1000000000000
31386 1002921935153/1000000000000
31388 1003096658983/1000000000000
31390 500831936693/500000000000
31392 1004486067919/1000000000000
31394 31336096847/31250000000
31396 1006180266447/1000000000000
31398 251195537383/250000000000
31400 12520074227/12500000000
31402 1012566744427/1000000000000
31404 500756796551/500000000000
31406 20072898827/20000000000
31408 254787648837/250000000000
31410 506684456299/500000000000
31412 204785539427/200000000000
31414 255105930867/250000000000
31416 501084830027/500000000000
31418 1001341992659/1000000000000
31420 1006100633603/1000000000000
31422 502904145077/500000000000
31424 100926844821/100000000000
31426 1002056392023/1000000000000
31428 1018930446917/1000000000000
31430 100884314813/100000000000
31432 1001356259449/1000000000000
31434 1004577859233/1000000000000
31436 1000485935171/1000000000000
31438 250660480717/250000000000
31444 1005556503301/1000000000000
31446 1004637592603/1000000000000
31452 250198869089/250000000000
31454 202488221769/200000000000
31460 1010127582981/1000000000000
31462 255603037489/250000000000
31468 1017655925807/1000000000000
31470 202089328447/200000000000
31472 252414043993/250000000000
31474 31406821729/31250000000
31476 1009733900073/1000000000000
31478 500269399161/500000000000
31480 1000773128329/1000000000000
31482 1000155543697/1000000000000
31484 500613960637/500000000000
31486 501051672249/500000000000
31488 1001096315799/1000000000000
31490 504885755607/500000000000
31492 50192474227/50000000000
31494 1005413705109/1000000000000
31496 1008550640927/1000000000000
31498 1017860595609/1000000000000
31500 125276686073/125000000000
31502 1035281515519/1000000000000
31568 519772453373/500000000000
31570 1046305995173/1000000000000
31572 263577878489/250000000000
31574 1046895088097/1000000000000
31576 1047119156459/1000000000000
31578 1042821257859/1000000000000
31580 1054131485773/1000000000000
31582 103891045837/100000000000
31584 523351826421/500000000000
31586 263034627699/250000000000
31588 260539161481/250000000000
31590 131885240591/125000000000
31592 1035791808533/1000000000000
31594 262159834707/250000000000
31596 104687049407/100000000000
31598 1044864168081/1000000000000
31600 1055311618641/1000000000000
31602 524295834943/500000000000
31604 529789877/500000000
31606 211415500577/200000000000
31608 1036686753527/1000000000000
31610 104157155927/100000000000
31612 261108434887/250000000000
31614 526357357923/500000000000
31616 51069428167/50000000000
31618 1024968889767/1000000000000
31620 128902840523/125000000000
31622 1034617777709/1000000000000
31624 210622692511/200000000000
31626 1053650446531/1000000000000
31628 1048808305289/1000000000000
31630 32373897477/31250000000
31632 1033373495207/1000000000000
31634 1044771665207/1000000000000
31636 519777713839/500000000000
31638 1048054342807/1000000000000
31640 1035430581071/1000000000000
31642 1307515223/1250000000
31644 521600517021/500000000000
31646 519627258159/500000000000
31648 1062031997627/1000000000000
31650 517181216829/500000000000
31652 259618063641/250000000000
31658 253542425119/250000000000
31660 1019614895633/1000000000000
31666 1014434178673/1000000000000
31668 506611755637/500000000000
31672 1037795717593/1000000000000
31674 1037625102337/1000000000000
31680 504868070717/500000000000
31682 1012624859323/1000000000000
31684 1018955800811/1000000000000
31686 510282876067/500000000000
31688 101808572227/100000000000
31690 1026953574457/1000000000000
31692 126980891883/125000000000
31694 203707027643/200000000000
31696 508543442049/500000000000
31698 204117656191/200000000000
31700 1028699970607/1000000000000
31702 1049993193771/1000000000000
31704 1049380240819/1000000000000
31706 507866394333/500000000000
31708 1013625671073/1000000000000
31710 1014753292349/1000000000000
31712 507497253957/500000000000
31774 41911698321/40000000000
31776 524226978477/500000000000
31778 1047646220679/1000000000000
31780 211031998473/200000000000
31782 528714732623/500000000000
31784 132585895737/125000000000
31786 25732043629/25000000000
31788 522305476869/500000000000
31790 1031992481151/1000000000000
31792 208267728091/200000000000
31794 1042271332983/1000000000000
31796 527720361727/500000000000
31798 1042436909283/1000000000000
31800 209291195163/200000000000
31802 516224258951/500000000000
31804 129877603549/125000000000
31806 260142377349/250000000000
31808 1038026711231/1000000000000
31810 523399906011/500000000000
31812 105209428041/100000000000
31814 1042827120937/1000000000000
31816 64809687493/62500000000
31818 260249296879/250000000000
31820 513317736011/500000000000
31822 64800132269/62500000000
31824 1048408232991/1000000000000
31826 1058326718179/1000000000000
31828 8344436839/8000000000
31830 530267456911/500000000000
31832 262186197511/250000000000
31834 256116589499/250000000000
31836 103208359739/100000000000
31838 510517874881/500000000000
31840 1030506158199/1000000000000
31842 104088781171/100000000000
31844 528625157019/500000000000
31846 8157095193/7812500000
31848 1054761876319/1000000000000
31850 1045875387333/1000000000000
31852 213638634703/200000000000
31854 1055164416591/1000000000000
31856 1055549935471/1000000000000
31858 1048084943771/1000000000000
31860 1038115226163/1000000000000
31862 65640065159/62500000000
31864 1057503371721/1000000000000
31866 1055080875779/1000000000000
31868 1066890230067/1000000000000
31872 1043372373453/1000000000000
31874 2092856879/2000000000
31876 522280119773/500000000000
31878 1056851435589/1000000000000
31880 1054300889397/1000000000000
31900 104796533971/100000000000
31902 525943340251/500000000000
31904 262007994249/250000000000
31906 1045662215127/1000000000000
31908 263556574109/250000000000
31910 52970935621/50000000000
31912 1034978529417/1000000000000
31914 25978946339/25000000000
31916 25818432261/25000000000
31918 1038556787331/1000000000000
31920 1028452557663/1000000000000
31922 128369512091/125000000000
31924 1026603694313/1000000000000
31926 102534077713/100000000000
31928 518926759351/500000000000
31930 41439244807/40000000000
31932 1039920546501/1000000000000
31934 1045335061043/1000000000000
31936 1043703882227/1000000000000
31938 1037282087071/1000000000000
31940 207683049013/200000000000
31942 260970166787/250000000000
31944 1044900253813/1000000000000
31946 1038917055551/1000000000000
31948 521742081721/500000000000
31950 1038855743677/1000000000000
31952 20780596027/20000000000
31954 510799342393/500000000000
31956 208876739703/200000000000
31958 1018667274309/1000000000000
31960 207669184229/200000000000
31962 528958552931/500000000000
31964 210842587077/200000000000
31966 1057554148593/1000000000000
31968 206981788311/200000000000
31970 130520196239/125000000000
31972 258010576993/250000000000
31974 1043887617899/1000000000000
31976 508038538957/500000000000
31978 10237630777/10000000000
31980 1023748043379/1000000000000
31982 128085357311/125000000000
31984 1052260520519/1000000000000
31986 521126447511/500000000000
31988 1032719973969/1000000000000
31990 3294354411/3125000000
31992 262620935589/250000000000
31994 530696005253/500000000000
31996 1053184757233/1000000000000
31998 1055013888299/1000000000000
32000 208265285387/200000000000
32002 522332182209/500000000000
32004 415760823/400000000
32006 1056722037689/1000000000000
32008 1029808055043/1000000000000
32010 1046244823233/1000000000000
32012 21281474333/20000000000
32016 1015129889287/1000000000000
32018 512922702027/500000000000
32020 508744458571/500000000000
32022 51035989807/50000000000
32024 261942665327/250000000000
32038 53283478127/50000000000
32040 1054803019573/1000000000000
32042 274248825683/250000000000
32044 1041584305529/1000000000000
32046 529601810309/500000000000
32048 130158471923/125000000000
32050 525507939247/500000000000
32052 1058621766459/1000000000000
32054 1048705455759/1000000000000
32056 104077452933/100000000000
32058 207174702097/200000000000
32060 1043388265061/1000000000000
32062 130672973881/125000000000
32064 526200388673/500000000000
32066 66094418429/62500000000
32068 263477588989/250000000000
32070 106094658017/100000000000
32072 530760532801/500000000000
32074 126529409751/125000000000
32076 509027137281/500000000000
32078 1016305250183/1000000000000
32080 63838875683/62500000000
32082 1022575020373/1000000000000
32084 1026154424463/1000000000000
32086 1025646318281/1000000000000
32088 516365198277/500000000000
32090 1028118546689/1000000000000
32092 1031676961159/1000000000000
32094 1030484560631/1000000000000
32096 1043291571333/1000000000000
32098 41137819261/40000000000
32100 103410794231/100000000000
32102 1020406219987/1000000000000
32104 1027855303869/1000000000000
32106 1031007156737/1000000000000
32108 1035996554401/1000000000000
32110 1031491608711/1000000000000
32112 129529446451/125000000000
32114 1046329679959/1000000000000
32116 1044773969103/1000000000000
32118 1033816177137/1000000000000
32120 131111049333/125000000000
32122 523969075203/500000000000
32128 31892529577/31250000000
32130 1012819806009/1000000000000
32136 201003275607/200000000000
32138 508474099651/500000000000
32144 1014326741547/1000000000000
32146 1029373249051/1000000000000
32150 1030048692191/1000000000000
32152 504574213101/500000000000
32154 50721690287/50000000000
32156 503991381369/500000000000
32158 127278571557/125000000000
32160 254297416461/250000000000
32162 102165602821/100000000000
32164 509612004787/500000000000
32166 1022092334429/1000000000000
32168 1024016427661/1000000000000
32170 511596259949/500000000000
32172 1025353302737/1000000000000
32174 257645204921/250000000000
32176 512518177071/500000000000
32178 1022533034847/1000000000000
32180 259448906389/250000000000
32234 1074638365349/1000000000000
32236 1020456004753/1000000000000
32238 259416140067/250000000000
32240 205866061231/200000000000
32242 528384732069/500000000000
32244 21116671941/20000000000
32246 33032681359/31250000000
32248 1050256628581/1000000000000
32250 257583059943/250000000000
32252 1027572269161/1000000000000
32254 1025048507821/1000000000000
32256 520085419643/500000000000
32258 1048801460817/1000000000000
32260 1047074862351/1000000000000
32262 262860360623/250000000000
32264 1035058446209/1000000000000
32266 208361540761/200000000000
32268 1061680422991/1000000000000
32270 1056384883109/1000000000000
32272 41510365843/40000000000
32274 259624991739/250000000000
32276 1040686190457/1000000000000
32278 522806889213/500000000000
32280 205763220013/200000000000
32282 1045546838219/1000000000000
32284 257301887613/250000000000
32286 10482600759/10000000000
32288 1019908151719/1000000000000
32290 510284521053/500000000000
32292 510619445353/500000000000
32294 40799229203/40000000000
32296 1046061737941/1000000000000
32298 1034550275993/1000000000000
32300 1047731944571/1000000000000
32302 1007968412053/1000000000000
32304 514857687369/500000000000
32306 42138434913/40000000000
32308 25997074601/25000000000
32310 532956376093/500000000000
32312 1034409220847/1000000000000
32314 1054227648471/1000000000000
32316 1048049880789/1000000000000
32318 2614319857/2500000000
32320 1023689026011/1000000000000
32322 515528134889/500000000000
32324 1031857547563/1000000000000
32326 260859103717/250000000000
32328 31942433109/31250000000
32330 1002520131227/1000000000000
32332 1019830774389/1000000000000
32334 1010452260223/1000000000000
32336 1051925320327/1000000000000
32338 1056544912563/1000000000000
32344 254902075219/250000000000
32346 127481074951/125000000000
32352 10183990137/10000000000
32354 1028564139337/1000000000000
32360 128513210739/125000000000
32362 1036463571029/1000000000000
32368 1031288701201/1000000000000
32370 511487340663/500000000000
32372 25605232407/25000000000
32374 2561675249/2500000000
32376 1023427962807/1000000000000
32378 1037183799277/1000000000000
32380 508946167633/500000000000
32382 1028939141419/1000000000000
32384 25545936649/25000000000
32386 204540803379/200000000000
32388 65130262973/62500000000
32390 207400397759/200000000000
32392 130956532727/125000000000
32394 1039123766067/1000000000000
32396 205200252301/200000000000
32398 1032515754877/1000000000000
32400 510719698127/500000000000
32402 522202562261/500000000000
32468 101542282803/100000000000
32470 1001599166681/1000000000000
32472 1012375449767/1000000000000
32474 999964807271/1000000000000
32476 1023980216817/1000000000000
32478 206451659203/200000000000
32480 202898704191/200000000000
32482 32897943059/31250000000
32484 1002662982797/1000000000000
32486 205324194059/200000000000
32488 103275262761/100000000000
32490 1053601392099/1000000000000
32492 206741491623/200000000000
32494 126954500077/125000000000
32496 1026672130227/1000000000000
32498 1016925013919/1000000000000
32500 512309635797/500000000000
32502 252924244099/250000000000
32504 1019485462363/1000000000000
32506 508365818907/500000000000
32508 1018277642119/1000000000000
32510 517206126479/500000000000
32512 206202005397/200000000000
32514 207707001619/200000000000
32516 1001704153269/1000000000000
32518 505415935671/500000000000
32520 40605190091/40000000000
32522 1027557286799/1000000000000
32524 1003597357987/1000000000000
32526 1013120914491/1000000000000
32528 12517387289/12500000000
32530 203311472639/200000000000
32532 204476966469/200000000000
32534 200302407063/200000000000
32536 1026910301409/1000000000000
32538 1032703001001/1000000000000
32540 104791382519/100000000000
32542 522283895971/500000000000
32544 128059950247/125000000000
32546 528557633079/500000000000
32548 103565800201/100000000000
32550 52479641691/50000000000
32552 25755481293/25000000000
32554 206759811681/200000000000
32556 512108416623/500000000000
32558 20627325481/20000000000
32560 1018923629063/1000000000000
32562 102705196293/100000000000
32564 41053299023/40000000000
32566 102347682847/100000000000
32568 256027533081/250000000000
32570 1005368605471/1000000000000
32572 501600789159/500000000000
32574 25102017543/25000000000
32576 1000975352897/1000000000000
32578 521849077657/500000000000
32580 1024004872967/1000000000000
32582 1044422465601/1000000000000
32584 1023225570151/1000000000000
32586 41213958683/40000000000
32588 1007255840337/1000000000000
32590 1030041314931/1000000000000
32592 25205961563/25000000000
32594 1018077003081/1000000000000
32596 1022888828377/1000000000000
32598 1019775003937/1000000000000
32600 1022727426563/1000000000000
32602 1000247591899/1000000000000
32604 62678457153/62500000000
32606 1001081661319/1000000000000
32608 200959580769/200000000000
32610 1086423651541/1000000000000
32612 1061510408183/1000000000000
32614 269430463503/250000000000
32616 210424156729/200000000000
32618 1072023009059/1000000000000
32620 1049314013111/1000000000000
32622 26594604309/25000000000
32624 65178561503/62500000000
32626 1030652294411/1000000000000
32628 1013472900817/1000000000000
32630 256523510987/250000000000
32632 126920350231/125000000000
32634 1034841005847/1000000000000
32636 40680274559/40000000000
32638 1035576195513/1000000000000
32640 507061570821/500000000000
32642 1081478375751/1000000000000
32644 26231485871/25000000000
32646 1060552778079/1000000000000
32648 521442867297/500000000000
32650 1054701273107/1000000000000
32652 104043686079/100000000000
32654 65349583493/62500000000
32656 257471187373/250000000000
32658 513496193069/500000000000
32660 15940667431/15625000000
32662 20563713249/20000000000
32664 50880535047/50000000000
32666 1033174476479/1000000000000
32668 1006541997527/1000000000000
32670 254372854501/250000000000
32672 1003130214813/1000000000000
32676 1067311482599/1000000000000
32678 1052374164707/1000000000000
32684 511459897353/500000000000
32686 514246423489/500000000000
32692 208604872343/200000000000
32694 6423947709/6250000000
32700 1023759672389/1000000000000
32702 1027550674161/1000000000000
32704 211057881409/200000000000
32706 66956689247/62500000000
32708 531438656949/500000000000
32710 1054031686221/1000000000000
32712 1067403800337/1000000000000
32714 105460654443/100000000000
32716 1050051871051/1000000000000
32718 254546319919/250000000000
32720 1040122646899/1000000000000
32722 126841186763/125000000000
32724 1041057728329/1000000000000
32726 1024237687431/1000000000000
32728 41624899/40000000
32730 1023649417507/1000000000000
32794 1048035316007/1000000000000
32796 1051387664253/1000000000000
32798 520187702323/500000000000
32800 520082557393/500000000000
32802 531253291341/500000000000
32804 5261756597/5000000000
32806 1057147200813/1000000000000
32808 210825828359/200000000000
32810 517501192563/500000000000
32812 51756450721/50000000000
32814 131844138853/125000000000
32816 1057482576007/1000000000000
32818 510835273053/500000000000
32820 42140227991/40000000000
32822 256733903639/250000000000
32824 1066324764011/1000000000000
32826 1013358547451/1000000000000
32828 106279870883/100000000000
32830 25505457879/25000000000
32832 532194683219/500000000000
32834 107184876893/100000000000
32836 1080999584747/1000000000000
32838 1071569230533/1000000000000
32840 537262268271/500000000000
32842 271715920813/250000000000
32844 269794247997/250000000000
32846 210113457317/200000000000
32848 532736254573/500000000000
32850 523970235333/500000000000
32852 263605640893/250000000000
32854 265488488773/250000000000
32856 526578473429/500000000000
32858 16691781647/15625000000
32860 534178586703/500000000000
32862 66199314031/62500000000
32864 1064224841559/1000000000000
32866 213845264307/200000000000
32868 42765857643/40000000000
32870 510034828761/500000000000
32872 101508524397/100000000000
32874 505449457831/500000000000
32876 15792123533/15625000000
32878 126813045637/125000000000
32880 510959899577/500000000000
32882 252550524633/250000000000
32884 1023037290987/1000000000000
32886 1030332114801/1000000000000
32888 170230519/160000000
32890 521932207763/500000000000
32892 1070909744609/1000000000000
32894 1042448119367/1000000000000
32896 1083244203513/1000000000000
32898 527113109981/500000000000
32900 126538178491/125000000000
32902 1008984674721/1000000000000
32904 1013127422173/1000000000000
32906 64455594891/62500000000
32908 1006004468293/1000000000000
32910 1015397074583/1000000000000
32912 252008430993/250000000000
32914 1032698322831/1000000000000
32916 1042505490509/1000000000000
32918 211928255837/200000000000
32920 1067513441277/1000000000000
32922 1067249204243/1000000000000
32924 1068760196809/1000000000000
32926 1085190839357/1000000000000
32928 1070406406979/1000000000000
32930 1045729632699/1000000000000
32932 1055850072419/1000000000000
32934 523328184181/500000000000
32936 16607688707/15625000000
32938 1057088591391/1000000000000
32940 1052817446453/1000000000000
32942 1035159425067/1000000000000
32944 1044645276947/1000000000000
32946 1052515423809/1000000000000
32948 516413958499/500000000000
32950 261834236597/250000000000
32952 515532293923/500000000000
32954 103143278099/100000000000
32956 256533102981/250000000000
32958 1040710625563/1000000000000
32960 263258616789/250000000000
32962 521309828867/500000000000
32964 208547776409/200000000000
32966 205528471003/200000000000
32968 522026273239/500000000000
32970 1019174966843/1000000000000
32972 1024586929639/1000000000000
32974 1021014024369/1000000000000
32976 1031595123841/1000000000000
32978 129569235729/125000000000
32980 514093171449/500000000000
32982 208845526799/200000000000
32984 254693917291/250000000000
32986 131822695591/125000000000
32988 1021003036633/1000000000000
32990 212660785123/200000000000
32992 271914825589/250000000000
32994 266188552963/250000000000
32996 1075231192639/1000000000000
32998 53036474921/50000000000
33000 1073041059897/1000000000000
33002 66543936387/62500000000
33004 260785435263/250000000000
33006 515593696691/500000000000
33008 130609264887/125000000000
33010 129228178831/125000000000
33012 1031648560241/1000000000000
33014 254228434703/250000000000
33016 128855344441/125000000000
33018 1018110821217/1000000000000
33020 212439286701/200000000000
33022 1081624388377/1000000000000
33024 528030823143/500000000000
33026 1087218115721/1000000000000
33028 53333352159/50000000000
33030 1071055757513/1000000000000
33032 266399055333/250000000000
33034 536560622189/500000000000
33036 1052096552417/1000000000000
33038 1057771465063/1000000000000
33040 1060200931333/1000000000000
33042 517839695177/500000000000
33044 512059655107/500000000000
33046 1036780754319/1000000000000
33048 1029109418743/1000000000000
33050 2719068481/2500000000
33052 540714793971/500000000000
33054 1059199587269/1000000000000
33056 1049642958209/1000000000000
33058 1028131056793/1000000000000
33060 127689562243/125000000000
33062 1046957854277/1000000000000
33064 128134723233/125000000000
33066 1049038330629/1000000000000
33068 256957324211/250000000000
33070 1087903556723/1000000000000
33072 1058847496073/1000000000000
33074 530284721051/500000000000
33076 26405410901/25000000000
33078 1029267147537/1000000000000
33080 262017932857/250000000000
33082 1030853681491/1000000000000
33084 41519603957/40000000000
33086 1016005313893/1000000000000
33088 257702790899/250000000000
33090 1016886538199/1000000000000
33094 543532582427/500000000000
33098 261163842979/250000000000
33100 127253218947/125000000000
33106 1052637044209/1000000000000
33108 1022191128597/1000000000000
33110 222096778267/200000000000
33112 1078459059521/1000000000000
33114 1074837273911/1000000000000
33116 1055213981933/1000000000000
33118 510200519287/500000000000
33120 511607333739/500000000000
33122 131369318909/125000000000
33124 1024330138127/1000000000000
33126 52270217739/50000000000
33128 205379461951/200000000000
33162 1003078694787/1000000000000
33164 1042074403473/1000000000000
33166 62526802351/62500000000
33168 1003303406309/1000000000000
33170 1039566339721/1000000000000
33172 1003473084051/1000000000000
33174 1003303406309/1000000000000
33176 1037743991033/1000000000000
33178 1004498684051/1000000000000
33180 1000278991369/1000000000000
33182 516315398901/500000000000
33184 501237245819/500000000000
33186 500499639497/500000000000
33188 255996596597/250000000000
33190 62701994631/62500000000
33192 500499639497/500000000000
33194 101262016207/100000000000
33196 62701994631/62500000000
33198 500139507261/500000000000
33200 201498521483/200000000000
33202 40127075493/40000000000
33204 500075307091/500000000000
33206 503381545169/500000000000
33208 1000032962181/1000000000000
33210 250132564577/250000000000
33212 503219529339/500000000000
33214 250132564577/250000000000
33216 503219529339/500000000000
33218 250132564577/250000000000
33220 1002181691891/1000000000000
33222 1000741642641/1000000000000
33224 1007642896379/1000000000000
33226 502136179339/500000000000
33228 1000741642641/1000000000000
33230 510309261849/500000000000
33232 1001863311757/1000000000000
33234 1000741642641/1000000000000
33236 4105374497/4000000000
33238 1001863311757/1000000000000
33240 200302859353/200000000000
33242 129692982997/125000000000
33244 1001863311757/1000000000000
33246 250000983949/250000000000
33248 1048839072611/1000000000000
33250 200770222931/200000000000
33252 1000320907259/1000000000000
33254 1051278968887/1000000000000
33256 1002028765967/1000000000000
33258 1003078694787/1000000000000
33260 42141628481/40000000000
33262 209715527143/200000000000
33264 522488918987/500000000000
33266 1042464244459/1000000000000
33268 1031644435869/1000000000000
33270 1026375581869/1000000000000
33272 256332425549/250000000000
33274 102025180537/100000000000
33276 1075918133797/1000000000000
33278 251003480069/250000000000
33280 6263678773/6250000000
33282 1072702180103/1000000000000
33284 1002181691891/1000000000000
33286 505119752419/500000000000
33288 1083621445573/1000000000000
33290 1080534449049/1000000000000
33292 108787665663/100000000000
33294 66432655299/62500000000
33296 33023214403/31250000000
33298 526082527377/500000000000
33300 1002873990661/1000000000000
33302 1004093450931/1000000000000
33304 1004093450931/1000000000000
33306 1004093450931/1000000000000
33308 250269001357/250000000000
33310 250269001357/250000000000
33312 503328301389/500000000000
33314 503328301389/500000000000
33316 1006635672831/1000000000000
33318 1002447641739/1000000000000
33320 200656587089/200000000000
33322 1000176097953/1000000000000
33324 271487865557/250000000000
33326 1003001359283/1000000000000
33328 1000176097953/1000000000000
33330 21564739627/20000000000
33332 1003001359283/1000000000000
33334 125261801601/125000000000
33336 1046829613057/1000000000000
33338 216785526553/200000000000
33340 204579097233/200000000000
33342 1061866248459/1000000000000
33344 1060088305961/1000000000000
33346 528563725653/500000000000
33348 528563725653/500000000000
33350 1046070048459/1000000000000
33352 1046070048459/1000000000000
33354 1046458805961/1000000000000
33356 1037915792819/1000000000000
33358 1040082492819/1000000000000
33360 1035910067/1000000000
33362 1054618640453/1000000000000
33364 1049831086191/1000000000000
33366 107267575657/100000000000
33368 26647849057/25000000000
33370 1055501341821/1000000000000
33372 526545329951/500000000000
33374 131306445827/125000000000
33376 262492522219/250000000000
33378 517699362451/500000000000
33380 257977520211/250000000000
33382 562709894063/500000000000
33384 1124776514581/1000000000000
33386 1085270385311/1000000000000
33388 1083686430451/1000000000000
33390 1104771446679/1000000000000
33392 269537982869/250000000000
33394 1138188084449/1000000000000
33396 1129518511899/1000000000000
33398 1104422011331/1000000000000
33400 275294514773/250000000000
33402 139086829947/125000000000
33404 223968448501/200000000000
33406 1089874030001/1000000000000
33408 545547170633/500000000000
33410 291840272957/250000000000
33412 231826091791/200000000000
33414 72102061313/62500000000
33416 283711142021/250000000000
33418 284213222077/250000000000
33420 556686925737/500000000000
33422 1119735132473/1000000000000
33424 548262239863/500000000000
33426 231645977677/200000000000
33428 117128803101/100000000000
33430 46402169641/40000000000
33432 286737465147/250000000000
33434 284424798343/250000000000
33436 1153391664129/1000000000000
33438 577797412863/500000000000
33440 1125201859751/1000000000000
33442 141596125707/125000000000
33444 1183777348361/1000000000000
33446 1186324171863/1000000000000
33448 1188154840943/1000000000000
33450 587162937207/500000000000
33452 292087255797/250000000000
33454 1164505008243/1000000000000
33456 1208542078249/1000000000000
33458 585174840709/500000000000
33460 1194869523771/1000000000000
33462 1136860591921/1000000000000
33464 146783045187/125000000000
33466 1163506808061/1000000000000
33468 293226584921/250000000000
33470 594813970293/500000000000
33472 1172507536603/1000000000000
33474 1184382936603/1000000000000
33476 1139867163773/1000000000000
33478 1194025139593/1000000000000
33480 573840402261/500000000000
33482 1209349197603/1000000000000
33484 45056992787/40000000000
33486 594443197671/500000000000
33488 57775035177/50000000000
33490 117677765011/100000000000
33492 561580223743/500000000000
33498 303767934481/250000000000
33500 48155772393/40000000000
33502 146148249087/125000000000
33504 1210633290989/1000000000000
33506 1186225804943/1000000000000
33508 311945988257/250000000000
33510 629454842669/500000000000
33512 9791105669/8000000000
33514 624268164147/500000000000
33516 1142276852503/1000000000000
33518 575326215457/500000000000
33520 295087914073/250000000000
33522 243208186363/200000000000
33524 1195422682943/1000000000000
33526 1208275483161/1000000000000
33528 105643973587/100000000000
33530 211245368983/200000000000
33532 213796531937/200000000000
33534 1060847597763/1000000000000
33536 1122897555237/1000000000000
33538 106160325199/100000000000
33540 536157929067/500000000000
33542 16143567243/15625000000
33544 1050771063437/1000000000000
33546 129665249077/125000000000
33548 1050679371023/1000000000000
33550 1103536554837/1000000000000
33552 52574798273/50000000000
33554 1055523066259/1000000000000
33556 1046555288193/1000000000000
33558 277205485127/250000000000
33560 265311353189/250000000000
33562 133748847347/125000000000
33564 531119735727/500000000000
33566 268014517141/250000000000
33568 1046798951029/1000000000000
33570 541769678511/500000000000
33572 532649673093/500000000000
33574 21942220981/20000000000
33576 1013605608301/1000000000000
33578 130745273063/125000000000
33580 505245999007/500000000000
33582 527109795737/500000000000
33584 1063186753907/1000000000000
33586 1064792347133/1000000000000
33588 1080750784191/1000000000000
33590 1030365132981/1000000000000
33592 1027681050647/1000000000000
33594 1034189281737/1000000000000
33596 260644306059/250000000000
33598 1059768963019/1000000000000
33600 66561626161/62500000000
33602 269747289003/250000000000
33604 256836728961/250000000000
33606 266543153379/250000000000
33608 1038301847913/1000000000000
33610 1060151214219/1000000000000
33612 1093237475883/1000000000000
33614 1059767163917/1000000000000
33616 6476439009/6250000000
33618 104101084599/100000000000
33620 1040268208139/1000000000000
33622 1047544640943/1000000000000
33624 1069244972037/1000000000000
33626 1092388435689/1000000000000
33632 254520327703/250000000000
33634 1002386584973/1000000000000
33640 105495436439/100000000000
33642 134833294423/125000000000
33648 102878555771/100000000000
33650 532397321829/500000000000
33654 1081975400943/1000000000000
33656 1034640041531/1000000000000
33658 1011933416369/1000000000000
33660 257613678657/250000000000
33662 509330162713/500000000000
33664 1051769946999/1000000000000
33666 1065268266369/1000000000000
33668 32973286927/31250000000
33670 265780839867/250000000000
33672 505381804271/500000000000
33674 504419232981/500000000000
33676 1019637643243/1000000000000
33678 1052403913071/1000000000000
33680 1087334805601/1000000000000
33682 271201228783/250000000000
33726 575165252987/500000000000
33728 58075178837/50000000000
33730 232457666697/200000000000
33732 581833229069/500000000000
33734 1187854328831/1000000000000
33736 14759092509/12500000000
33738 1201415706367/1000000000000
33740 75101673173/62500000000
33742 77038481501/62500000000
33744 69950173933/62500000000
33746 143457540043/125000000000
33748 1173556162109/1000000000000
33750 1131524945663/1000000000000
33752 287269898631/250000000000
33754 1165862744279/1000000000000
33756 1187655590879/1000000000000
33758 1066593488603/1000000000000
33760 1047023133907/1000000000000
33762 10709991563/10000000000
33764 1069665372659/1000000000000
33766 1015827720507/1000000000000
33768 508787275367/500000000000
33770 514344266779/500000000000
33772 1020331510257/1000000000000
33774 1094633237681/1000000000000
33776 220519678617/200000000000
33778 534695728671/500000000000
33780 519423596499/500000000000
33782 258024371529/250000000000
33784 1047391521441/1000000000000
33786 1043957353323/1000000000000
33788 8072032529/7812500000
33790 105008621203/100000000000
33792 104191255311/100000000000
33794 512252279247/500000000000
33796 62555804747/62500000000
33798 1039011004413/1000000000000
33800 31693547171/31250000000
33802 1019431000581/1000000000000
33804 200159976189/200000000000
33806 1021291142943/1000000000000
33808 100041722107/100000000000
33810 1005048765801/1000000000000
33812 201039650983/200000000000
33814 125183644751/125000000000
33816 255332892867/250000000000
33818 211294289199/200000000000
33820 523992573839/500000000000
33822 133461887091/125000000000
33824 1048666579569/1000000000000
33826 131968368897/125000000000
33828 130360966027/125000000000
33830 1022732864271/1000000000000
33832 501780665521/500000000000
33834 127530350261/125000000000
33836 250996828511/250000000000
33838 503291905079/500000000000
33840 1022058275041/1000000000000
33842 6329238227/6250000000
33844 1029830565141/1000000000000
33846 102827656969/100000000000
33848 1024574132069/1000000000000
33850 257763996973/250000000000
33852 256238691297/250000000000
33854 63509756939/62500000000
33856 100873984579/100000000000
33858 508970928947/500000000000
33860 1011665428247/1000000000000
33862 503533436453/500000000000
33864 1003936308307/1000000000000
33866 505659861279/500000000000
33868 201131039893/200000000000
33870 125156087491/125000000000
33872 515185930983/500000000000
33874 40117745147/40000000000
33876 1020784018731/1000000000000
33878 516372445509/500000000000
33880 512768977107/500000000000
33882 1039380351757/1000000000000
33884 1029200043379/1000000000000
33886 1019764366481/1000000000000
33888 12631296077/12500000000
33890 1020528549963/1000000000000
33892 1009112607961/1000000000000
33894 505900743793/500000000000
33896 1000512495461/1000000000000
33898 63537836309/62500000000
33900 125551560221/125000000000
33902 8018687887/8000000000
33904 1013206592921/1000000000000
33906 1004358300257/1000000000000
33908 505617607409/500000000000
33914 203788306369/200000000000
33916 204355470759/200000000000
33922 101682639461/100000000000
33924 1009665591393/1000000000000
33930 1013011930931/1000000000000
33932 1008077488789/1000000000000
33938 256774938887/250000000000
33940 1009046570417/1000000000000
33942 102323056887/100000000000
33944 255470780569/250000000000
33946 204649625641/200000000000
33948 2043450997/2000000000
33950 1018688890823/1000000000000
33952 506615609661/500000000000
33954 1019078459551/1000000000000
33956 31653587353/31250000000
33958 1009544488351/1000000000000
33960 100967318889/100000000000
33962 1009806243731/1000000000000
33964 1007618873251/1000000000000
33966 1013248649993/1000000000000
33968 254437211087/250000000000
33970 126109305029/125000000000
33972 25898389359/25000000000
34038 71316074181/62500000000
34040 45108300423/40000000000
34042 230513268683/200000000000
34044 582080150913/500000000000
34046 1188100887373/1000000000000
34048 1152172396581/1000000000000
34050 578041199251/500000000000
34052 235469495811/200000000000
34054 149842453883/125000000000
34056 258423793727/250000000000
34058 514753483107/500000000000
34060 1056566640109/1000000000000
34062 503594169519/500000000000
34064 500501382789/500000000000
34066 40603181749/40000000000
34068 109810876651/100000000000
34070 557975886123/500000000000
34072 1136978317447/1000000000000
34074 1754194413/1562500000
34076 1060759740093/1000000000000
34078 1061553421867/1000000000000
34080 261991775777/250000000000
34082 1050665579903/1000000000000
34084 1070137937847/1000000000000
34086 528818533557/500000000000
34088 1072026302549/1000000000000
34090 1032128147569/1000000000000
34092 40680523211/40000000000
34094 511110481613/500000000000
34096 252186699607/250000000000
34098 64280885787/62500000000
34100 3959851181/3906250000
34102 41233923123/40000000000
34104 511126425259/500000000000
34106 1041288286411/1000000000000
34108 1039194769297/1000000000000
34110 208132245579/200000000000
34112 12860471661/12500000000
34114 1103696329379/1000000000000
34116 25315343761/25000000000
34118 1004269374277/1000000000000
34120 1006695846387/1000000000000
34122 31251250973/31250000000
34124 513240981911/500000000000
34126 1100293579609/1000000000000
34128 209961805157/200000000000
34130 135204150927/125000000000
34132 219731660179/200000000000
34134 1074621045347/1000000000000
34136 216695616987/200000000000
34138 532864260997/500000000000
34140 1059512916841/1000000000000
34142 1065942562107/1000000000000
34144 133112666163/125000000000
34146 53420198747/50000000000
34148 1085215283823/1000000000000
34150 52966578381/50000000000
34152 1037338442109/1000000000000
34154 502966102713/500000000000
34156 207579186169/200000000000
34158 1002502482507/1000000000000
34160 535130858561/500000000000
34162 214213166641/200000000000
34164 1066258003733/1000000000000
34166 530934479653/500000000000
34168 1062042787059/1000000000000
34170 66203130923/62500000000
34172 531103179833/500000000000
34174 42356904343/40000000000
34176 1072281075689/1000000000000
34178 1680347189/1600000000
34180 521916259991/500000000000
34182 206599040011/200000000000
34184 1032377012977/1000000000000
34186 503351251153/500000000000
34188 1031841778577/1000000000000
34190 506342545119/500000000000
34192 1062675869873/1000000000000
34194 1064547615843/1000000000000
34196 1069485401427/1000000000000
34198 1046767016139/1000000000000
34200 1078535845099/1000000000000
34202 210255632967/200000000000
34204 1038830076597/1000000000000
34206 104609578543/100000000000
34208 1030860947519/1000000000000
34210 1108575230273/1000000000000
34212 215755895621/200000000000
34214 1059056898683/1000000000000
34216 523243475677/500000000000
34218 530084775889/500000000000
34220 1073554245417/1000000000000
34222 1069705686481/1000000000000
34224 260835804957/250000000000
34226 128944588111/125000000000
34228 1002367365803/1000000000000
34230 1032563183133/1000000000000
34232 1000546670547/1000000000000
34234 1077949569191/1000000000000
34236 261679032083/250000000000
34238 522342118793/500000000000
34240 1051084880697/1000000000000
34242 1044927479219/1000000000000
34244 270224968353/250000000000
34246 105056293837/100000000000
34248 262624793699/250000000000
34250 132159890811/125000000000
34252 523942055591/500000000000
34254 1056521330271/1000000000000
34256 1055104342753/1000000000000
34258 265088758561/250000000000
34260 1061990140703/1000000000000
34262 532582886247/500000000000
34264 105885157049/100000000000
34266 1040609183213/1000000000000
34268 526400647151/500000000000
34270 1041979323963/1000000000000
34276 10706810159/10000000000
34282 1023208540851/1000000000000
34284 1025959224763/1000000000000
34290 543433231937/500000000000
34296 1051423314981/1000000000000
34298 523365269837/500000000000
34300 535067566839/500000000000
34302 1043506366307/1000000000000
34304 261947247099/250000000000
34306 105133403253/100000000000
34308 522275691783/500000000000
34310 1075272403513/1000000000000
34312 263759228817/250000000000
34314 1053944454183/1000000000000
34316 523468040789/500000000000
34318 42228287773/40000000000
34370 1011720113423/1000000000000
34372 1000351669603/1000000000000
34374 1003033848941/1000000000000
34376 1002892146109/1000000000000
34378 128639410751/125000000000
34380 506332112701/500000000000
34382 21134615801/20000000000
34384 256500578397/250000000000
34386 1009393377781/1000000000000
34388 139609777343/125000000000
34390 54273852293/50000000000
34392 1000432057379/1000000000000
34394 1000537453959/1000000000000
34396 200272376391/200000000000
34398 1010514288759/1000000000000
34400 564381477357/500000000000
34402 571307150323/500000000000
34404 211878288487/200000000000
34406 1018785625833/1000000000000
34408 1039587391257/1000000000000
34410 1058248118671/1000000000000
34412 1030672081199/1000000000000
34414 516847186517/500000000000
34416 258783674189/250000000000
34418 513817004079/500000000000
34420 1030472886973/1000000000000
34422 511169450461/500000000000
34424 1028764604939/1000000000000
34426 125114234799/125000000000
34428 1014670146553/1000000000000
34430 200758295989/200000000000
34432 1008131718287/1000000000000
34434 500740762793/500000000000
34436 1001735925403/1000000000000
34438 199992632309/200000000000
34440 1026059704797/1000000000000
34442 255175322837/250000000000
34444 512498690749/500000000000
34446 1010102265533/1000000000000
34448 1038530802571/1000000000000
34450 1018677112977/1000000000000
34452 524940129397/500000000000
34454 511582273489/500000000000
34456 50321243069/50000000000
34458 251398861599/250000000000
34460 251158634017/250000000000
34462 1088964670997/1000000000000
34464 1007027046381/1000000000000
34466 1037545094683/1000000000000
34468 508359997803/500000000000
34470 216894381783/200000000000
34472 218260281243/200000000000
34474 1721366559/1600000000
34476 1078090778017/1000000000000
34478 1066292463301/1000000000000
34480 1081794913831/1000000000000
34482 1059118323243/1000000000000
34484 21559350623/20000000000
34486 1085721360479/1000000000000
34488 1049435053053/1000000000000
34490 67350573847/62500000000
34492 1035451966859/1000000000000
34494 1068722981789/1000000000000
34496 1041679312733/1000000000000
34498 208247360251/200000000000
34500 1023203789653/1000000000000
34502 533812275453/500000000000
34504 43068617139/40000000000
34506 1055866833393/1000000000000
34508 10707855893/10000000000
34510 2104141237/2000000000
34512 1067465743233/1000000000000
34514 260547083293/250000000000
34516 104436530761/100000000000
34518 263913965411/250000000000
34520 127595978407/125000000000
34522 41775960399/40000000000
34524 50455002143/50000000000
34526 103566116393/100000000000
34528 1013024556351/1000000000000
34530 510967131299/500000000000
34532 503678761889/500000000000
34534 1108692294139/1000000000000
34536 1098141544221/1000000000000
34538 554711676837/500000000000
34540 221685741113/200000000000
34542 552238928777/500000000000
34544 277113655521/250000000000
34546 1092974717807/1000000000000
34548 551302216087/500000000000
34550 1095120984179/1000000000000
34552 1089625181159/1000000000000
34554 221784970321/200000000000
34556 1105179484911/1000000000000
34558 1092247299103/1000000000000
34560 546437371411/500000000000
34562 540187397539/500000000000
34564 541382585551/500000000000
34566 2156239397/1953125000
34568 1108680207623/1000000000000
34570 273569563571/250000000000
34572 1103269967951/1000000000000
34574 1092876284627/1000000000000
34576 541237469113/500000000000
34578 1085243861943/1000000000000
34580 1073944802213/1000000000000
34582 554981465271/500000000000
34584 34035936761/31250000000
34586 1096060077911/1000000000000
34588 1059637594929/1000000000000
34590 44204379219/40000000000
34592 1114666298967/1000000000000
34594 1110712164491/1000000000000
34596 138951394557/125000000000
34598 557486754517/500000000000
34600 1109715421989/1000000000000
34602 1113206952333/1000000000000
34604 1099022109657/1000000000000
34606 55380773543/50000000000
34608 222470122381/200000000000
34610 1121295976147/1000000000000
34612 1120937314383/1000000000000
34614 556427710171/500000000000
34616 11247915247/10000000000
34626 1038749301639/1000000000000
34628 25972045003/25000000000
34630 1033710131381/1000000000000
34632 206534091063/200000000000
34634 504455870693/500000000000
34636 1000599867767/1000000000000
34638 62504282491/62500000000
34640 40013697403/40000000000
34642 100066465479/100000000000
34644 500090662629/500000000000
34646 507999110379/500000000000
34648 1000910820477/1000000000000
34650 253497805597/250000000000
34652 1028111248209/1000000000000
34654 1023644402953/1000000000000
34656 500117867129/500000000000
34658 500007481729/500000000000
34660 202202260131/200000000000
34662 500674944493/500000000000
34664 1004204116119/1000000000000
34666 251946044529/250000000000
34668 506851437757/500000000000
34670 1022514663201/1000000000000
34672 1023239991353/1000000000000
34674 1021446807183/1000000000000
34676 1020691681713/1000000000000
34678 128590585983/125000000000
34680 1032855348523/1000000000000
34682 1026798500943/1000000000000
34684 16145720649/15625000000
34686 515695476811/500000000000
34688 1004547992797/1000000000000
34690 1012113753081/1000000000000
34692 1000156541669/1000000000000
34694 127855986061/125000000000
34696 502145520337/500000000000
34698 506894861031/500000000000
34700 3912452527/3906250000
34702 203330972931/200000000000
34704 1017788254951/1000000000000
34706 1016018123041/1000000000000
34708 201449131591/200000000000
34710 101612692001/100000000000
34712 1024886982547/1000000000000
34714 1017050427399/1000000000000
34716 126112821671/125000000000
34718 199991522147/200000000000
34720 999957051271/1000000000000
34722 39999977531/40000000000
34724 252201908271/250000000000
34726 502045037539/500000000000
34728 1000026349487/1000000000000
34730 1002510003337/1000000000000
34732 1030425722701/1000000000000
34734 509808944627/500000000000
34736 1023752767923/1000000000000
34738 1024851591269/1000000000000
34740 8396997351/8000000000
34742 209830482513/200000000000
34744 519861207733/500000000000
34746 260334704579/250000000000
34748 511384025091/500000000000
34750 1023817868517/1000000000000
34752 1019011282021/1000000000000
34754 515072329577/500000000000
34756 263541126933/250000000000
34758 263491810587/250000000000
34760 1045951027229/1000000000000
34762 41861045839/40000000000
34764 204292278493/200000000000
34766 1019841906219/1000000000000
34768 1020319377331/1000000000000
34770 254339780573/250000000000
34772 51803523301/50000000000
34774 129597253679/125000000000
34776 1033376551721/1000000000000
34778 1037752478911/1000000000000
34780 1028249918053/1000000000000
34782 516085134371/500000000000
34784 1024679605411/1000000000000
34786 100502236749/100000000000
34788 524127776073/500000000000
34790 512535229997/500000000000
34792 1048269764903/1000000000000
34794 203560418653/200000000000
34796 42170641239/40000000000
34798 64725276761/62500000000
34800 1042932912429/1000000000000
34802 1023517977001/1000000000000
34804 269422237373/250000000000
34806 538843214511/500000000000
34808 534133835681/500000000000
34810 26797603279/25000000000
34812 1027661319181/1000000000000
34814 508840723617/500000000000
34816 512090201459/500000000000
34818 508487528173/500000000000
34820 1075596382241/1000000000000
34822 211858755181/200000000000
34824 8347499037/7812500000
34826 531056679191/500000000000
34828 519612220813/500000000000
34830 1023481061431/1000000000000
34832 129303667699/125000000000
34834 1016878935803/1000000000000
34836 132783385313/125000000000
34838 212897438593/200000000000
34840 1053028871361/1000000000000
34842 1054278915151/1000000000000
34844 509743665863/500000000000
34846 127996548367/125000000000
34848 203561660513/200000000000
34850 255453973107/250000000000
34852 53524265167/50000000000
34854 212489959799/200000000000
34856 1061549957031/1000000000000
34858 264107935059/250000000000
34860 271323171491/250000000000
34862 537800442033/500000000000
34864 1071455318127/1000000000000
34866 1069151885009/1000000000000
34868 1107173588081/1000000000000
34870 13798462213/12500000000
34872 549973877207/500000000000
34874 552872433887/500000000000
34876 1073296474799/1000000000000
34878 1065461554177/1000000000000
34880 1070590634693/1000000000000
34882 210560017343/200000000000
34884 1109283959411/1000000000000
34886 21737425777/20000000000
34888 16917721543/15625000000
34890 53482332467/50000000000
34892 1055842644139/1000000000000
34894 105973792869/100000000000
34896 1050548403693/1000000000000
34898 109461592177/100000000000
34900 550968227233/500000000000
34902 138438936459/125000000000
34904 65577061577/62500000000
34906 206588499659/200000000000
34908 516588605837/500000000000
34910 513435577237/500000000000
34912 215809749029/200000000000
34914 21494305753/20000000000
34916 1077145483153/1000000000000
34918 535445789551/500000000000
34920 273191195877/250000000000
34922 272696811791/250000000000
34924 1126946808321/1000000000000
34926 1112735788879/1000000000000
34928 56598578381/50000000000
34930 1133216778439/1000000000000
34932 1133541476123/1000000000000
34934 552421365299/500000000000
34936 535998293657/500000000000
34938 268655732599/250000000000
34940 140641002653/125000000000
34942 1123812463133/1000000000000
34944 551334665607/500000000000
34946 558081560517/500000000000
34948 1098471331039/1000000000000
34950 1118914371591/1000000000000
34952 112126543653/100000000000
34954 1117032573433/1000000000000
34956 559829425927/500000000000
34958 541805928987/500000000000
34960 1078380291321/1000000000000
34962 1080351066863/1000000000000
34964 1081750328753/1000000000000
34966 1107988103901/1000000000000
34972 280327947607/250000000000
34978 219615107001/200000000000
34980 221163574807/200000000000
34982 221113065551/200000000000
34984 275398355471/250000000000
34986 1098487322797/1000000000000
34988 566733184861/500000000000
34990 1132558605681/1000000000000
34992 110248997929/100000000000
34994 1756150013/1600000000
34996 1105987346969/1000000000000
35012 41854636973/40000000000
35014 524522432131/500000000000
35016 1041239100877/1000000000000
35018 261310458729/250000000000
35020 521317263141/500000000000
35022 1044335466479/1000000000000
35024 259485536613/250000000000
35026 1039120110661/1000000000000
35028 6497753999/6250000000
35030 1036876505767/1000000000000
35032 1030138801629/1000000000000
35034 1027264442353/1000000000000
35036 130879664669/125000000000
35038 8224230397/7812500000
35040 1047138901777/1000000000000
35042 210847546493/200000000000
35044 261620610957/250000000000
35046 262444427729/250000000000
35048 528229932687/500000000000
35050 265561356901/250000000000
35052 65877587083/62500000000
35054 1062593882329/1000000000000
35056 526362672157/500000000000
35058 1051800145689/1000000000000
35060 527125511719/500000000000
35062 1064254701541/1000000000000
35064 511179627349/500000000000
35066 1050723849421/1000000000000
35068 1054493467577/1000000000000
35070 65483057851/62500000000
35072 1051222482023/1000000000000
35074 209827665217/200000000000
35076 1051931425189/1000000000000
35078 1047527595069/1000000000000
35080 262556051111/250000000000
35082 66028925727/62500000000
35084 262850168933/250000000000
35086 209736077013/200000000000
35088 52130139087/50000000000
35090 1009071316923/1000000000000
35092 1013019671471/1000000000000
35094 1016826860067/1000000000000
35096 1023576031819/1000000000000
35098 1010247692811/1000000000000
35100 504647569313/500000000000
35102 202189442203/200000000000
35104 1007890458551/1000000000000
35106 253850883801/250000000000
35108 127476168849/125000000000
35110 205534987153/200000000000
35112 1034535624613/1000000000000
35114 202049755083/200000000000
35116 126433036549/125000000000
35118 1006023088971/1000000000000
35120 50357574847/50000000000
35122 1030153741471/1000000000000
35124 259527847093/250000000000
35126 42023276991/40000000000
35128 412790017/390625000
35130 508449834249/500000000000
35132 1012622033911/1000000000000
35134 1016806902359/1000000000000
35136 254061202947/250000000000
35138 1042359304127/1000000000000
35140 1049976675167/1000000000000
35142 264450598399/250000000000
35144 534170591361/500000000000
35146 203054618019/200000000000
35148 1021075497001/1000000000000
35150 127539415213/125000000000
35152 3964455969/3906250000
35154 503329896467/500000000000
35156 1007262370877/1000000000000
35158 251809941191/250000000000
35160 100702380521/100000000000
35162 64223902029/62500000000
35164 1013356027779/1000000000000
35166 51049456653/50000000000
35168 1008226424893/1000000000000
35170 125506407831/125000000000
35172 1006266369187/1000000000000
35174 12530261299/12500000000
35176 1003899727351/1000000000000
35178 126768801731/125000000000
35180 1016464260181/1000000000000
35182 1005108623333/1000000000000
35184 1012707900123/1000000000000
35186 1005433551697/1000000000000
35188 251867674223/250000000000
35190 1004841463803/1000000000000
35192 50375417769/50000000000
35194 507789215051/500000000000
35196 252836557013/250000000000
35198 126018277011/125000000000
35200 20140725749/20000000000
35202 1002569881909/1000000000000
35204 1003799724121/1000000000000
35206 1002933718201/1000000000000
35208 504730266461/500000000000
35210 1007593792717/1000000000000
35212 253482888821/250000000000
35214 503350545761/500000000000
35216 1013149086923/1000000000000
35218 101595526471/100000000000
35220 508826665401/500000000000
35222 1006234399803/1000000000000
35224 25235812253/25000000000
35226 1063901740813/1000000000000
35228 1043347890667/1000000000000
35230 532452397273/500000000000
35232 1043775390691/1000000000000
35234 509478391957/500000000000
35236 1017283966923/1000000000000
35238 50731165653/50000000000
35240 1016829508219/1000000000000
35242 65063524349/62500000000
35244 206112609673/200000000000
35246 1030741351081/1000000000000
35248 204402123199/200000000000
35250 1008121568821/1000000000000
35252 503447725811/500000000000
35254 1006846399127/1000000000000
35256 1004226501549/1000000000000
35258 525131714733/500000000000
35260 1029924548999/1000000000000
35262 259284289957/250000000000
35264 205516097551/200000000000
35266 1010406012899/1000000000000
35268 1014080666149/1000000000000
35270 502123336923/500000000000
35272 40423040757/40000000000
35274 102230620331/100000000000
35276 15885648371/15625000000
35278 255115597737/250000000000
35280 507636421839/500000000000
35282 1033413242969/1000000000000
35284 515480411393/500000000000
35286 514325037247/500000000000
35288 515711698473/500000000000
35290 107407375649/100000000000
35292 107353192621/100000000000
35294 213992078801/200000000000
35296 1066530998709/1000000000000
35298 255483592981/250000000000
35300 1020565934217/1000000000000
35302 127380047547/125000000000
35304 63745558791/62500000000
35306 535734770701/500000000000
35308 265166253139/250000000000
35310 1068565231119/1000000000000
35312 1060794411719/1000000000000
35314 1028681215083/1000000000000
35316 512994410273/500000000000
35318 204033472549/200000000000
35320 1024694157833/1000000000000
35322 265832688981/250000000000
35324 529045651909/500000000000
35326 1068102217041/1000000000000
35328 1048899874029/1000000000000
35330 1019060691029/1000000000000
35332 253347763377/250000000000
35334 40807594621/40000000000
35336 1014192051593/1000000000000
35338 212192027869/200000000000
35340 1053090020723/1000000000000
35342 1050034468427/1000000000000
35344 1043381700791/1000000000000
35350 51914008467/50000000000
35352 1031528694767/1000000000000
35358 546598545457/500000000000
35360 1088719685107/1000000000000
35366 32018626749/31250000000
35368 1028543288491/1000000000000
35374 1083521312277/1000000000000
35376 67668349701/62500000000
35378 207697793429/200000000000
35380 1029350600753/1000000000000
35382 1033857106099/1000000000000
35384 515742788637/500000000000
35386 1090747505341/1000000000000
35388 1084961592417/1000000000000
35390 135520530859/125000000000
35392 1081753600127/1000000000000
35394 20554519757/20000000000
35396 1027186489617/1000000000000
35398 102602701649/100000000000
35400 255189243261/250000000000
35402 1078996970673/1000000000000
35404 271008193247/250000000000
35406 1071203707911/1000000000000
35408 1072136275731/1000000000000
35474 1040253817447/1000000000000
35476 520909586517/500000000000
35478 1041067849109/1000000000000
35480 1047695602049/1000000000000
35482 208763119353/200000000000
35484 4078866759/3906250000
35486 523337384669/500000000000
35488 1051811759687/1000000000000
35490 1046973474797/1000000000000
35492 265064040141/250000000000
35494 520211707713/500000000000
35496 1050726845321/1000000000000
35498 207842692723/200000000000
35500 518565245043/500000000000
35502 65394168031/62500000000
35504 1040286753921/1000000000000
35506 522414841837/500000000000
35508 1038213448089/1000000000000
35510 131503475353/125000000000
35512 129775868807/125000000000
35514 32790303379/31250000000
35516 262859253663/250000000000
35518 526950416633/500000000000
35520 209770545513/200000000000
35522 105431493141/100000000000
35524 528614004867/500000000000
35526 210350938343/200000000000
35528 534281731617/500000000000
35530 518377786129/500000000000
35532 208283512841/200000000000
35534 20809549419/20000000000
35536 522141923381/500000000000
35538 1040172469673/1000000000000
35540 209387808999/200000000000
35542 522052799479/500000000000
35544 1046169107059/1000000000000
35546 1044215106911/1000000000000
35548 1048331975373/1000000000000
35550 1049529854291/1000000000000
35552 528904754151/500000000000
35554 1051875768463/1000000000000
35556 1054182021989/1000000000000
35558 265846581053/250000000000
35560 532114771109/500000000000
35562 66104152189/62500000000
35564 529289109913/500000000000
35566 106076547411/100000000000
35568 211355986731/200000000000
35570 533425271083/500000000000
35572 106335820741/100000000000
35574 1066824669809/1000000000000
35576 1045128367649/1000000000000
35578 208818983703/200000000000
35580 1042671212991/1000000000000
35582 1045263126411/1000000000000
35584 1049384379629/1000000000000
35586 105768145599/100000000000
35588 65543447343/62500000000
35590 525890263023/500000000000
35592 1055237874649/1000000000000
35594 65886527447/62500000000
35596 1053141416361/1000000000000
35598 263480382471/250000000000
35600 1061715224091/1000000000000
35602 52966150283/50000000000
35604 1058003299527/1000000000000
35606 105973538657/100000000000
35608 212693256993/200000000000
35610 205329915471/200000000000
35612 102725173147/100000000000
35614 516155117187/500000000000
35616 1028634956167/1000000000000
35618 1033173746439/1000000000000
35620 520284686691/500000000000
35622 261547928327/250000000000
35624 1064841258319/1000000000000
35626 260709734997/250000000000
35628 3294157183/3125000000
35630 1052730876909/1000000000000
35632 1057671671831/1000000000000
35634 509526068887/500000000000
35636 128585812083/125000000000
35638 1027367020087/1000000000000
35640 1034047647117/1000000000000
35642 202406368159/200000000000
35644 1016152112239/1000000000000
35646 40655971313/40000000000
35648 1019682497301/1000000000000
35650 1034476310649/1000000000000
35652 1034292117163/1000000000000
35654 520065403353/500000000000
35656 520098267611/500000000000
35658 1014985776739/1000000000000
35660 1008948518931/1000000000000
35662 1020652091907/1000000000000
35664 254094423549/250000000000
35666 10389227611/10000000000
35668 1047497507679/1000000000000
35670 50895058677/50000000000
35672 101778423863/100000000000
35674 1023228742061/1000000000000
35676 511471042311/500000000000
35678 42116342827/40000000000
35680 1054179107811/1000000000000
35682 1025046942181/1000000000000
35684 64170918817/62500000000
35686 1032964586523/1000000000000
35688 207049914821/200000000000
35690 1008586506857/1000000000000
35692 1005208775287/1000000000000
35694 504287582847/500000000000
35696 100999036963/100000000000
35698 125137306679/125000000000
35700 250376869541/250000000000
35702 1002343346839/1000000000000
35704 1001288796217/1000000000000
35706 252422734187/250000000000
35708 1016952648269/1000000000000
35710 1016676530741/1000000000000
35712 1021615263437/1000000000000
35714 201294032681/200000000000
35716 500441977111/500000000000
35718 1007680684041/1000000000000
35720 500444094649/500000000000
35722 252532487693/250000000000
35724 253557663899/250000000000
35726 101516016681/100000000000
35728 1020485520937/1000000000000
35730 1003159055041/1000000000000
35732 503874295409/500000000000
35734 100636524351/100000000000
35736 506084727517/500000000000
35738 204372401557/200000000000
35740 256524901341/250000000000
35742 256790888617/250000000000
35744 515568832163/500000000000
35746 1009042938761/1000000000000
35748 250424895061/250000000000
35750 63138620637/62500000000
35752 251679413403/250000000000
35758 502987273107/500000000000
35760 1004503925029/1000000000000
35766 1001442539737/1000000000000
35768 1003480031661/1000000000000
35774 1002405477987/1000000000000
35776 503257104221/500000000000
35782 1005739265391/1000000000000
35784 1002459739079/1000000000000
35786 125862072919/125000000000
35788 1006298348163/1000000000000
35790 15718753359/15625000000
35792 251603143243/250000000000
35794 200453863779/200000000000
35796 200925909257/200000000000
35798 200280909307/200000000000
35800 1000906486043/1000000000000
35802 1008114353973/1000000000000
35804 504424198279/500000000000
35806 504086637421/500000000000
35808 1013254897853/1000000000000
35810 1003885365367/1000000000000
35812 250200104619/250000000000
35814 40125178561/40000000000
35816 250523365097/250000000000
35882 32935567971/31250000000
35884 530951416433/500000000000
35886 528117961091/500000000000
35888 265753736833/250000000000
35890 522427925521/500000000000
35892 41843640679/40000000000
35894 1049541128697/1000000000000
35896 528149283967/500000000000
35898 265470232711/250000000000
35900 265861687509/250000000000
35902 213241320763/200000000000
35904 107034670277/100000000000
35906 518104109781/500000000000
35908 130535351487/125000000000
35910 1039696832253/1000000000000
35912 1049095159883/1000000000000
35914 16131585263/15625000000
35916 1033450881297/1000000000000
35918 1034646848991/1000000000000
35920 259488078897/250000000000
35922 1050952906741/1000000000000
35924 264364849601/250000000000
35926 1063050876009/1000000000000
35928 1047837273557/1000000000000
35930 525000380617/500000000000
35932 1049135173329/1000000000000
35934 525033666801/500000000000
35936 1054329401859/1000000000000
35938 532908673497/500000000000
35940 1055911186173/1000000000000
35942 1071140799409/1000000000000
35944 1030870226679/1000000000000
35946 520975235911/500000000000
35948 1033576745987/1000000000000
35950 209509858949/200000000000
35952 1072893057891/1000000000000
35954 214908671123/200000000000
35956 1045542985637/1000000000000
35958 525854465681/500000000000
35960 256213377581/250000000000
35962 1037960073753/1000000000000
35964 1033845523989/1000000000000
35966 1044940343937/1000000000000
35968 1039450504007/1000000000000
35970 208391255143/200000000000
35972 32401245469/31250000000
35974 521453834641/500000000000
35976 519967563549/500000000000
35978 104035797131/100000000000
35980 104801199193/100000000000
35982 65413519571/62500000000
35984 130174705811/125000000000
35986 1043856922643/1000000000000
35988 521442094739/500000000000
35990 260986288643/250000000000
35992 206503609369/200000000000
35994 16327231979/15625000000
35996 207200635873/200000000000
35998 52532760813/50000000000
36000 1039950815983/1000000000000
36002 32565995887/31250000000
36004 32391047301/31250000000
36006 130293002227/125000000000
36008 523052284837/500000000000
36010 5296264711/5000000000
36012 264605036299/250000000000
36014 26595501899/25000000000
36016 26155035243/25000000000
36018 130426211521/125000000000
36020 208784045121/200000000000
36022 1048197972943/1000000000000
36024 128387273819/125000000000
36026 204097667387/200000000000
36028 1025260598721/1000000000000
36030 1025542137241/1000000000000
36032 1045327356009/1000000000000
36034 209066630147/200000000000
36036 1019066319451/1000000000000
36038 257493993783/250000000000
36040 510163031481/500000000000
36042 64459216591/62500000000
36044 209004811/200000000
36046 1045892534753/1000000000000
36048 64387935939/62500000000
36050 1031848440189/1000000000000
36052 204923075977/200000000000
36054 1032932293173/1000000000000
36056 130642109467/125000000000
36058 522241005421/500000000000
36060 209279085967/200000000000
36062 104950719913/100000000000
36064 206909826377/200000000000
36066 517474925451/500000000000
36068 519018104117/500000000000
36070 1032666342123/1000000000000
36072 1055247205243/1000000000000
36074 1058771872637/1000000000000
36076 104999214623/100000000000
36078 1053627302797/1000000000000
36080 518255807679/500000000000
36082 521287111033/500000000000
36084 518284698889/500000000000
36086 1040499320283/1000000000000
36088 259498276787/250000000000
36090 1038406255239/1000000000000
36092 261189421517/250000000000
36094 262014693301/250000000000
36096 1034893447479/1000000000000
36098 1039576887107/1000000000000
36100 1038440848657/1000000000000
36102 1053441346891/1000000000000
36104 517939129683/500000000000
36106 518215152017/500000000000
36108 1033501810639/1000000000000
36110 258383344563/250000000000
36112 262379510933/250000000000
36114 1027697373121/1000000000000
36116 1034199032039/1000000000000
36118 1032468607439/1000000000000
36120 104473093681/100000000000
36122 1018027258993/1000000000000
36124 102379975943/100000000000
36126 512521714921/500000000000
36128 205554081077/200000000000
36130 1020954521859/1000000000000
36132 509702586079/500000000000
36134 512457925911/500000000000
36136 102225339629/100000000000
36138 1028470120727/1000000000000
36140 512403148753/500000000000
36142 206193986329/200000000000
36144 1029513047607/1000000000000
36146 508859763007/500000000000
36148 508637909379/500000000000
36150 510137904269/500000000000
36152 128057440453/125000000000
36154 515394005127/500000000000
36156 1034271234527/1000000000000
36158 1036122994783/1000000000000
36160 208205270209/200000000000
36162 128407239831/125000000000
36164 51275455989/50000000000
36166 206938163931/200000000000
36168 103215379629/100000000000
36170 1033201567247/1000000000000
36172 207379023261/200000000000
36174 20869733199/20000000000
36176 128586340663/125000000000
36178 514941438931/500000000000
36180 1038115740119/1000000000000
36182 519862234117/500000000000
36188 204850170241/200000000000
36190 512378702431/500000000000
36196 506054246467/500000000000
36198 1017105689859/1000000000000
36204 509200047133/500000000000
36206 1023268032949/1000000000000
36212 1016880161393/1000000000000
36214 1017387296319/1000000000000
36216 1025766859029/1000000000000
36218 511618221117/500000000000
36220 204992333083/200000000000
36222 10271329781/10000000000
36224 40543727847/40000000000
36226 1019213028653/1000000000000
36228 127296239823/125000000000
36230 1019269502567/1000000000000
36232 1023129563067/1000000000000
36234 1027045991671/1000000000000
36236 1023227245399/1000000000000
36238 1029292294117/1000000000000
36240 1016725317371/1000000000000
36242 50920748107/50000000000
36244 1016496498791/1000000000000
36246 509874858777/500000000000
36312 218632343039/200000000000
36314 1104267760341/1000000000000
36316 136868751451/125000000000
36318 1108819551687/1000000000000
36320 532985385767/500000000000
36322 1082822727919/1000000000000
36324 269183419011/250000000000
36326 1083037359441/1000000000000
36328 110157654851/100000000000
36330 553705390263/500000000000
36332 269318009943/250000000000
36334 216283966123/200000000000
36336 212541074069/200000000000
36338 541058473309/500000000000
36340 106968226129/100000000000
36342 54165391757/50000000000
36344 263857470633/250000000000
36346 530368587357/500000000000
36348 1056476295057/1000000000000
36350 1068152106173/1000000000000
36352 1087674447651/1000000000000
36354 1092673004011/1000000000000
36356 530255295857/500000000000
36358 1065748022771/1000000000000
36360 1071316228521/1000000000000
36362 533739575781/500000000000
36364 1076279411289/1000000000000
36366 539995333873/500000000000
36368 272983031569/250000000000
36370 211227875659/200000000000
36372 1068642416499/1000000000000
36374 66428577303/62500000000
36376 134436556819/125000000000
36378 1081565773861/1000000000000
36380 214649880041/200000000000
36382 214665228909/200000000000
36384 208511614703/200000000000
36386 32574420839/31250000000
36388 209645464053/200000000000
36390 1049751500163/1000000000000
36392 128099647721/125000000000
36394 1039215555119/1000000000000
36396 258480191259/250000000000
36398 1045697622071/1000000000000
36400 1050613443769/1000000000000
36402 209840592599/200000000000
36404 1055802684433/1000000000000
36406 1052606427751/1000000000000
36408 209665150673/200000000000
36410 261993420971/250000000000
36412 1053932556937/1000000000000
36414 264204623337/250000000000
36416 210538212759/200000000000
36418 530409928543/500000000000
36420 1048553168517/1000000000000
36422 1058626067577/1000000000000
36424 208280880277/200000000000
36426 527733007751/500000000000
36428 131134754013/125000000000
36430 531448259173/500000000000
36432 132740410839/125000000000
36434 66270392289/62500000000
36436 1067477629187/1000000000000
36438 534521249137/500000000000
36440 530110282757/500000000000
36442 1066738826993/1000000000000
36444 212874955961/200000000000
36446 1069942117557/1000000000000
36448 1014056385957/1000000000000
36450 8182887349/8000000000
36452 12737791747/12500000000
36454 256831414299/250000000000
36456 202837374263/200000000000
36458 204191194619/200000000000
36460 1016395370513/1000000000000
36462 255874184509/250000000000
36464 206455700033/200000000000
36466 1031382604703/1000000000000
36468 1036677019979/1000000000000
36470 1034981962913/1000000000000
36472 1018462278203/1000000000000
36474 1024989666189/1000000000000
36476 1019499201263/1000000000000
36478 64162271151/62500000000
36480 16089287099/15625000000
36482 1037251524663/1000000000000
36484 129509416089/125000000000
36486 519084673809/500000000000
36488 20492546879/20000000000
36490 1029900813883/1000000000000
36492 1023106288797/1000000000000
36494 1035714061143/1000000000000
36496 521382799379/500000000000
36498 1042986913443/1000000000000
36500 130826402491/125000000000
36502 209077611269/200000000000
36504 1029032808321/1000000000000
36506 258628705619/250000000000
36508 519225402419/500000000000
36510 208486860439/200000000000
36512 1010192267177/1000000000000
36514 1011470941813/1000000000000
36516 50640600513/50000000000
36518 252255447247/250000000000
36520 254386154621/250000000000
36522 509300298121/500000000000
36524 202393067973/200000000000
36526 252693088519/250000000000
36528 202222332829/200000000000
36530 20553500187/20000000000
36532 253562517961/250000000000
36534 205570494943/200000000000
36536 1027240918629/1000000000000
36538 1037530918091/1000000000000
36540 408313469/400000000
36542 516362022467/500000000000
36544 25259332039/25000000000
36546 505621954307/500000000000
36548 1009311950219/1000000000000
36550 252316640823/250000000000
36552 506953741491/500000000000
36554 253837154523/250000000000
36556 1013203413173/1000000000000
36558 1016789574569/1000000000000
36560 511336269911/500000000000
36562 64249119071/62500000000
36564 1029395895553/1000000000000
36566 513747173387/500000000000
36568 509700274821/500000000000
36570 64126024773/62500000000
36572 509507565219/500000000000
36574 51100771407/50000000000
36576 254977467741/250000000000
36578 1029787333269/1000000000000
36580 1019789629027/1000000000000
36582 127100174991/125000000000
36584 1032249492997/1000000000000
36586 129013063207/125000000000
36588 516806289163/500000000000
36590 207217116427/200000000000
36592 1041668984887/1000000000000
36594 1031729867733/1000000000000
36596 65212295677/62500000000
36598 1042180196091/1000000000000
36600 522366868607/500000000000
36602 1035767026421/1000000000000
36604 521857599011/500000000000
36606 505573757107/500000000000
36608 506260488947/500000000000
36610 50603850381/50000000000
36612 1010611456301/1000000000000
36614 1991513423/1953125000
36616 1023055480827/1000000000000
36618 506601138021/500000000000
36620 506758745157/500000000000
36622 128179215051/125000000000
36624 41441057841/40000000000
36626 508917163647/500000000000
36628 51212688307/50000000000
36630 1025870140283/1000000000000
36632 5205523063/5000000000
36634 1034560030227/1000000000000
36636 261492850691/250000000000
36642 1030606840747/1000000000000
36644 1039203851553/1000000000000
36650 20615769617/20000000000
36652 1025083132717/1000000000000
36660 516079924319/500000000000
36662 521297374787/500000000000
36664 517403288469/500000000000
36666 103908573483/100000000000
36668 63956527137/62500000000
36670 205890096963/200000000000
36672 1034383627917/1000000000000
36674 516572578203/500000000000
36676 1032121420983/1000000000000
36678 515023804941/500000000000
36680 212218644531/200000000000
36682 1044655210683/1000000000000
36684 529943870703/500000000000
36686 102428955647/100000000000
36688 513376830843/500000000000
36690 512229222219/500000000000
36692 1033230474203/1000000000000
36756 1078491404659/1000000000000
36758 1091762393411/1000000000000
36760 13682639037/12500000000
36762 69619454873/62500000000
36764 275755449091/250000000000
36766 559809030071/500000000000
36768 552449709097/500000000000
36770 5534221521/5000000000
36772 1127805831007/1000000000000
36774 1117171809039/1000000000000
36776 225318950151/200000000000
36778 104872842053/100000000000
36780 1062211944883/1000000000000
36782 1058332321921/1000000000000
36784 107804992737/100000000000
36786 211396957769/200000000000
36788 536951889507/500000000000
36790 67280469321/62500000000
36792 214643128509/200000000000
36794 1089464191621/1000000000000
36796 1093233297711/1000000000000
36798 1079618887259/1000000000000
36800 1110007675819/1000000000000
36802 1077434029943/1000000000000
36804 544970731149/500000000000
36806 1089088232431/1000000000000
36808 548333193119/500000000000
36810 546049019607/500000000000
36812 275228312827/250000000000
36814 68053343557/62500000000
36816 1102296279427/1000000000000
36818 1097691429061/1000000000000
36820 163722143/160000000
36822 103675924263/100000000000
36824 128380704051/125000000000
36826 1037182786959/1000000000000
36828 41471734751/40000000000
36830 207587973019/200000000000
36832 519130007229/500000000000
36834 521960847831/500000000000
36836 518894684621/500000000000
36838 519848744641/500000000000
36840 262013252737/250000000000
36842 42067592223/40000000000
36844 10397811707/10000000000
36846 524005891817/500000000000
36848 1050930578193/1000000000000
36850 105796657647/100000000000
36852 1034203958677/1000000000000
36854 261350826971/250000000000
36856 104344148371/100000000000
36858 527255781511/500000000000
36860 520259146499/500000000000
36862 526959074409/500000000000
36864 260687871571/250000000000
36866 213239502367/200000000000
36868 528394052157/500000000000
36870 532175862191/500000000000
36872 1062657074611/1000000000000
36874 1072182841349/1000000000000
36876 133147225873/125000000000
36878 266305352193/250000000000
36880 43262859889/40000000000
36882 1072511106039/1000000000000
36884 202000856747/200000000000
36886 1023167446389/1000000000000
36888 1013122957109/1000000000000
36890 512636693849/500000000000
36892 1024926747107/1000000000000
36894 509160501561/500000000000
36896 204979549237/200000000000
36898 254481267733/250000000000
36900 509209064869/500000000000
36902 63879790537/62500000000
36904 1018180138703/1000000000000
36906 1025226192327/1000000000000
36908 1021237470061/1000000000000
36910 1027150792227/1000000000000
36912 1020611466099/1000000000000
36914 204974421799/200000000000
36916 509643312979/500000000000
36918 102891572781/100000000000
36920 255129871703/250000000000
36922 206517356609/200000000000
36924 1024290276587/1000000000000
36926 510118328697/500000000000
36928 20632463701/20000000000
36930 51545497081/50000000000
36932 102638344501/100000000000
36934 1034253148657/1000000000000
36936 32334793761/31250000000
36938 1040358378459/1000000000000
36940 1028106361041/1000000000000
36942 1036080378977/1000000000000
36944 1036601014161/1000000000000
36946 1041911460707/1000000000000
36948 1010955818141/1000000000000
36950 504221420491/500000000000
36952 1010762921947/1000000000000
36954 1012819003987/1000000000000
36956 20243546211/20000000000
36958 507616905103/500000000000
36960 508592985447/500000000000
36962 254958831127/250000000000
36964 31924414567/31250000000
36966 1030095228649/1000000000000
36968 254423067763/250000000000
36970 128410081937/125000000000
36972 102174514233/100000000000
36974 20232477941/20000000000
36976 1013691283581/1000000000000
36978 505109433173/500000000000
36980 1008592204437/1000000000000
36982 1010554364091/1000000000000
36984 31540351051/31250000000
36986 1020554894929/1000000000000
36988 1022641296277/1000000000000
36990 1019899474219/1000000000000
36992 1022282652929/1000000000000
36994 254643558467/250000000000
36996 126166317473/125000000000
36998 1017580413749/1000000000000
37000 510760641951/500000000000
37002 1017560732653/1000000000000
37004 1015336928457/1000000000000
37006 203073428019/200000000000
37008 253330539987/250000000000
37010 1018387567601/1000000000000
37012 1036242951839/1000000000000
37014 51924496643/50000000000
37016 1026899354433/1000000000000
37018 1036846900781/1000000000000
37020 1022206631197/1000000000000
37022 2004044779/1953125000
37024 50634418319/50000000000
37026 1025013262753/1000000000000
37028 260823999079/250000000000
37030 523248321209/500000000000
37032 259192749573/250000000000
37034 20931446969/20000000000
37036 519441688399/500000000000
37038 1037941338877/1000000000000
37040 25998537347/25000000000
37042 1027322870199/1000000000000
37044 103330720889/100000000000
37046 1019111937997/1000000000000
37048 32103053157/31250000000
37050 511164411403/500000000000
37052 511846059457/500000000000
37054 1015903185723/1000000000000
37056 25406638269/25000000000
37058 521550326661/500000000000
37060 209879824061/200000000000
37062 16258901801/15625000000
37064 208395115377/200000000000
37066 1032040091919/1000000000000
37068 4032199547/3906250000
37070 63872308523/62500000000
37072 512302902707/500000000000
37078 1029847766017/1000000000000
37080 1019465697333/1000000000000
37086 510207019813/500000000000
37088 1037674514339/1000000000000
37094 1008471375777/1000000000000
37096 1018227346329/1000000000000
37100 105783255911/100000000000
37102 8014237299/7812500000
37104 206226763349/200000000000
37106 1033876752353/1000000000000
37108 517336075643/500000000000
37110 1035353759491/1000000000000
37112 1038248492407/1000000000000
37114 1025975788197/1000000000000
37116 205262954693/200000000000
37118 103300646301/100000000000
37120 64417683527/62500000000
37122 520434166711/500000000000
37124 51978675601/50000000000
37126 211360847149/200000000000
37128 2089894299/2000000000
37194 1036273329061/1000000000000
37196 261738745593/250000000000
37198 41487374301/40000000000
37200 261971604523/250000000000
37202 10819984579/10000000000
37204 547246413383/500000000000
37206 1071146784659/1000000000000
37208 217277002847/200000000000
37210 1047583672697/1000000000000
37212 211695060869/200000000000
37214 1083498804289/1000000000000
37216 272944521993/250000000000
37218 520444437159/500000000000
37220 1033548000301/1000000000000
37222 518652913539/500000000000
37224 1029551862933/1000000000000
37226 41817911449/40000000000
37228 1052306130039/1000000000000
37230 265293262743/250000000000
37232 534632381017/500000000000
37234 1051886238723/1000000000000
37236 1059134644087/1000000000000
37238 41791831133/40000000000
37240 214506376477/200000000000
37242 534455666929/500000000000
37244 1075664123259/1000000000000
37246 215642793957/200000000000
37248 206661948961/200000000000
37250 1036949452533/1000000000000
37252 517716925087/500000000000
37254 261672918177/250000000000
37256 532346020401/500000000000
37258 539520915969/500000000000
37260 215272349627/200000000000
37262 43432845907/40000000000
37264 522241232581/500000000000
37266 65789037157/62500000000
37268 542986873729/500000000000
37270 258268221037/250000000000
37272 1030027707233/1000000000000
37274 32495057049/31250000000
37276 518848274291/500000000000
37278 512491478789/500000000000
37280 1032283488093/1000000000000
37282 513200456763/500000000000
37284 1030670272153/1000000000000
37286 1050715552483/1000000000000
37288 13314278457/12500000000
37290 522802228683/500000000000
37292 266975992419/250000000000
37294 259209226021/250000000000
37296 519426133681/500000000000
37298 258970888707/250000000000
37300 261079930447/250000000000
37302 519791095383/500000000000
37304 1031454183561/1000000000000
37306 204198548757/200000000000
37308 1031122425957/1000000000000
37310 1031275497683/1000000000000
37312 1036546386831/1000000000000
37314 104112164179/100000000000
37316 527004410437/500000000000
37318 1062609529857/1000000000000
37320 32550351451/31250000000
37322 132042217787/125000000000
37324 262635860863/250000000000
37326 528776289677/500000000000
37328 1654027771/1562500000
37330 1063061153667/1000000000000
37332 206223572469/200000000000
37334 207190205597/200000000000
37336 1025520549871/1000000000000
37338 1029105087283/1000000000000
37340 1006147327027/1000000000000
37342 1586116559/1562500000
37344 1002407003451/1000000000000
37346 1015202172503/1000000000000
37348 528822456169/500000000000
37350 260451561697/250000000000
37352 1054834647203/1000000000000
37354 207427398787/200000000000
37356 1044004183109/1000000000000
37358 1027826714633/1000000000000
37360 1028980897051/1000000000000
37362 209265993501/200000000000
37364 1016087592513/1000000000000
37366 510123233791/500000000000
37368 204207411587/200000000000
37370 12740789211/12500000000
37372 105370303337/100000000000
37374 1058774115391/1000000000000
37376 1047469829427/1000000000000
37378 1028545397979/1000000000000
37380 25725547611/25000000000
37382 1033239806067/1000000000000
37384 103530591619/100000000000
37386 256501872409/250000000000
37388 1037320604769/1000000000000
37390 1038312366317/1000000000000
37392 1039730560333/1000000000000
37394 255095679691/250000000000
37396 207090696529/200000000000
37398 203024942121/200000000000
37400 1025424196023/1000000000000
37402 1040670723377/1000000000000
37404 1045572699131/1000000000000
37406 1053042123107/1000000000000
37408 209873832857/200000000000
37410 525707492079/500000000000
37412 103986526917/100000000000
37414 105177008723/100000000000
37416 518739409337/500000000000
37418 41591127407/40000000000
37420 1055782597019/1000000000000
37422 1020251434021/1000000000000
37424 257034021117/250000000000
37426 1018706359343/1000000000000
37428 512970601751/500000000000
37430 522640148379/500000000000
37432 1044096900767/1000000000000
37434 523249131191/500000000000
37436 1035031431949/1000000000000
37438 1040147297173/1000000000000
37440 1009281924361/1000000000000
37442 1014245015063/1000000000000
37444 126877855431/125000000000
37446 127561514589/125000000000
37448 1026695456169/1000000000000
37450 1028038648353/1000000000000
37452 1031086500191/1000000000000
37454 1031039247683/1000000000000
37456 506525579597/500000000000
37458 202506448309/200000000000
37460 1017930411049/1000000000000
37462 506589387561/500000000000
37464 102334543391/100000000000
37466 1027937350817/1000000000000
37468 1031575507703/1000000000000
37470 1037772805539/1000000000000
37472 15954649479/15625000000
37474 1025403400093/1000000000000
37476 127715973177/125000000000
37478 1027862725743/1000000000000
37480 206223798447/200000000000
37482 516397910957/500000000000
37484 102388046253/100000000000
37486 1043890449913/1000000000000
37488 511503064883/500000000000
37490 508272246273/500000000000
37492 1035784413749/1000000000000
37494 1029653006223/1000000000000
37496 519205873809/500000000000
37498 1048671813601/1000000000000
37500 1046884402203/1000000000000
37502 1053109559121/1000000000000
37508 1002409461063/1000000000000
37510 1003968888571/1000000000000
37516 1022326557527/1000000000000
37518 20275515697/20000000000
37524 1014492695579/1000000000000
37526 1014162420731/1000000000000
37532 252103882951/250000000000
37534 501078714629/500000000000
37536 503078192703/500000000000
37538 503277280893/500000000000
37540 504603906163/500000000000
37542 2526320457/2500000000
37544 205829395219/200000000000
37546 508830696347/500000000000
37548 10271918239/10000000000
37550 1020363803029/1000000000000
37552 101508806407/100000000000
37554 126793018591/125000000000
37556 1013351048609/1000000000000
37558 504217146949/500000000000
37560 63073967443/62500000000
37562 100766897983/100000000000
37564 1015634977719/1000000000000
37566 1018016161301/1000000000000
37632 1042455265093/1000000000000
37634 261277823613/250000000000
37636 261996674081/250000000000
37638 1059941425979/1000000000000
37640 16083056451/15625000000
37642 8113188737/7812500000
37644 519261613289/500000000000
37646 525072987423/500000000000
37648 1069507442517/1000000000000
37650 1083862948463/1000000000000
37652 1050748018931/1000000000000
37654 528164715217/500000000000
37656 211145695701/200000000000
37658 1049482319293/1000000000000
37660 1041602211337/1000000000000
37662 524968572651/500000000000
37664 519528748711/500000000000
37666 102598748083/100000000000
37668 254522169653/250000000000
37670 1020863468563/1000000000000
37672 1015253045467/1000000000000
37674 1041507412939/1000000000000
37676 517111256813/500000000000
37678 1044756630229/1000000000000
37680 511169102299/500000000000
37682 1054306618147/1000000000000
37684 515668890451/500000000000
37686 1047967842103/1000000000000
37688 103532261581/100000000000
37690 26068767343/25000000000
37692 259164089961/250000000000
37694 1026953523259/1000000000000
37696 1022042526677/1000000000000
37698 257298538433/250000000000
37700 6423670527/6250000000
37702 521487292509/500000000000
37704 524636703863/500000000000
37706 1054125257921/1000000000000
37708 1036175315861/1000000000000
37710 1042998770789/1000000000000
37712 42013829239/40000000000
37714 1080724283331/1000000000000
37716 267865619867/250000000000
37718 531869384133/500000000000
37720 66273279623/62500000000
37722 1051959602723/1000000000000
37724 1042020017121/1000000000000
37726 1071538418601/1000000000000
37728 1042634017/976562500
37730 536489776891/500000000000
37732 212001599377/200000000000
37734 21313078693/20000000000
37736 527858537897/500000000000
37738 1040803403829/1000000000000
37740 131467903311/125000000000
37742 521060424027/500000000000
37744 64935491023/62500000000
37746 1035214061453/1000000000000
37748 1032505616917/1000000000000
37750 510546944253/500000000000
37752 262969161099/250000000000
37754 1069999184457/1000000000000
37756 129700829297/125000000000
37758 1072884535161/1000000000000
37760 523544429427/500000000000
37762 1059642095371/1000000000000
37764 1030905883529/1000000000000
37766 212036284207/200000000000
37768 528495621251/500000000000
37770 1062739028127/1000000000000
37772 522938984327/500000000000
37774 129117309603/125000000000
37776 1023114386513/1000000000000
37778 511417448159/500000000000
37780 203781317341/200000000000
37782 1077265098163/1000000000000
37784 1086984217557/1000000000000
37786 1067967821987/1000000000000
37788 527330803641/500000000000
37790 522530913481/500000000000
37792 208939477169/200000000000
37794 517548806363/500000000000
37796 107635121737/100000000000
37798 529177001707/500000000000
37800 132659889873/125000000000
37802 63663938793/62500000000
37804 1019682544921/1000000000000
37806 1019861224671/1000000000000
37808 1020706031919/1000000000000
37810 102694727873/100000000000
37812 1007089608287/1000000000000
37814 32389937051/31250000000
37816 512699623427/500000000000
37818 63857015513/62500000000
37820 255334920827/250000000000
37822 1034534604971/1000000000000
37824 206352151093/200000000000
37826 40346730299/40000000000
37828 204065254351/200000000000
37830 1010193622717/1000000000000
37832 204478298141/200000000000
37834 1024918994423/1000000000000
37836 206367224921/200000000000
37838 1037672156783/1000000000000
37840 516397328831/500000000000
37842 1046692116063/1000000000000
37844 1037436331559/1000000000000
37846 2624879091/2500000000
37848 1062242514803/1000000000000
37850 1032085196391/1000000000000
37852 1052140331391/1000000000000
37854 1024890997747/1000000000000
37856 1028474558107/1000000000000
37858 64697017919/62500000000
37860 1045263469777/1000000000000
37862 1054927532337/1000000000000
37864 505043349479/500000000000
37866 20171711901/20000000000
37868 1015734200321/1000000000000
37870 506909858593/500000000000
37872 50475076173/50000000000
37874 1006974631673/1000000000000
37876 506078035321/500000000000
37878 1006529844077/1000000000000
37880 1014749330933/1000000000000
37882 507735491741/500000000000
37884 1016602332997/1000000000000
37886 509838937423/500000000000
37888 1002861454853/1000000000000
37890 506009839/500000000
37892 1004125826221/1000000000000
37894 10134951339/10000000000
37896 1013466785961/1000000000000
37898 127225520289/125000000000
37900 510522535147/500000000000
37902 1020630663323/1000000000000
37904 1012890036531/1000000000000
37906 504965777321/500000000000
37908 1014091922101/1000000000000
37910 6325186801/6250000000
37912 1020198474433/1000000000000
37914 8016003503/7812500000
37916 1028029120777/1000000000000
37918 1028931660321/1000000000000
37920 50240698211/50000000000
37922 252539479411/250000000000
37924 1006479832011/1000000000000
37926 201972254861/200000000000
37932 1014056745061/1000000000000
37934 1014635125843/1000000000000
37940 251366306169/250000000000
37942 1003477127491/1000000000000
37948 101317674783/100000000000
37950 1017744037851/1000000000000
37956 126445053229/125000000000
37958 505021344903/500000000000
37960 40380259639/40000000000
37962 1010317220791/1000000000000
37964 1009751964813/1000000000000
37966 1009234275811/1000000000000
37968 20141107601/20000000000
37970 1004887721007/1000000000000
37972 1004706599267/1000000000000
37974 503117075663/500000000000
37976 126725816173/125000000000
37978 1015202175123/1000000000000
37980 507191737889/500000000000
37982 1018457441117/1000000000000
37984 1008560426123/1000000000000
37986 126505487953/125000000000
37988 504980328371/500000000000
37990 253295737829/250000000000
38056 1027268545949/1000000000000
38058 31891409013/31250000000
38060 64248909091/62500000000
38062 511009280659/500000000000
38064 523654618157/500000000000
38066 521325889743/500000000000
38068 1045678205331/1000000000000
38070 261130005743/250000000000
38072 259676426541/250000000000
38074 513797531877/500000000000
38076 104286990821/100000000000
38078 1036484742809/1000000000000
38080 260180689213/250000000000
38082 1048370447137/1000000000000
38084 1026763616229/1000000000000
38086 63481733507/62500000000
38088 1043294014801/1000000000000
38090 1025133235567/1000000000000
38092 1051223588837/1000000000000
38094 1031713887071/1000000000000
38096 1039678109583/1000000000000
38098 1025032230011/1000000000000
38100 504455581653/500000000000
38102 252158689839/250000000000
38104 10163549167/10000000000
38106 102636809447/100000000000
38108 1018180718539/1000000000000
38110 511446693363/500000000000
38112 511717842257/500000000000
38114 1039635022559/1000000000000
38116 519429596509/500000000000
38118 1024901951229/1000000000000
38120 1036511272713/1000000000000
38122 3999042259/3906250000
38124 518102907479/500000000000
38126 255757516967/250000000000
38128 1038023862931/1000000000000
38130 515880209579/500000000000
38132 1018184898063/1000000000000
38134 513816274971/500000000000
38136 128149683817/125000000000
38138 104402339043/100000000000
38140 203975833249/200000000000
38142 1005241456463/1000000000000
38144 506849381441/500000000000
38146 502375519611/500000000000
38148 1033684670763/1000000000000
38150 1032416509967/1000000000000
38152 1049630366233/1000000000000
38154 261293289471/250000000000
38156 501025180817/500000000000
38158 1000642904087/1000000000000
38160 1000245955793/1000000000000
38162 499995714517/500000000000
38164 508455337569/500000000000
38166 204144932457/200000000000
38168 1021887914953/1000000000000
38170 1017634866613/1000000000000
38172 126217536623/125000000000
38174 251905201257/250000000000
38176 253748352161/250000000000
38178 1009898951923/1000000000000
38180 1062120855599/1000000000000
38182 25986177207/25000000000
38184 1059806813041/1000000000000
38186 517735825747/500000000000
38188 1000104615073/1000000000000
38190 200080792289/200000000000
38192 1001219738521/1000000000000
38194 1001219738521/1000000000000
38196 128180277569/125000000000
38198 514721278207/500000000000
38200 101908690531/100000000000
38202 1022787329697/1000000000000
38204 1056933830371/1000000000000
38206 1067330870217/1000000000000
38208 524884433401/500000000000
38210 524855324867/500000000000
38212 529978771009/500000000000
38214 1024742330607/1000000000000
38216 65644726861/62500000000
38218 8250055823/8000000000
38220 1059221084817/1000000000000
38222 1043370877913/1000000000000
38224 520250998627/500000000000
38226 128588202317/125000000000
38228 1019399707621/1000000000000
38230 205540954581/200000000000
38232 1023881726029/1000000000000
38234 1025096577961/1000000000000
38236 1039207307129/1000000000000
38238 1033677801861/1000000000000
38240 1028079358943/1000000000000
38242 508327781727/500000000000
38244 1039182495479/1000000000000
38246 520473460703/500000000000
38248 517130742247/500000000000
38250 207136208847/200000000000
38252 1026742245487/1000000000000
38254 507914218777/500000000000
38256 10118530197/10000000000
38258 100235808621/100000000000
38260 1035854125253/1000000000000
38262 1019045391107/1000000000000
38264 1028520557471/1000000000000
38266 1022138664187/1000000000000
38268 529695756417/500000000000
38270 1092547023119/1000000000000
38272 1077469961439/1000000000000
38274 134604288551/125000000000
38276 13872492017/12500000000
38278 107011728891/100000000000
38280 1086404701819/1000000000000
38282 133908275243/125000000000
38284 1066170017587/1000000000000
38286 131158056687/125000000000
38288 210943480057/200000000000
38290 519634988439/500000000000
38292 1085427763223/1000000000000
38294 1096920796569/1000000000000
38296 131986543287/125000000000
38298 1034088820543/1000000000000
38300 1024661239231/1000000000000
38302 1078631310959/1000000000000
38304 66209897789/62500000000
38306 66856783789/62500000000
38308 1050882666883/1000000000000
38310 208681086439/200000000000
38312 1044034029259/1000000000000
38314 1023647419003/1000000000000
38316 521894943809/500000000000
38318 219046116089/200000000000
38320 1049146111317/1000000000000
38322 1046782796373/1000000000000
38324 1055040135401/1000000000000
38326 549236837911/500000000000
38328 254879278339/250000000000
38330 517897727047/500000000000
38332 510035190417/500000000000
38334 1054559132551/1000000000000
38336 529793432069/500000000000
38338 131662424577/125000000000
38340 1079196735979/1000000000000
38342 278942077567/250000000000
38344 3380604647/3125000000
38346 1076623624717/1000000000000
38348 1041025618161/1000000000000
38350 132304443571/125000000000
38354 261163842979/250000000000
38356 527137434167/500000000000
38362 1087695547781/1000000000000
38368 1052637044209/1000000000000
38370 1052093974607/1000000000000
38372 1020701826819/1000000000000
38374 21144198309/20000000000
38376 65585085043/62500000000
38378 224671368317/200000000000
38380 545578976049/500000000000
38382 1056586555211/1000000000000
38384 105677724837/100000000000
38386 263517732411/250000000000
38388 211013481873/200000000000
38432 1002916489233/1000000000000
38434 999989485689/1000000000000
38436 200244384727/200000000000
38438 500502317327/500000000000
38440 1021862106053/1000000000000
38442 63359179781/62500000000
38444 1021440807123/1000000000000
38446 202674703461/200000000000
38448 1001525192289/1000000000000
38450 1037989161507/1000000000000
38452 6444151099/6250000000
38454 519469166471/500000000000
38456 101976155587/100000000000
38458 1005436009811/1000000000000
38460 500707530413/500000000000
38462 506414136069/500000000000
38464 1041159372641/1000000000000
38466 1019267550133/1000000000000
38468 1026579039051/1000000000000
38470 1026210325801/1000000000000
38472 1027942715517/1000000000000
38474 515255824379/500000000000
38476 519609399253/500000000000
38478 1032872825083/1000000000000
38480 20371466243/20000000000
38482 1010243715957/1000000000000
38484 20286603143/20000000000
38486 1006086594083/1000000000000
38488 1003153746661/1000000000000
38490 1001712921793/1000000000000
38492 204350495483/200000000000
38494 50909657521/50000000000
38496 1006940280149/1000000000000
38498 251591224589/250000000000
38500 1000454096227/1000000000000
38502 250000862647/250000000000
38504 1000616676561/1000000000000
38506 1000312936027/1000000000000
38508 1007646527391/1000000000000
38510 1001032492709/1000000000000
38512 20061029363/20000000000
38514 1001947041617/1000000000000
38516 500686070377/500000000000
38518 125153617399/125000000000
38520 252726454241/250000000000
38522 1004919721179/1000000000000
38524 200711084543/200000000000
38526 1006608543251/1000000000000
38528 1001061470773/1000000000000
38530 1023518832121/1000000000000
38532 1001282995989/1000000000000
38534 125401058729/125000000000
38536 1003341164491/1000000000000
38538 536024823967/500000000000
38540 536494714073/500000000000
38542 1064517894971/1000000000000
38544 133071778587/125000000000
38546 5366419781/5000000000
38548 67084025281/62500000000
38550 1057651962283/1000000000000
38552 527840900859/500000000000
38554 52982390853/50000000000
38556 519282306137/500000000000
38558 210181863451/200000000000
38560 64503450647/62500000000
38562 1042465289137/1000000000000
38564 256748748883/250000000000
38566 260685922217/250000000000
38568 127230097143/125000000000
38570 1060789274309/1000000000000
38572 1058468198189/1000000000000
38574 262960234579/250000000000
38576 1048741001741/1000000000000
38578 1046606331229/1000000000000
38580 104122176381/100000000000
38582 1039335661111/1000000000000
38584 102979162863/100000000000
38586 1048573178769/1000000000000
38588 512460458149/500000000000
38590 519934934603/500000000000
38592 1021309555401/1000000000000
38594 258473989157/250000000000
38596 1016365909099/1000000000000
38598 1021333720849/1000000000000
38600 504521181859/500000000000
38602 1101105075213/1000000000000
38604 135319018697/125000000000
38606 541270145173/500000000000
38608 134420948507/125000000000
38610 524583347791/500000000000
38612 525877997791/500000000000
38614 1059600868043/1000000000000
38616 132159583699/125000000000
38618 538007537207/500000000000
38620 546768812193/500000000000
38622 1069770099051/1000000000000
38624 1067693979501/1000000000000
38626 1070448649659/1000000000000
38628 1055418817353/1000000000000
38630 1057860913627/1000000000000
38632 131461149063/125000000000
38634 67563738759/62500000000
38636 535806502659/500000000000
38638 1074955564727/1000000000000
38640 134643630029/125000000000
38642 1071072973271/1000000000000
38644 33684418913/31250000000
38646 536754164313/500000000000
38648 66718573683/62500000000
38650 1062137602451/1000000000000
38652 21371107453/20000000000
38654 523627003083/500000000000
38656 265927631001/250000000000
38658 52732674973/50000000000
38660 104595924241/100000000000
38662 130225210761/125000000000
38664 547977533607/500000000000
38666 277047740869/250000000000
38668 270938615039/250000000000
38670 1093202748801/1000000000000
38672 1104022137291/1000000000000
38674 1107051964453/1000000000000
38676 272599483953/250000000000
38678 221697098439/200000000000
38680 552383905419/500000000000
38682 1087773834591/1000000000000
38684 43422025037/40000000000
38686 1081700340747/1000000000000
38688 540530049859/500000000000
38690 135765199159/125000000000
38692 1064675724227/1000000000000
38694 266493927173/250000000000
38696 277533557181/250000000000
38698 1083996740061/1000000000000
38700 1079843725621/1000000000000
38702 1098019625177/1000000000000
38704 543689319087/500000000000
38706 224502625897/200000000000
38708 221810274309/200000000000
38710 566050337623/500000000000
38712 1098757634317/1000000000000
38714 1128572369087/1000000000000
38716 28009565859/25000000000
38720 1166587811993/1000000000000
