1 500407889851/500000000000
3 517387496003/500000000000
5 200946208319/200000000000
7 500407889851/500000000000
9 20698554627/20000000000
11 20698554627/20000000000
13 20698554627/20000000000
15 1032109005907/1000000000000
17 1003189243221/1000000000000
19 1001021971841/1000000000000
21 1001021971841/1000000000000
23 1001021971841/1000000000000
25 1001021971841/1000000000000
27 503312811723/500000000000
29 62514103867/62500000000
31 1002446768229/1000000000000
33 1018161304037/1000000000000
35 125004788007/125000000000
37 1002176359233/1000000000000
39 249987033421/250000000000
41 505409758777/500000000000
43 201300855861/200000000000
45 1009322602303/1000000000000
47 500495452513/500000000000
49 63731517681/62500000000
51 502503682027/500000000000
53 518854058877/500000000000
55 250726739851/250000000000
57 1040317682333/1000000000000
59 250726739851/250000000000
61 1038166610593/1000000000000
63 1008234071081/1000000000000
65 65196910707/62500000000
67 1021451782487/1000000000000
69 1046154760769/1000000000000
71 510355052267/500000000000
73 1051079945029/1000000000000
75 1014640857623/1000000000000
77 1055867499291/1000000000000
79 127195507279/125000000000
81 1066873143651/1000000000000
83 25293225101/25000000000
85 1076823262811/1000000000000
87 1007054542289/1000000000000
89 1088378587451/1000000000000
91 125658095077/125000000000
93 546190302613/500000000000
95 125658095077/125000000000
97 542127382869/500000000000
99 500947499081/500000000000
101 1080469219321/1000000000000
103 1004701846399/1000000000000
105 1003591616003/1000000000000
107 1003591616003/1000000000000
109 500434253857/500000000000
111 1003932962159/1000000000000
113 1003932962159/1000000000000
115 201201071279/200000000000
117 251665423989/250000000000
119 2515542929/2500000000
121 2515542929/2500000000
123 1006622223831/1000000000000
125 250652813101/250000000000
127 1001947754143/1000000000000
129 1006622223831/1000000000000
131 125508721959/125000000000
133 500927425933/500000000000
135 1000978816751/1000000000000
137 200764347267/200000000000
139 1001519995009/1000000000000
141 100025436767/100000000000
143 250100180743/250000000000
145 31262522593/31250000000
147 1010478514587/1000000000000
149 1002750065813/1000000000000
151 125286710439/125000000000
153 62638855149/62500000000
155 1002188133099/1000000000000
157 202568691857/200000000000
159 1015713255909/1000000000000
161 1015713255909/1000000000000
163 1019438498643/1000000000000
165 1019814044519/1000000000000
167 511392787237/500000000000
169 6423302879/6250000000
171 102125337847/100000000000
173 1019818596901/1000000000000
175 203656369703/200000000000
177 502187142769/500000000000
179 1001330039103/1000000000000
181 502198816889/500000000000
183 252861993547/250000000000
185 1001330039103/1000000000000
187 1010591596679/1000000000000
189 1012758296679/1000000000000
191 502198816889/500000000000
193 502198816889/500000000000
195 502198816889/500000000000
197 502198816889/500000000000
199 1006240573439/1000000000000
201 1006240573439/1000000000000
203 1006240573439/1000000000000
205 1007089073439/1000000000000
207 1010614643567/1000000000000
209 503772736719/500000000000
211 503772736719/500000000000
213 6285589283/6250000000
215 3140359329/3125000000
217 6257021783/6250000000
219 394651713/390625000
221 1009833553479/1000000000000
223 1005262753479/1000000000000
225 1001796550323/1000000000000
227 1003461653479/1000000000000
229 1000182615401/1000000000000
231 252651281531/250000000000
233 1008271484619/1000000000000
235 63296186053/62500000000
237 1008271484619/1000000000000
239 508554304151/500000000000
241 25173495577/25000000000
243 509552254151/500000000000
245 25192378077/25000000000
247 1023426911517/1000000000000
249 25192378077/25000000000
251 254970512467/250000000000
253 1003461653479/1000000000000
255 1003461653479/1000000000000
257 1003461653479/1000000000000
259 1003461653479/1000000000000
261 1003461653479/1000000000000
263 1003461653479/1000000000000
265 1003461653479/1000000000000
267 1003461653479/1000000000000
269 1003461653479/1000000000000
271 1003461653479/1000000000000
273 1003461653479/1000000000000
275 1000909486891/1000000000000
277 251833779609/250000000000
279 1009823322083/1000000000000
281 40272667603/40000000000
283 1000324597937/1000000000000
285 40272667603/40000000000
287 40272667603/40000000000
289 40272667603/40000000000
291 1000324597937/1000000000000
293 40272667603/40000000000
295 1011279415659/1000000000000
297 50559278797/50000000000
299 504624493973/500000000000
301 1001670556563/1000000000000
303 1001670556563/1000000000000
305 249987170531/250000000000
307 125472344887/125000000000
309 125472344887/125000000000
311 1004761459091/1000000000000
313 500165863773/500000000000
315 1006757359091/1000000000000
317 500165863773/500000000000
319 1010795259091/1000000000000
321 500165863773/500000000000
323 1011647259091/1000000000000
325 500165863773/500000000000
327 1005872663489/1000000000000
329 1000349563489/1000000000000
331 1000349563489/1000000000000
333 1000349563489/1000000000000
335 1000349563489/1000000000000
337 1001853024621/1000000000000
339 1001853024621/1000000000000
341 1001853024621/1000000000000
343 1000440532107/1000000000000
345 1000094232107/1000000000000
347 1000922232107/1000000000000
349 101042713527/100000000000
351 252003685689/250000000000
353 200186708879/200000000000
355 50112325327/50000000000
357 125102713769/125000000000
359 125594026269/125000000000
361 1007726849429/1000000000000
363 1003992349429/1000000000000
365 1003992349429/1000000000000
367 250491537357/250000000000
369 250158937357/250000000000
371 251348530029/250000000000
373 40024775079/40000000000
375 1007526126351/1000000000000
377 1000432826361/1000000000000
379 500169493321/500000000000
381 201308061257/200000000000
383 500102510751/500000000000
385 503624338963/500000000000
387 1000840392461/1000000000000
389 507018188963/500000000000
391 1000840392461/1000000000000
393 508503759413/500000000000
395 1000840392461/1000000000000
397 509200009413/500000000000
399 1000840392461/1000000000000
401 1000840392461/1000000000000
403 100358851597/100000000000
405 100358851597/100000000000
407 501733137141/500000000000
409 1003714313619/1000000000000
411 1003716315161/1000000000000
413 1001841118301/1000000000000
415 1003233618301/1000000000000
417 1003233618301/1000000000000
419 200186941781/200000000000
421 200465441781/200000000000
423 1004584372703/1000000000000
425 1003829072703/1000000000000
427 1003829072703/1000000000000
429 100483982671/100000000000
431 250475133549/250000000000
433 250475133549/250000000000
435 500856555609/500000000000
437 100028831483/100000000000
439 1004920004793/1000000000000
441 1001660604793/1000000000000
443 1001660604793/1000000000000
445 62737730061/62500000000
447 1004477204793/1000000000000
449 1002393504793/1000000000000
451 250156195243/250000000000
453 1000014780971/1000000000000
455 250021664157/250000000000
457 250021664157/250000000000
459 250553964157/250000000000
461 250554239157/250000000000
463 250673039157/250000000000
465 1002367073549/1000000000000
467 252477664157/250000000000
469 1001861141561/1000000000000
471 101571738109/100000000000
473 1000714041561/1000000000000
475 102250508109/100000000000
477 1001777913167/1000000000000
479 1000543354067/1000000000000
481 1000543354067/1000000000000
483 125639119259/125000000000
485 1007826754067/1000000000000
487 1008338090553/1000000000000
489 1008338090553/1000000000000
491 1008338090553/1000000000000
493 1008338090553/1000000000000
495 1001030369873/1000000000000
497 1003436669873/1000000000000
499 1001656232937/1000000000000
501 1008092648279/1000000000000
503 504365473349/500000000000
505 1009211048279/1000000000000
507 202173355083/200000000000
509 1008454382901/1000000000000
511 1008454382901/1000000000000
513 504585105083/500000000000
515 1003996483801/1000000000000
517 1003996483801/1000000000000
519 1003406959377/1000000000000
521 1001639359377/1000000000000
523 62883789863/62500000000
525 1001012500309/1000000000000
527 62521039863/62500000000
529 999962861053/1000000000000
531 251377424583/250000000000
533 1005359581411/1000000000000
535 1005359581411/1000000000000
537 200453005337/200000000000
539 500871621803/500000000000
541 3908714321/3906250000
543 1004998235793/1000000000000
545 1004998235793/1000000000000
547 1004998235793/1000000000000
549 502685186137/500000000000
551 1009967845139/1000000000000
553 1010911237473/1000000000000
555 506707971813/500000000000
557 507175621813/500000000000
559 1009334743243/1000000000000
561 1000110050543/1000000000000
563 502702030649/500000000000
565 504306262813/500000000000
567 1004147235839/1000000000000
569 1011057682559/1000000000000
571 1017783988543/1000000000000
573 1010085903061/1000000000000
575 12631743537/12500000000
577 201087817799/200000000000
579 251486399741/250000000000
581 202406795303/200000000000
583 501893170463/500000000000
585 1010197288891/1000000000000
587 250509129943/250000000000
589 500075307091/500000000000
591 1008374940203/1000000000000
593 200300879653/200000000000
595 500075307091/500000000000
597 201390028763/200000000000
599 501584115087/500000000000
601 999966050811/1000000000000
603 201143116943/200000000000
605 201744595207/200000000000
607 999966050811/1000000000000
609 251466425409/250000000000
611 503887780129/500000000000
613 1000093934061/1000000000000
615 251466425409/250000000000
617 1000761369481/1000000000000
619 200013085913/200000000000
621 1007042458687/1000000000000
623 250992609067/250000000000
625 39998408419/40000000000
627 1041370242919/1000000000000
629 520801840661/500000000000
631 1038963942919/1000000000000
633 1036685388093/1000000000000
635 521076806639/500000000000
637 207363802157/200000000000
639 263119840879/250000000000
641 207363802157/200000000000
643 526559858887/500000000000
645 1031878310787/1000000000000
647 1055938443217/1000000000000
649 1031878310787/1000000000000
651 1055938443217/1000000000000
653 1030516140589/1000000000000
655 1053876493453/1000000000000
657 205283814109/200000000000
659 106804259681/100000000000
661 205283814109/200000000000
663 1078347548727/1000000000000
665 1024596721857/1000000000000
667 539072851691/500000000000
669 254640004793/250000000000
671 33763813331/31250000000
673 254184417621/250000000000
675 107442859241/100000000000
677 253728830449/250000000000
679 538287990937/500000000000
681 1001776837367/1000000000000
683 268292757101/250000000000
685 1006179037367/1000000000000
687 1065808589443/1000000000000
689 250385849741/250000000000
691 515401242949/500000000000
693 1031206595601/1000000000000
695 1026657758071/1000000000000
697 1026657758071/1000000000000
699 205044806421/200000000000
701 205046594907/200000000000
703 254693938253/250000000000
705 204765571557/200000000000
707 1095500640659/1000000000000
709 516050920913/500000000000
711 133153611133/125000000000
713 275530150093/250000000000
715 516050920913/500000000000
717 215140264533/200000000000
719 137629438447/125000000000
721 109526100037/100000000000
723 108589310037/100000000000
725 269684531701/250000000000
727 1083630478987/1000000000000
729 845498031/781250000
731 6785307373/6250000000
733 26859646509/25000000000
735 106960842211/100000000000
737 33590691919/31250000000
739 42853085989/40000000000
741 515401242949/500000000000
743 210259110871/200000000000
745 261733066863/250000000000
747 137675675953/125000000000
749 210259110871/200000000000
751 555166187733/500000000000
753 1101558360557/1000000000000
755 13548464159/12500000000
757 270970040221/250000000000
759 136420300609/125000000000
761 270970040221/250000000000
763 131143538469/125000000000
765 1043147761147/1000000000000
767 1042758457751/1000000000000
769 513450980573/500000000000
771 4174812831/4000000000
773 4156395031/4000000000
775 523522422181/500000000000
777 4152150231/4000000000
779 26223358609/25000000000
781 1040531809007/1000000000000
783 41981449871/40000000000
785 516050920913/500000000000
787 42028013871/40000000000
789 516050920913/500000000000
791 540117332481/500000000000
793 109608556243/100000000000
795 516050920913/500000000000
797 133418911133/125000000000
801 1064708358743/1000000000000
803 1058423787947/1000000000000
805 1061441381643/1000000000000
807 211544821581/200000000000
809 263798679127/250000000000
811 1052181271833/1000000000000
813 1055981558473/1000000000000
815 21087088019/20000000000
817 32041949577/31250000000
819 40443837623/40000000000
821 251008854129/250000000000
823 502826087487/500000000000
825 113379356743/100000000000
827 125907791571/125000000000
829 1132708694307/1000000000000
831 502593413109/500000000000
833 1129321040451/1000000000000
835 1005956987201/1000000000000
837 1127887954073/1000000000000
839 127458223849/125000000000
841 222246328539/200000000000
843 55410909901/50000000000
845 1111219672101/1000000000000
847 55410909901/50000000000
849 1108202140451/1000000000000
851 20743216513/20000000000
853 1108202140451/1000000000000
855 65750430529/62500000000
857 1094987775827/1000000000000
859 546399362633/500000000000
861 1077852715971/1000000000000
863 537372189483/500000000000
865 547821044619/500000000000
867 1089209575701/1000000000000
869 1089209575701/1000000000000
871 1072580025789/1000000000000
873 1071155229401/1000000000000
875 1092364547657/1000000000000
877 216096237983/200000000000
879 1075234070157/1000000000000
881 1142325314339/1000000000000
883 259214239233/250000000000
885 1065100263629/1000000000000
887 286275548733/250000000000
889 259214239233/250000000000
891 106610381913/100000000000
893 35932318591/31250000000
895 255795176409/250000000000
897 4264280369/4000000000
899 145660418603/125000000000
901 507306304941/500000000000
903 146395816089/125000000000
905 1014242076231/1000000000000
907 233242929887/200000000000
909 101392822253/100000000000
911 291102677941/250000000000
913 63560403189/62500000000
915 582058402473/500000000000
917 812730821/800000000
919 143407372293/125000000000
921 63425645259/62500000000
923 113379356743/100000000000
925 63425645259/62500000000
927 113379356743/100000000000
929 251348394827/250000000000
931 113379356743/100000000000
933 251356826547/250000000000
935 33674711409/31250000000
937 269538922109/250000000000
939 1099562735623/1000000000000
941 544294462417/500000000000
943 265112122109/250000000000
945 1094173898269/1000000000000
947 275404419533/250000000000
949 265112122109/250000000000
951 27133320007/25000000000
953 44109289611/40000000000
955 1060314765029/1000000000000
957 542899176699/500000000000
959 1101533621399/1000000000000
961 1053496143803/1000000000000
963 1080629856289/1000000000000
965 223898891761/200000000000
967 1053496143803/1000000000000
969 13501801853/12500000000
971 111559985451/100000000000
973 104038392263/100000000000
975 216407611047/200000000000
977 1119667671211/1000000000000
979 207565055233/200000000000
981 275385575747/250000000000
983 272099875747/250000000000
985 274053225747/250000000000
987 219239967449/200000000000
989 219239967449/200000000000
991 270608837591/250000000000
993 552646200779/500000000000
995 548106703867/500000000000
997 542860931159/500000000000
999 204965324967/200000000000
1001 1014947119817/1000000000000
1003 508372261531/500000000000
1005 1008833728561/1000000000000
1007 1014645776611/1000000000000
1009 509029100783/500000000000
1011 1006830193961/1000000000000
1013 1011262525067/1000000000000
1015 262033192971/250000000000
1017 100001959311/100000000000
1019 10008921699/10000000000
1021 209043900773/200000000000
1023 100001959311/100000000000
1025 999998663159/1000000000000
1027 20854768293/20000000000
1029 41434401727/40000000000
1031 25055980107/25000000000
1033 126957773091/125000000000
1035 1038619063343/1000000000000
1037 1024038182627/1000000000000
1039 8233605951/8000000000
1041 5091576989/5000000000
1043 129793520413/125000000000
1045 200299692069/200000000000
1047 266249758009/250000000000
1049 206945600453/200000000000
1051 1000097228061/1000000000000
1053 33382307251/31250000000
1055 504249741999/500000000000
1057 50087921487/50000000000
1059 33382307251/31250000000
1061 252060261399/250000000000
1063 252060261399/250000000000
1065 500145049443/500000000000
1067 13158414937/12500000000
1069 500805356729/500000000000
1071 500315722521/500000000000
1073 33053512857/31250000000
1075 500805356729/500000000000
1077 200499049511/200000000000
1079 16456186983/15625000000
1081 1001631643409/1000000000000
1083 500639938401/500000000000
1085 262289592971/250000000000
1087 100001959311/100000000000
1089 13841602859/12500000000
1091 1020225885259/1000000000000
1093 505010606759/500000000000
1095 125806593949/125000000000
1097 125806593949/125000000000
1099 502746465899/500000000000
1101 1005722492479/1000000000000
1103 1005722492479/1000000000000
1105 250712738091/250000000000
1107 125719505221/125000000000
1109 100153200963/100000000000
1111 100153200963/100000000000
1115 1004770837991/1000000000000
1117 1008789317011/1000000000000
1119 1008789317011/1000000000000
1121 1012758296679/1000000000000
1123 125225085273/125000000000
1125 1001615829011/1000000000000
1127 250461347423/250000000000
1129 1002766344697/1000000000000
1131 1002766344697/1000000000000
1133 62735536959/62500000000
1135 1002766344697/1000000000000
1137 1002766344697/1000000000000
1139 1002766344697/1000000000000
1141 1002766344697/1000000000000
1143 1002766344697/1000000000000
1145 1002766344697/1000000000000
1147 1004770837991/1000000000000
1149 1004770837991/1000000000000
1151 1004770837991/1000000000000
1153 1004770837991/1000000000000
1155 201216836623/200000000000
1157 1031466147149/1000000000000
1159 127090495517/125000000000
1161 201216836623/200000000000
1163 206014051459/200000000000
1165 202027651531/200000000000
1167 202027651531/200000000000
1169 251498946119/250000000000
1171 251498946119/250000000000
1173 1032958862867/1000000000000
1175 504726774381/500000000000
1177 503419874381/500000000000
1179 502509970749/500000000000
1181 50090525069/50000000000
1183 50090525069/50000000000
1185 100120259479/100000000000
1187 100120259479/100000000000
1189 1002484828623/1000000000000
1191 1002484828623/1000000000000
1193 503991513711/500000000000
1195 502817513711/500000000000
1197 503689114427/500000000000
1199 251756586843/250000000000
1201 502465632231/500000000000
1203 502465632231/500000000000
1205 502465632231/500000000000
1207 503843083123/500000000000
1209 503843083123/500000000000
1211 5073172381/5000000000
1213 127503239311/125000000000
1215 502886533123/500000000000
1217 1017262726909/1000000000000
1219 63636826679/62500000000
1221 6300821039/6250000000
1223 509018896333/500000000000
1225 6300821039/6250000000
1227 204014099597/200000000000
1229 6300821039/6250000000
1231 1031466147149/1000000000000
1233 1013528070449/1000000000000
1235 200349688327/200000000000
1237 501791522641/500000000000
1239 502505322641/500000000000
1241 1014388532461/1000000000000
1243 1019198348021/1000000000000
1245 1000333708287/1000000000000
1247 1000333708287/1000000000000
1249 1000526749187/1000000000000
1251 1000526749187/1000000000000
1253 1000196928243/1000000000000
1255 1000190275299/1000000000000
1257 200032389497/200000000000
1259 200032389497/200000000000
1261 1000640103279/1000000000000
1263 200168549073/200000000000
1265 500267670389/500000000000
1267 200168549073/200000000000
1269 501149020389/500000000000
1271 250175821501/250000000000
1273 250175821501/250000000000
1275 1002452204599/1000000000000
1277 254229544817/250000000000
1279 1004076079161/1000000000000
1281 254395794817/250000000000
1283 1001904850267/1000000000000
1285 500531390163/500000000000
1287 500531390163/500000000000
1289 250982143819/250000000000
1291 250982143819/250000000000
1293 501959611393/500000000000
1295 501194611393/500000000000
1297 125042336349/125000000000
1299 125077573849/125000000000
1301 125183223849/125000000000
1303 125183223849/125000000000
1305 125277686349/125000000000
1307 125277686349/125000000000
1309 1000205254237/1000000000000
1311 1000205254237/1000000000000
1313 200286514787/200000000000
1315 500245886967/500000000000
1317 200286514787/200000000000
1319 62498944349/62500000000
1321 200873154787/200000000000
1323 62498944349/62500000000
1325 200873154787/200000000000
1327 62498944349/62500000000
1329 201486914787/200000000000
1331 62498944349/62500000000
1333 1007891344063/1000000000000
1335 62498944349/62500000000
1337 1008577205317/1000000000000
1339 25037510317/25000000000
1341 1007840838553/1000000000000
1343 25037510317/25000000000
1345 1008154666101/1000000000000
1347 500647308927/500000000000
1349 1012621654259/1000000000000
1351 125219497851/125000000000
1353 1012621654259/1000000000000
1355 1001847979161/1000000000000
1357 1012621654259/1000000000000
1359 250561876503/250000000000
1361 1013850358763/1000000000000
1363 250561876503/250000000000
1365 1014519249209/1000000000000
1367 1000738750267/1000000000000
1369 6339603067/6250000000
1371 1004252850267/1000000000000
1373 254229544817/250000000000
1375 1004076079161/1000000000000
1377 250490067611/250000000000
1379 1001645741551/1000000000000
1381 1000490362701/1000000000000
1383 1000490362701/1000000000000
1385 504243201817/500000000000
1387 1006849617399/1000000000000
1389 201727304111/200000000000
1391 201727304111/200000000000
1393 1004015932829/1000000000000
1395 500005429649/500000000000
1397 502293479649/500000000000
1399 501525426319/500000000000
1401 201289258189/200000000000
1403 201062578189/200000000000
1405 1000595393849/1000000000000
1407 1000595393849/1000000000000
1409 1000595393849/1000000000000
1411 100159704341/100000000000
1413 1007454791983/1000000000000
1415 500328416477/500000000000
1417 500309506771/500000000000
1419 1000468896621/1000000000000
1421 31259781861/31250000000
1423 200367692959/200000000000
1425 200459152959/200000000000
1427 500399648313/500000000000
1429 500381132319/500000000000
1431 500381132319/500000000000
1433 501639569983/500000000000
1435 100224940261/100000000000
1437 100101484351/100000000000
1439 1000032224319/1000000000000
1441 250009723067/250000000000
1443 250009723067/250000000000
1445 62522864573/62500000000
1447 1019930548271/1000000000000
1449 12502962269/12500000000
1451 102261727933/100000000000
1453 12502962269/12500000000
1455 511674715869/500000000000
1457 12503454769/12500000000
1459 64033020129/62500000000
1461 250662197509/250000000000
1463 64033020129/62500000000
1465 250268917711/250000000000
1467 127697516259/125000000000
1469 250010948661/250000000000
1471 1002321172303/1000000000000
1473 1000521996057/1000000000000
1475 500241356973/500000000000
1477 500241356973/500000000000
1479 500140912033/500000000000
1481 500140912033/500000000000
1483 1000818188021/1000000000000
1485 62550206113/62500000000
1487 1000686668461/1000000000000
1489 500347326183/500000000000
1491 200612689239/200000000000
1493 500641630003/500000000000
1495 25029034983/25000000000
1497 500385668361/500000000000
1499 25029034983/25000000000
1501 1000541776041/1000000000000
1503 501805600983/500000000000
1505 1000004327689/1000000000000
1507 1004484576041/1000000000000
1509 249994215653/250000000000
1511 503163272991/500000000000
1513 249994215653/250000000000
1515 1007132409279/1000000000000
1517 1000312327689/1000000000000
1519 1007551609269/1000000000000
1521 25005604249/25000000000
1523 504024304637/500000000000
1525 25005604249/25000000000
1527 506510754637/500000000000
1529 1001228051549/1000000000000
1531 506510754637/500000000000
1533 200161219797/200000000000
1535 506510754637/500000000000
1537 200161219797/200000000000
1539 507006533793/500000000000
1541 500119704637/500000000000
1543 507570583793/500000000000
1545 1000177076851/1000000000000
1547 507570583793/500000000000
1549 1000054835163/1000000000000
1551 1018587748271/1000000000000
1553 1000238197191/1000000000000
1555 1000469200789/1000000000000
1557 62596360929/62500000000
1559 200218106513/200000000000
1561 1000399397707/1000000000000
1563 1004730862453/1000000000000
1565 200315294539/200000000000
1567 1004730862453/1000000000000
1569 200315294539/200000000000
1571 200369166513/200000000000
1573 1000399397707/1000000000000
1575 1004346709281/1000000000000
1577 1002312497707/1000000000000
1579 1003951235987/1000000000000
1581 1003951235987/1000000000000
1583 503417164503/500000000000
1585 1003951235987/1000000000000
1589 250178339761/250000000000
1591 1601726337/1600000000
1593 1604212257/1600000000
1595 200786218359/200000000000
1597 504980451883/500000000000
1599 500174316309/500000000000
1601 500241316309/500000000000
1603 200065516711/200000000000
1605 500137792957/500000000000
1607 1000082264639/1000000000000
1609 1000082264639/1000000000000
1611 1000082264639/1000000000000
1613 40079048693/40000000000
1615 40013188693/40000000000
1617 40013188693/40000000000
1619 501091742669/500000000000
1621 500755792669/500000000000
1623 200066961281/200000000000
1625 200045872931/200000000000
1627 125047435197/125000000000
1629 250178339761/250000000000
1631 20433839657/20000000000
1633 125065035427/125000000000
1635 256117282493/250000000000
1637 1001938469959/1000000000000
1639 513842648963/500000000000
1641 500765434977/500000000000
1643 514318432941/500000000000
1645 200285104547/200000000000
1647 516533386557/500000000000
1649 501065408111/500000000000
1651 250891654939/250000000000
1653 1000651942009/1000000000000
1655 1036966292311/1000000000000
1657 1001873204181/1000000000000
1659 1002675512531/1000000000000
1661 500101127557/500000000000
1663 500167434567/500000000000
1665 500167434567/500000000000
1667 250095305521/250000000000
1669 200619911609/200000000000
1671 200619911609/200000000000
1673 501626330693/500000000000
1675 503009706181/500000000000
1677 1001153847039/1000000000000
1679 1004604747039/1000000000000
1681 1001338647039/1000000000000
1683 1004604747039/1000000000000
1685 1000789609183/1000000000000
1687 251371745577/250000000000
1689 500755728507/500000000000
1691 503815883869/500000000000
1693 250093355041/250000000000
1695 1006666540863/1000000000000
1697 1001152750769/1000000000000
1699 1007399706101/1000000000000
1701 1000466100591/1000000000000
1703 504663533869/500000000000
1705 500627434977/500000000000
1707 2523646567/2500000000
1709 500627434977/500000000000
1711 1011161806667/1000000000000
1713 500627434977/500000000000
1715 1011161806667/1000000000000
1717 250466832127/250000000000
1719 202851992541/200000000000
1721 250466832127/250000000000
1723 202882972541/200000000000
1725 125079760427/125000000000
1727 508645784977/500000000000
1729 125079760427/125000000000
1731 510308813001/500000000000
1733 1000595669959/1000000000000
1735 511482813001/500000000000
1737 125079760427/125000000000
1739 1014419113061/1000000000000
1741 202485715041/200000000000
1743 1010581113061/1000000000000
1745 1018554421573/1000000000000
1747 1004425712363/1000000000000
1749 1003258212363/1000000000000
1751 1005782317873/1000000000000
1753 1002213139243/1000000000000
1755 200339112663/200000000000
1757 1001189661707/1000000000000
1759 1000236773549/1000000000000
1761 1002200181987/1000000000000
1763 1012648418959/1000000000000
1765 1003173589631/1000000000000
1767 100565347713/100000000000
1769 100565347713/100000000000
1771 1001155908931/1000000000000
1773 100165017713/100000000000
1775 100186104217/100000000000
1777 1000802764491/1000000000000
1779 502258142949/500000000000
1781 200954649961/200000000000
1783 1002299334879/1000000000000
1785 40122184967/40000000000
1787 62599044777/62500000000
1789 1001105213029/1000000000000
1791 1001105213029/1000000000000
1793 250273605279/250000000000
1795 50137086809/50000000000
1797 41428183091/40000000000
1799 1006469057523/1000000000000
1801 502491975421/500000000000
1803 502683525421/500000000000
1805 1005411750841/1000000000000
1807 1005490578957/1000000000000
1809 1003265896247/1000000000000
1811 200294255969/200000000000
1813 200294255969/200000000000
1815 200294255969/200000000000
1817 20004483597/20000000000
1819 20004483597/20000000000
1821 20004483597/20000000000
1823 20049977597/20000000000
1825 250781620569/250000000000
1827 1000715879851/1000000000000
1829 1000715879851/1000000000000
1831 207176560647/200000000000
1833 205963340647/200000000000
1835 20786497557/20000000000
1837 511549001617/500000000000
1839 1017226674451/1000000000000
1841 506607541411/500000000000
1843 1012711300107/1000000000000
1845 257809612279/250000000000
1847 1034870323513/1000000000000
1849 126064530081/125000000000
1851 514247313143/500000000000
1855 200921600157/200000000000
1857 63009316571/62500000000
1859 4066456857/4000000000
1861 4069478057/4000000000
1863 4061946057/4000000000
1865 203475808123/200000000000
1867 507807721361/500000000000
1869 505775431097/500000000000
1871 252883498431/250000000000
1873 503160326303/500000000000
1875 102377981369/100000000000
1877 102192561369/100000000000
1879 1016710402589/1000000000000
1881 1005359288769/1000000000000
1883 1007899154651/1000000000000
1885 102751727979/100000000000
1887 201461739983/200000000000
1889 1010171954651/1000000000000
1891 202626580873/200000000000
1893 202626580873/200000000000
1895 126701550971/125000000000
1897 507755001359/500000000000
1899 1016979910461/1000000000000
1901 1016979910461/1000000000000
1903 1012809515511/1000000000000
1905 1012809515511/1000000000000
1907 202920720297/200000000000
1909 1002215695319/1000000000000
1911 1002215695319/1000000000000
1913 1006838862513/1000000000000
1915 1006838862513/1000000000000
1919 250129215379/250000000000
1921 40419066543/40000000000
1923 1000326782949/1000000000000
1925 1027889809361/1000000000000
1927 251491290949/250000000000
1929 1005180593847/1000000000000
1931 1001315252097/1000000000000
1933 1001128993803/1000000000000
1935 8008761503/8000000000
1937 1002247393803/1000000000000
1939 501592927331/500000000000
1941 100433806059/100000000000
1943 1000027789277/1000000000000
1945 1000027789277/1000000000000
1947 1000027789277/1000000000000
1949 20285650173/20000000000
1951 125041180061/125000000000
1953 1039807354949/1000000000000
1955 527539875363/500000000000
1957 104011597349/100000000000
1959 204408597267/200000000000
1961 200424809469/200000000000
1963 1022096787543/1000000000000
1965 1001740963943/1000000000000
1967 1024162556351/1000000000000
1969 1001250397949/1000000000000
1971 10248388039/10000000000
1973 1001250397949/1000000000000
1975 512936170707/500000000000
1977 1001252129917/1000000000000
1979 255095298327/250000000000
1981 1041266615263/1000000000000
1983 4001580127/4000000000
1985 1016842930621/1000000000000
1987 1026900366829/1000000000000
1989 500537175581/500000000000
1991 251099743607/250000000000
1993 1024856012941/1000000000000
1995 1000200481093/1000000000000
1997 500301752899/500000000000
1999 514371606681/500000000000
2001 1004973113081/1000000000000
2003 250653200221/250000000000
2005 1003620740627/1000000000000
2007 1003620740627/1000000000000
2009 1003561648381/1000000000000
2011 250527120019/250000000000
2013 250527120019/250000000000
2015 1000050490933/1000000000000
2017 1000067951933/1000000000000
2019 125009241983/125000000000
2021 1060445467663/1000000000000
2023 1062628446867/1000000000000
2025 1059666167663/1000000000000
2027 252179879397/250000000000
2029 1001432838443/1000000000000
2031 131811374151/125000000000
2033 1011735379913/1000000000000
2035 200030822879/200000000000
2037 522488317723/500000000000
2039 506801594619/500000000000
2041 125060583571/125000000000
2043 501910035087/500000000000
2045 250933125291/250000000000
2047 250933125291/250000000000
2049 1002784893117/1000000000000
2051 261366435231/250000000000
2053 130217389337/125000000000
2055 1022471393759/1000000000000
2057 20426802897/20000000000
2059 1054523313091/1000000000000
2061 525467081763/500000000000
2063 1016933707393/1000000000000
2065 1016209304537/1000000000000
2067 127804500509/125000000000
2069 512803613437/500000000000
2071 1014823209561/1000000000000
2073 1019015777937/1000000000000
2075 1152391411759/1000000000000
2077 1046636010787/1000000000000
2079 143232912509/125000000000
2081 1037351763899/1000000000000
2083 285842782417/250000000000
2085 1037351763899/1000000000000
2087 1138552689277/1000000000000
2089 1038963942919/1000000000000
2091 1125981037127/1000000000000
2093 562826685787/500000000000
2095 560012921143/500000000000
2097 279514104569/250000000000
2099 564697891751/500000000000
2101 264515104443/250000000000
2103 139349366783/125000000000
2105 1064260240391/1000000000000
2107 1104548185093/1000000000000
2109 551049351149/500000000000
2111 541901648531/500000000000
2113 1080842246099/1000000000000
2115 512948917587/500000000000
2117 1098509552733/1000000000000
2119 1097914750463/1000000000000
2121 538084577917/500000000000
2123 536453835911/500000000000
2125 1021009193639/1000000000000
2127 63464452407/62500000000
2129 71996640201/62500000000
2131 267724419197/250000000000
2133 1159589262649/1000000000000
2135 267724419197/250000000000
2137 116416500957/100000000000
2139 534595888393/500000000000
2141 116416500957/100000000000
2143 534595888393/500000000000
2145 284559477551/250000000000
2147 1039920639711/1000000000000
2149 534595888393/500000000000
2151 229605627953/200000000000
2153 519261243927/500000000000
2155 213016515357/200000000000
2157 1175539218207/1000000000000
2159 213016515357/200000000000
2161 1171660335241/1000000000000
2163 213016515357/200000000000
2165 293380830127/250000000000
2167 213016515357/200000000000
2169 292601692951/250000000000
2171 53181874117/50000000000
2173 290047222451/250000000000
2175 1050214540589/1000000000000
2177 1159936903349/1000000000000
2179 1050214540589/1000000000000
2181 46201449807/40000000000
2183 1045273840591/1000000000000
2185 46201449807/40000000000
2187 1045273840591/1000000000000
2189 555206903337/500000000000
2191 555206903337/500000000000
2193 1086978507067/1000000000000
2195 1112321271713/1000000000000
2197 1112321271713/1000000000000
2199 1106969102473/1000000000000
2201 134729128897/125000000000
2203 11064548529/10000000000
2205 562824579457/500000000000
2207 134729128897/125000000000
2209 1105650173021/1000000000000
2211 563309661083/500000000000
2213 535118038939/500000000000
2215 1092069507167/1000000000000
2217 141963571347/125000000000
2219 535118038939/500000000000
2221 271755090403/250000000000
2223 1131248231749/1000000000000
2225 532435071959/500000000000
2227 1083955907167/1000000000000
2229 4323701791/3906250000
2231 552632072877/500000000000
2233 1111136547707/1000000000000
2235 1098748847707/1000000000000
2237 1118253914327/1000000000000
2239 556607223853/500000000000
2241 1111445461269/1000000000000
2243 556203481629/500000000000
2245 555060804349/500000000000
2247 1097711852703/1000000000000
2255 266122801559/250000000000
2257 1068600406237/1000000000000
2259 1113158249041/1000000000000
2261 52869787903/50000000000
2263 535450404557/500000000000
2265 533057214217/500000000000
2269 1090276321303/1000000000000
2271 540008608289/500000000000
2273 108282643637/100000000000
2275 536282784341/500000000000
2277 1066527565221/1000000000000
2279 1063311848031/1000000000000
2281 536904622203/500000000000
2283 265494369399/250000000000
2285 1050954257433/1000000000000
2287 103328439193/100000000000
2289 2288186993/2000000000
2291 1137334717471/1000000000000
2293 225733510291/200000000000
2295 1133889789571/1000000000000
2297 278571370979/250000000000
2299 554293440223/500000000000
2301 1133636347303/1000000000000
2303 1118330425171/1000000000000
2305 1109675426201/1000000000000
2307 1103804178871/1000000000000
2309 273272749587/250000000000
2311 1102242529091/1000000000000
2313 1101373569911/1000000000000
2315 271564786961/250000000000
2317 270748349829/250000000000
2319 558902422751/500000000000
2321 111641442631/100000000000
2323 111641442631/100000000000
2325 111641442631/100000000000
2327 111391652631/100000000000
2329 1115264945717/1000000000000
2331 1109288842307/1000000000000
2337 260860655271/250000000000
2339 1037344128753/1000000000000
2341 1027301753789/1000000000000
2343 254865036001/250000000000
2345 1040776111069/1000000000000
2347 524224607459/500000000000
2349 101932657679/100000000000
2351 1023213022939/1000000000000
2353 537529553209/500000000000
2355 210893018051/200000000000
2357 55719065447/50000000000
2359 215284009401/200000000000
2361 553831394873/500000000000
2363 105424554727/100000000000
2365 1060769642763/1000000000000
2367 131369405211/125000000000
2369 20740686951/20000000000
2371 1032234615563/1000000000000
2373 1003741873847/1000000000000
2375 251033615733/250000000000
2377 1078475075367/1000000000000
2379 1078475075367/1000000000000
2381 216505230047/200000000000
2383 63046181941/62500000000
2385 503705224303/500000000000
2387 1011221390941/1000000000000
2395 506944053211/500000000000
2397 1008437665747/1000000000000
2399 501848810167/500000000000
2401 100517566971/100000000000
2403 40311680019/40000000000
2421 125221273347/125000000000
2423 125221273347/125000000000
2425 1000098752437/1000000000000
2427 1000098752437/1000000000000
2429 1000098752437/1000000000000
2431 1000098752437/1000000000000
2433 1000098752437/1000000000000
2435 1000098752437/1000000000000
2437 20002190887/20000000000
2439 1001050344351/1000000000000
2441 1001645741551/1000000000000
2443 250490067611/250000000000
2445 200272580147/200000000000
2447 125547841467/125000000000
2459 252547553717/250000000000
2461 1009102302757/1000000000000
2463 1009102302757/1000000000000
2465 1009806065721/1000000000000
2467 201712550339/200000000000
2469 1006768665721/1000000000000
2471 1006768665721/1000000000000
2473 1005309078689/1000000000000
2475 1005309078689/1000000000000
2477 1005309078689/1000000000000
2479 1005309078689/1000000000000
2513 1010795875481/1000000000000
2515 63497016093/62500000000
2517 1008134880829/1000000000000
2519 503777753271/500000000000
2521 502715103271/500000000000
2523 502432235277/500000000000
2525 1003617997429/1000000000000
2527 1003617997429/1000000000000
2529 1002546936597/1000000000000
2531 1003674836597/1000000000000
2533 1003674836597/1000000000000
2535 200954083941/200000000000
2537 1004337542043/1000000000000
2539 200885277393/200000000000
2541 1003583613661/1000000000000
2543 1003583602957/1000000000000
2555 201282262419/200000000000
2557 201308965067/200000000000
2559 201291582419/200000000000
2561 200920162419/200000000000
2563 502432867969/500000000000
2565 502432867969/500000000000
2567 502073756927/500000000000
2569 502073756927/500000000000
2571 502612281893/500000000000
2573 502612281893/500000000000
2575 15754281731/15625000000
2595 1010755217873/1000000000000
2597 1012271448071/1000000000000
2599 1013008620067/1000000000000
2601 1007960474409/1000000000000
2603 501748364317/500000000000
2605 502908064317/500000000000
2607 128997429049/125000000000
2609 128894716549/125000000000
2611 1280368377/1250000000
2613 256782427593/250000000000
2615 512086336999/500000000000
2633 128396870211/125000000000
2635 128598250993/125000000000
2637 103354624253/100000000000
2649 254612928229/250000000000
2651 510208481789/500000000000
2653 255165853229/250000000000
2655 1019720045829/1000000000000
2657 510957277607/500000000000
2659 1031879490737/1000000000000
2661 129351583201/125000000000
2663 127925069137/125000000000
2665 128396870211/125000000000
2699 1010265282187/1000000000000
2701 1010265282187/1000000000000
2703 1010265282187/1000000000000
2705 126670923439/125000000000
2707 506746590039/500000000000
2709 506746590039/500000000000
2711 506746590039/500000000000
2713 507746035239/500000000000
2715 507746035239/500000000000
2717 254313595103/250000000000
2719 638342257/625000000
2721 1022173385739/1000000000000
2723 512848102243/500000000000
2735 501662010791/500000000000
2737 501881105481/500000000000
2739 501881105481/500000000000
2741 501881105481/500000000000
2743 501881105481/500000000000
2745 50157156879/50000000000
2747 1003897515453/1000000000000
2749 1003897515453/1000000000000
2751 195834801/195312500
2753 195834801/195312500
2755 1000652828937/1000000000000
2789 1027903301459/1000000000000
2791 25647346729/25000000000
2793 32050444313/31250000000
2795 250427552491/250000000000
2797 1004935556493/1000000000000
2799 1004935556493/1000000000000
2801 501171377923/500000000000
2803 1002841458873/1000000000000
2805 109187401013/100000000000
2807 1081013683597/1000000000000
2809 42974037299/40000000000
2811 1027470641179/1000000000000
2813 515084226753/500000000000
2821 1087316041753/1000000000000
2823 1091768524411/1000000000000
2825 1091768524411/1000000000000
2827 1089362224411/1000000000000
2829 1088594394399/1000000000000
2831 1088594394399/1000000000000
2833 1004315276037/1000000000000
2835 1004935556493/1000000000000
2837 250427552491/250000000000
2857 524559255721/500000000000
2859 1034205306641/1000000000000
2861 64974633767/62500000000
2863 205735027537/200000000000
2865 1023886837657/1000000000000
2867 1027454568859/1000000000000
2869 131458442783/125000000000
2871 52768180509/50000000000
2873 129365491779/125000000000
2875 103794669583/100000000000
2877 1109895469977/1000000000000
2879 1137619782051/1000000000000
2881 1133548718221/1000000000000
2883 14372886871/12500000000
2885 565964861647/500000000000
2887 563525445569/500000000000
2889 1054810873681/1000000000000
2891 1039987544671/1000000000000
2893 1043096646251/1000000000000
2895 259390536819/250000000000
2897 259852103671/250000000000
2899 206398504993/200000000000
2901 1034669973/1000000000
2903 206632243451/200000000000
2905 513637799877/500000000000
2907 20511655217/20000000000
2909 1153659012243/1000000000000
2911 144866184759/125000000000
2913 556438798561/500000000000
2915 1119072801793/1000000000000
2917 571233360839/500000000000
2919 1127529300969/1000000000000
2921 1110635344161/1000000000000
2923 549608436311/500000000000
2925 589261567661/500000000000
2927 292054577201/250000000000
2929 114203478691/100000000000
2931 563781719387/500000000000
2933 1153820004143/1000000000000
2935 1118498765931/1000000000000
2937 13809800301/12500000000
2939 1081349347221/1000000000000
2941 279853286947/250000000000
2943 1124084069873/1000000000000
2945 1087763837439/1000000000000
2947 547885820763/500000000000
2949 1121861712883/1000000000000
2951 282614822819/250000000000
2953 577512024933/500000000000
2955 1163571814327/1000000000000
2957 17916531809/15625000000
2959 228981354337/200000000000
2961 140175348649/125000000000
2963 1118801256493/1000000000000
2965 549405595997/500000000000
2967 220993455469/200000000000
2969 212248779483/200000000000
2971 534243668307/500000000000
2973 1111946954561/1000000000000
2975 279804918603/250000000000
2977 541875375497/500000000000
2979 1090471773173/1000000000000
2981 1123559934871/1000000000000
2983 215680541569/200000000000
2985 114091657079/100000000000
2987 1090652819463/1000000000000
2989 1087117314497/1000000000000
2991 1113021264219/1000000000000
2993 1049896593761/1000000000000
2995 267643182043/250000000000
2997 583566198993/500000000000
2999 293366435709/250000000000
3001 119130478393/100000000000
3003 590695054111/500000000000
3005 1155003880247/1000000000000
3007 22885055223/20000000000
3009 1204493513637/1000000000000
3011 1195660454297/1000000000000
3013 18140423213/15625000000
3015 590675895037/500000000000
3017 292028042217/250000000000
3019 141546466507/125000000000
3021 1161376912941/1000000000000
3023 18210656881/15625000000
3025 1131950306357/1000000000000
3027 569786485477/500000000000
3029 300398256497/250000000000
3031 294214177863/250000000000
3033 1148290605173/1000000000000
3035 1136287659399/1000000000000
3037 1144438937087/1000000000000
3039 225619939509/200000000000
3041 578281058367/500000000000
3043 1163560757633/1000000000000
3045 1137352044669/1000000000000
3047 573706669513/500000000000
3049 557170443343/500000000000
3051 550701293759/500000000000
3053 1198371682363/1000000000000
3055 149519183273/125000000000
3057 1211183162297/1000000000000
3059 1189948159913/1000000000000
3061 1186322574123/1000000000000
3063 608689537083/500000000000
3065 1191123044269/1000000000000
3067 1213981668137/1000000000000
3069 15180060041/12500000000
3071 1220199536859/1000000000000
3073 1186138546947/1000000000000
3075 1198765772889/1000000000000
3077 1195887102203/1000000000000
3079 1201133534387/1000000000000
3081 1195634027993/1000000000000
3083 1154606100123/1000000000000
3089 144557240661/125000000000
3091 292718796531/250000000000
3093 1196109801149/1000000000000
3095 11663101931/10000000000
3097 1174602769019/1000000000000
3099 219207777827/200000000000
3101 268301153277/250000000000
3103 1114698188959/1000000000000
3105 1097910327349/1000000000000
3107 567120346791/500000000000
3109 1102986558619/1000000000000
3111 561580223743/500000000000
3113 137315107667/125000000000
3115 49141378489/40000000000
3117 1253471507253/1000000000000
3119 1246903569921/1000000000000
3121 620714558873/500000000000
3123 1058778865567/1000000000000
3125 269034971097/250000000000
3127 268267111109/250000000000
3129 1045298925739/1000000000000
3135 507721226103/500000000000
3137 515801381377/500000000000
3143 529806324457/500000000000
3147 541991846811/500000000000
3149 129585972207/125000000000
3151 1057868369381/1000000000000
3153 519969090791/500000000000
3155 53628815311/50000000000
3157 4199696511/3906250000
3159 1082970240311/1000000000000
3161 1098413860561/1000000000000
3201 1187752136357/1000000000000
3203 1192998722337/1000000000000
3205 1177380447053/1000000000000
3207 1199678201833/1000000000000
3209 1211969750933/1000000000000
3211 1211172858337/1000000000000
3213 1197776208423/1000000000000
3215 300426590579/250000000000
3217 301446249941/250000000000
3219 1172434569213/1000000000000
3221 5816017891/5000000000
3223 584436764067/500000000000
3225 73932832999/62500000000
3227 1188998972649/1000000000000
3229 1189647268499/1000000000000
3231 298930559911/250000000000
3233 73541344009/62500000000
3235 1060666183763/1000000000000
3237 139074534767/125000000000
3239 214676569923/200000000000
3241 522992304517/500000000000
3243 1050121058727/1000000000000
3245 523187623361/500000000000
3247 211348119551/200000000000
3249 500022715101/500000000000
3251 67419178931/62500000000
3253 512776244003/500000000000
3255 1084017697051/1000000000000
3257 135214186021/125000000000
3259 1117671162443/1000000000000
3261 129296658213/125000000000
3263 43749518701/40000000000
3265 524651649761/500000000000
3267 132044103239/125000000000
3269 540898320433/500000000000
3271 132749785573/125000000000
3273 137336497049/125000000000
3279 128945774581/125000000000
3281 1033822884909/1000000000000
3285 1103422209793/1000000000000
3289 1075777925089/1000000000000
3291 259203726633/250000000000
3293 1037911664513/1000000000000
3295 51602725341/50000000000
3297 501933441821/500000000000
3299 105123972309/100000000000
3301 1003890672319/1000000000000
3303 1038056209059/1000000000000
3305 110304018503/100000000000
3307 5370884351/5000000000
3309 107208311779/100000000000
3311 546331354503/500000000000
3339 1073078079581/1000000000000
3341 270058824793/250000000000
3345 1197851843757/1000000000000
3347 1238534143117/1000000000000
3349 601552605927/500000000000
3351 529888761617/500000000000
3353 533124019433/500000000000
3355 533726487557/500000000000
3357 1027540970781/1000000000000
3359 1035612290237/1000000000000
3361 1036174743681/1000000000000
3363 525017642739/500000000000
3365 53595035199/50000000000
3367 42962651623/40000000000
3369 263552306917/250000000000
3371 1061816540649/1000000000000
3373 1062097924717/1000000000000
3375 266291224767/250000000000
3377 1059124513613/1000000000000
3379 533208097363/500000000000
3381 266975472887/250000000000
3383 134030131423/125000000000
3385 535150113727/500000000000
3387 1081490504999/1000000000000
3393 1010209642591/1000000000000
3395 1002386584973/1000000000000
3399 1015692535127/1000000000000
3401 102878555771/100000000000
3407 514196310101/500000000000
3409 1054954364389/1000000000000
3415 1081975400943/1000000000000
3417 504908985861/500000000000
3419 1006372558763/1000000000000
3421 507575637013/500000000000
3423 1027297703291/1000000000000
3425 1043763428521/1000000000000
3427 537908629627/500000000000
3429 211677011431/200000000000
3431 134996954173/125000000000
3433 41678600139/40000000000
3435 1091376536661/1000000000000
3437 1044299788747/1000000000000
3439 1074154326093/1000000000000
3441 1067939766523/1000000000000
3443 66631211359/62500000000
3499 1043244332431/1000000000000
3501 269580100437/250000000000
3503 104606290709/100000000000
3505 55382333399/50000000000
3507 1018787415723/1000000000000
3509 530788474127/500000000000
3511 1022653135573/1000000000000
3513 266358515117/250000000000
3515 517624361949/500000000000
3517 259244535853/250000000000
3519 543973363293/500000000000
3521 508965336627/500000000000
3523 529904634397/500000000000
3525 520546174993/500000000000
3527 1032239319609/1000000000000
3533 504952797713/500000000000
3535 1020202608201/1000000000000
3541 1026099058611/1000000000000
3547 1061573960507/1000000000000
3549 1024497398841/1000000000000
3551 1030207203883/1000000000000
3553 102309663489/100000000000
3555 103144066759/100000000000
3557 506836889339/500000000000
3559 1056269884403/1000000000000
3561 204300379121/200000000000
3563 518943443239/500000000000
3565 531218189847/500000000000
3607 1238156164473/1000000000000
3609 1226692388939/1000000000000
3611 38583023753/31250000000
3613 313226706343/250000000000
3615 622189009409/500000000000
3617 618495036233/500000000000
3619 1046361926081/1000000000000
3621 1017755960577/1000000000000
3623 126926126529/125000000000
3625 1024320772463/1000000000000
3627 1021823404263/1000000000000
3629 511471777407/500000000000
3631 134366789273/125000000000
3633 208501016027/200000000000
3635 550353668591/500000000000
3637 66281593719/62500000000
3639 1075008467793/1000000000000
3641 68155794107/62500000000
3643 206488716733/200000000000
3645 551138656957/500000000000
3647 42598552791/40000000000
3649 269522058823/250000000000
3651 1103425197749/1000000000000
3653 253357198497/250000000000
3655 501564626789/500000000000
3657 203268751339/200000000000
3659 63136654571/62500000000
3661 25039434219/25000000000
3663 32329083647/31250000000
3665 1006315039007/1000000000000
3667 527415031273/500000000000
3669 250285835893/250000000000
3671 8052672827/7812500000
3673 210027962123/200000000000
3675 210090908033/200000000000
3677 1047885297291/1000000000000
3679 1057216716833/1000000000000
3681 534182091573/500000000000
3683 1010775656093/1000000000000
3685 1004605764967/1000000000000
3687 101832453249/100000000000
3689 1019782469639/1000000000000
3691 40661762317/40000000000
3693 1054727858803/1000000000000
3695 210377753137/200000000000
3697 535972384231/500000000000
3699 1047945625471/1000000000000
3701 1048815428481/1000000000000
3703 1061385125451/1000000000000
3705 539086063523/500000000000
3711 1011749204271/1000000000000
3713 1005287323917/1000000000000
3719 502707087173/500000000000
3721 1001062646333/1000000000000
3727 200551398683/200000000000
3729 1000227050343/1000000000000
3735 506385661193/500000000000
3737 1018511008157/1000000000000
3739 1008958557461/1000000000000
3741 1004173009251/1000000000000
3743 1006787745179/1000000000000
3745 786577059/781250000
3747 1009030181853/1000000000000
3749 1006529301151/1000000000000
3751 501490857041/500000000000
3753 1000547120383/1000000000000
3755 1001601259983/1000000000000
3757 125673512503/125000000000
3759 1001737063599/1000000000000
3761 15648556453/15625000000
3763 128838779739/125000000000
3765 515522262047/500000000000
3767 516453067179/500000000000
3769 1032937024699/1000000000000
3835 588947609487/500000000000
3837 298625835653/250000000000
3839 1217587879429/1000000000000
3841 590779047613/500000000000
3843 1187878836709/1000000000000
3845 1196345594467/1000000000000
3847 1205411477653/1000000000000
3849 1201639401981/1000000000000
3851 1190764597651/1000000000000
3853 238354480733/200000000000
3855 301205920029/250000000000
3857 234888552563/200000000000
3859 1188978365291/1000000000000
3861 1162367999997/1000000000000
3863 1183677683029/1000000000000
3865 1020648565111/1000000000000
3867 126715631953/125000000000
3869 1019479216757/1000000000000
3871 510462881297/500000000000
3873 514027670543/500000000000
3875 136739289269/125000000000
3877 103886497791/100000000000
3879 1087087059641/1000000000000
3881 1023104984317/1000000000000
3883 65261124519/62500000000
3885 129901773763/125000000000
3887 202484835033/200000000000
3889 125836704113/125000000000
3891 63166072249/62500000000
3893 1011602380641/1000000000000
3895 63488577677/62500000000
3897 251854835647/250000000000
3899 1017596106823/1000000000000
3901 7901744841/7812500000
3903 1014156238179/1000000000000
3905 1018902391361/1000000000000
3907 1011508091363/1000000000000
3909 51283260931/50000000000
3911 502904546603/500000000000
3913 10586053633/10000000000
3915 130113575133/125000000000
3917 539744049057/500000000000
3919 1011163050509/1000000000000
3921 1008166419787/1000000000000
3923 203238740509/200000000000
3925 1012373573701/1000000000000
3927 507868574761/500000000000
3929 126927466839/125000000000
3931 509567083741/500000000000
3933 1022680558703/1000000000000
3935 1015244585467/1000000000000
3937 1085765440883/1000000000000
3939 10216469337/10000000000
3941 541838401303/500000000000
3943 255744213/250000000
3945 1016151765861/1000000000000
3947 509153029499/500000000000
3949 1014965217211/1000000000000
3951 203469671423/200000000000
3953 1011654797011/1000000000000
3955 10157188279/10000000000
3957 1005717912763/1000000000000
3959 1032207273643/1000000000000
3961 1046018158319/1000000000000
3963 1024306244167/1000000000000
3965 1043726088659/1000000000000
3967 62805926161/62500000000
3969 20006931261/20000000000
3971 501690406733/500000000000
3973 250721889273/250000000000
3975 127304704789/125000000000
3977 203618222001/200000000000
3979 40686276163/40000000000
3981 1016495059831/1000000000000
3983 1008549617781/1000000000000
3985 1006609469451/1000000000000
3987 505208530177/500000000000
3989 251953714257/250000000000
3991 102368328179/100000000000
3993 526283599411/500000000000
3995 511652937327/500000000000
3997 41985598357/40000000000
3999 1001465095739/1000000000000
4001 200141632477/200000000000
4003 50189215571/50000000000
4005 505807594447/500000000000
4011 129688528347/125000000000
4013 1042275036703/1000000000000
4019 51020411131/50000000000
4021 1017833915773/1000000000000
4025 522889718697/500000000000
4027 518142481941/500000000000
4033 502992288793/500000000000
4035 1006692473711/1000000000000
4037 102380482057/100000000000
4039 509810222519/500000000000
4041 510926330613/500000000000
4043 254139411521/250000000000
4045 1013567352913/1000000000000
4047 1002010167371/1000000000000
4049 40615612859/40000000000
4051 50200528631/50000000000
4053 507694234139/500000000000
4055 1042784402073/1000000000000
4057 209659642563/200000000000
4059 100906270489/100000000000
4061 504554547233/500000000000
4063 100664038429/100000000000
4065 100785030149/100000000000
4115 207478190613/200000000000
4117 523240458279/500000000000
4119 1031722767891/1000000000000
4121 44306473717/40000000000
4123 53270916813/50000000000
4125 16418204843/15625000000
4127 51574301923/50000000000
4129 525302193959/500000000000
4131 532190467623/500000000000
4133 260824898873/250000000000
4135 524721364977/500000000000
4139 1058362629797/1000000000000
4143 265296348933/250000000000
4145 529698025373/500000000000
4147 105886193437/100000000000
4149 1034630071861/1000000000000
4151 1062623312419/1000000000000
4153 262655838743/250000000000
4167 1049308584093/1000000000000
4169 521261347099/500000000000
4171 1103462241233/1000000000000
4173 276173776823/250000000000
4175 261793294187/250000000000
4177 1050696422109/1000000000000
4179 42523749561/40000000000
4181 1061637367863/1000000000000
4183 1009825150049/1000000000000
4185 1037559955987/1000000000000
4187 509088173099/500000000000
4189 1027248665347/1000000000000
4191 265461859469/250000000000
4193 213120774427/200000000000
4195 8573668633/8000000000
4197 1058452883577/1000000000000
4199 1051305295143/1000000000000
4201 273066772679/250000000000
4203 1033429919181/1000000000000
4205 1038333500161/1000000000000
4207 21229546101/20000000000
4209 1074995282517/1000000000000
4211 125096851031/125000000000
4213 1018247913/1000000000
4215 100502146831/100000000000
4217 1028130409761/1000000000000
4219 1016683700049/1000000000000
4221 131352453839/125000000000
4223 1022321459707/1000000000000
4225 208340553163/200000000000
4227 1055281839613/1000000000000
4229 1081880031531/1000000000000
4231 1062204557969/1000000000000
4233 531930618881/500000000000
4235 518333168601/500000000000
4237 1042558979663/1000000000000
4239 1044806847901/1000000000000
4241 1047521235927/1000000000000
4243 252796176653/250000000000
4245 206331411611/200000000000
4247 252939395173/250000000000
4249 1036862055427/1000000000000
4251 265001187701/250000000000
4253 27049717989/25000000000
4255 106370403557/100000000000
4257 263170218363/250000000000
4263 506644714787/500000000000
4265 1011650154639/1000000000000
4269 1012998984607/1000000000000
4271 12935002753/12500000000
4277 1029885804639/1000000000000
4281 509511493513/500000000000
4283 1012928889251/1000000000000
4285 204526042007/200000000000
4287 1016302026141/1000000000000
4289 504687673657/500000000000
4291 1035981432371/1000000000000
4293 1008049758009/1000000000000
4295 1033968603669/1000000000000
4297 508296232699/500000000000
4299 64919960393/62500000000
4301 50908101779/50000000000
4303 1056508532713/1000000000000
4305 532829890527/500000000000
4353 74734605993/62500000000
4355 24286948413/20000000000
4357 607596546717/500000000000
4359 243330509589/200000000000
4361 1224124586457/1000000000000
4363 616666874899/500000000000
4365 270868281529/250000000000
4367 521850630559/500000000000
4369 518036594039/500000000000
4371 262677405041/250000000000
4373 42037200511/40000000000
4375 1029880468987/1000000000000
4377 1073458672279/1000000000000
4379 42042172899/40000000000
4381 68245849599/62500000000
4383 1073137798723/1000000000000
4385 1077462457363/1000000000000
4387 1080952116237/1000000000000
4389 1094674522223/1000000000000
4391 263145813387/250000000000
4393 106243720707/100000000000
4395 214002651257/200000000000
4397 531595700193/500000000000
4399 1079045458419/1000000000000
4401 1099213742853/1000000000000
4403 206233245169/200000000000
4405 204811520729/200000000000
4407 1033632896847/1000000000000
4409 1026242449633/1000000000000
4411 254904380607/250000000000
4413 513239014361/500000000000
4415 1021267818087/1000000000000
4417 51808055579/50000000000
4419 127832688901/125000000000
4421 1029968516681/1000000000000
4423 41064885207/40000000000
4425 8128941817/7812500000
4427 206764629619/200000000000
4429 103336869413/100000000000
4431 103917689597/100000000000
4433 518932422429/500000000000
4435 518151746461/500000000000
4437 1027740976297/1000000000000
4439 1042105910077/1000000000000
4441 258682163259/250000000000
4443 1023164638227/1000000000000
4445 65041723573/62500000000
4447 514659300211/500000000000
4449 1052698479023/1000000000000
4451 128588569683/125000000000
4453 261428503469/250000000000
4455 259006942433/250000000000
4457 533088922793/500000000000
4459 8260008507/7812500000
4461 1060339947977/1000000000000
4463 268947088691/250000000000
4465 1073672635567/1000000000000
4471 203788306369/200000000000
4473 204811595321/200000000000
4479 1013011930931/1000000000000
4481 1007384968583/1000000000000
4487 101682639461/100000000000
4489 200850505293/200000000000
4495 256774938887/250000000000
4497 1011327193227/1000000000000
4499 1024226438057/1000000000000
4501 128048140557/125000000000
4503 257039400237/250000000000
4505 512431330359/500000000000
4507 507240267793/500000000000
4509 20260417111/20000000000
4511 508785645131/500000000000
4513 254463879851/250000000000
4515 203401538799/200000000000
4517 202520864887/200000000000
4519 507531377253/500000000000
4521 510740047717/500000000000
4523 204844062187/200000000000
4525 1014582552357/1000000000000
4527 1027613985029/1000000000000
4529 1020728122611/1000000000000
4595 520050536487/500000000000
4603 266122801559/250000000000
4605 1065749267721/1000000000000
4607 267357976559/250000000000
4609 138109743763/125000000000
4611 67754518153/62500000000
4633 1106850506433/1000000000000
4635 250834029981/250000000000
4637 206273098547/200000000000
4639 200109564131/200000000000
4641 1059612432023/1000000000000
4643 1058358546247/1000000000000
4645 133322555551/125000000000
4647 519095178019/500000000000
4649 1006380147513/1000000000000
4651 13398902359/12500000000
4653 540381345529/500000000000
4655 250894683689/250000000000
4657 62717025459/62500000000
4659 503440176389/500000000000
4661 202060188117/200000000000
4663 256557789751/250000000000
4665 210265536639/200000000000
4667 1044377232503/1000000000000
4669 511319997471/500000000000
4671 6451553297/6250000000
4673 65434799107/62500000000
4675 125410153119/125000000000
4677 125769928001/125000000000
4679 1000975406007/1000000000000
4681 204429643329/200000000000
4683 254273343657/250000000000
4685 52182841267/50000000000
4687 16460569287/15625000000
4689 101787658521/100000000000
4691 516537553319/500000000000
4697 504952797713/500000000000
4699 1005043285947/1000000000000
4703 517949299899/500000000000
4705 1061573960507/1000000000000
4709 1015608738971/1000000000000
4711 1026099058611/1000000000000
4713 1026704519233/1000000000000
4715 1024544099133/1000000000000
4717 1018743222771/1000000000000
4719 1035285041881/1000000000000
4721 530928897393/500000000000
4723 514862289997/500000000000
4725 41866150571/40000000000
4727 1046124623459/1000000000000
4729 254779138063/250000000000
4731 102468514943/100000000000
4759 1002532865123/1000000000000
4761 1062818628193/1000000000000
4763 128204044889/125000000000
4765 253394320227/250000000000
4767 505119045409/500000000000
4769 503817583149/500000000000
4771 200729027987/200000000000
4773 502230278507/500000000000
4775 1000765064367/1000000000000
4777 1016275926281/1000000000000
4779 500535726131/500000000000
4781 1058129292637/1000000000000
4783 257449298119/250000000000
4785 534486222449/500000000000
4787 108968245541/100000000000
4789 15697924301/15625000000
4791 1027731132929/1000000000000
4793 3135166851/3125000000
4795 107902116547/100000000000
4797 256942053841/250000000000
4799 13511122837/12500000000
4801 104368411223/100000000000
4803 1019797674647/1000000000000
4805 1046382150711/1000000000000
4807 503928729247/500000000000
4809 1005175477177/1000000000000
4811 20049022799/20000000000
4813 1003187238203/1000000000000
4815 501237258689/500000000000
4817 504830643597/500000000000
4819 1035532338713/1000000000000
4821 250030982317/250000000000
4823 260978218141/250000000000
4825 51407326091/50000000000
4827 515520065673/500000000000
4829 131489858947/125000000000
4831 531184332493/500000000000
4833 1035748029071/1000000000000
4835 1001129209013/1000000000000
4837 10240705177/10000000000
4839 1005633677603/1000000000000
4841 250035702853/250000000000
4843 1004746895581/1000000000000
4845 10004481687/10000000000
4847 1007446845503/1000000000000
4849 500792394861/500000000000
4851 1057421149051/1000000000000
4853 1002034612963/1000000000000
4855 1082222263319/1000000000000
4857 1049191233739/1000000000000
4859 1073621895977/1000000000000
4861 212449780463/200000000000
4863 260369047789/250000000000
4865 52984691401/50000000000
4867 1041454826949/1000000000000
4869 1004488335523/1000000000000
4871 1004553398803/1000000000000
4873 1004583617393/1000000000000
4875 50305265853/50000000000
4877 1003984544033/1000000000000
4879 1000940099849/1000000000000
4881 1013156841059/1000000000000
4883 1014308964809/1000000000000
4885 511564675929/500000000000
4887 1018166514737/1000000000000
4889 31919406907/31250000000
4891 204030238861/200000000000
4893 1056196068797/1000000000000
4895 1037477099071/1000000000000
4897 525241357267/500000000000
4899 128374778081/125000000000
4901 1002552823287/1000000000000
4903 1006897790907/1000000000000
4905 100505171083/100000000000
4907 1005335440551/1000000000000
4909 507847094253/500000000000
4911 251069390593/250000000000
4913 126311960761/125000000000
4915 1021199061911/1000000000000
4917 1012471682069/1000000000000
4919 1013969936239/1000000000000
4921 1027810076023/1000000000000
4923 12901546239/12500000000
4929 527787013159/500000000000
4931 130534019119/125000000000
4937 10182868431/10000000000
4939 127368791599/125000000000
4945 10182868431/10000000000
4947 251897970539/250000000000
4953 1019470857801/1000000000000
4955 1008662628889/1000000000000
4957 263540967339/250000000000
4959 208403620681/200000000000
4961 1056224316097/1000000000000
4963 1039891506497/1000000000000
4965 254722901383/250000000000
4967 506816647819/500000000000
4969 201932166599/200000000000
4971 1010112496001/1000000000000
4973 1021108901999/1000000000000
4975 246354124/244140625
4977 502828528343/500000000000
4979 1003103257291/1000000000000
4981 1027569196551/1000000000000
4983 1011246370707/1000000000000
4985 25781015997/25000000000
4987 8127098209/8000000000
5053 609458653171/500000000000
5055 620374484563/500000000000
5057 1235042815897/1000000000000
5059 615861339461/500000000000
5061 38583023753/31250000000
5063 1232284195449/1000000000000
5065 523433504027/500000000000
5067 1092233446313/1000000000000
5069 129197045853/125000000000
5071 1022482188983/1000000000000
5073 103239975841/100000000000
5075 102525117667/100000000000
5077 506469590907/500000000000
5079 128024475007/125000000000
5081 507884252859/500000000000
5083 217142584241/200000000000
5085 1050129883163/1000000000000
5087 129682107597/125000000000
5089 258633384871/250000000000
5091 1037793980143/1000000000000
5093 1065090263447/1000000000000
5095 1013447551573/1000000000000
5097 1038710340431/1000000000000
5099 107579102167/100000000000
5101 260965774469/250000000000
5103 1068914080261/1000000000000
5105 1037829151597/1000000000000
5107 206299894997/200000000000
5109 502267879513/500000000000
5111 256852907081/250000000000
5113 1007201657629/1000000000000
5115 204657118861/200000000000
5117 256929215033/250000000000
5119 1023670081143/1000000000000
5121 1040896099113/1000000000000
5123 250615834567/250000000000
5125 1083899347693/1000000000000
5127 509304485759/500000000000
5129 1118930171721/1000000000000
5131 1053690207681/1000000000000
5133 515468220979/500000000000
5135 259910735933/250000000000
5137 1025666988449/1000000000000
5139 1020375366183/1000000000000
5141 1011790632003/1000000000000
5143 1011919439369/1000000000000
5145 1013623255089/1000000000000
5147 255656651649/250000000000
5149 1109783604719/1000000000000
5151 513626035927/500000000000
5153 530732177049/500000000000
5155 111025273171/100000000000
5157 545640305427/500000000000
5159 1082059249953/1000000000000
5161 527978012059/500000000000
5163 536184901573/500000000000
5165 523654039611/500000000000
5167 260804473383/250000000000
5169 1023517300333/1000000000000
5171 522462477499/500000000000
5173 515482897751/500000000000
5175 206130938607/200000000000
5177 50741673047/50000000000
5179 1020372004423/1000000000000
5181 252436778303/250000000000
5183 134441583211/125000000000
5185 540262945819/500000000000
5187 1065859425793/1000000000000
5189 1041347389407/1000000000000
5191 1061412921093/1000000000000
5193 12952302083/12500000000
5195 1047746207333/1000000000000
5197 516386797161/500000000000
5199 1038686882971/1000000000000
5201 518000251409/500000000000
5203 1015842100139/1000000000000
5205 1015727559537/1000000000000
5207 1011587278059/1000000000000
5209 51197866113/50000000000
5211 1091454427769/1000000000000
5213 1092620850279/1000000000000
5215 1080813485409/1000000000000
5217 532111905731/500000000000
5219 1078700060889/1000000000000
5221 1061966994393/1000000000000
5223 524448982943/500000000000
5225 127743793347/125000000000
5227 524847640841/500000000000
5229 254885687397/250000000000
5231 104308775973/100000000000
5233 253067255487/250000000000
5235 1042807343551/1000000000000
5237 252903753087/250000000000
5239 135582091171/125000000000
5241 1091169794031/1000000000000
5243 1074151440453/1000000000000
5245 527691037689/500000000000
5247 1083098925987/1000000000000
5249 263495407147/250000000000
5251 524790676881/500000000000
5253 1016724792527/1000000000000
5255 1049510047287/1000000000000
5257 1022098523289/1000000000000
5259 1041332239847/1000000000000
5261 629971813/625000000
5263 518033814313/500000000000
5265 508730316891/500000000000
5273 1061346931063/1000000000000
5279 211394807777/200000000000
5281 256173898197/250000000000
5287 206394876459/200000000000
5289 15830290781/15625000000
5291 106539241447/100000000000
5293 1083884358479/1000000000000
5295 42452799077/40000000000
5297 1081660255781/1000000000000
5299 266063077043/250000000000
5301 210160035539/200000000000
5303 20504466317/20000000000
5305 1042846428779/1000000000000
5307 511801690907/500000000000
5309 1030994474817/1000000000000
5311 507909301021/500000000000
5313 1034577453391/1000000000000
5315 253741545913/250000000000
5361 585373988061/500000000000
5363 1175335537723/1000000000000
5365 1193233655381/1000000000000
5367 299029477747/250000000000
5369 47124092889/40000000000
5371 1187266366683/1000000000000
5373 592410648873/500000000000
5375 593016347599/500000000000
5377 104124078167/100000000000
5379 209259912939/200000000000
5381 1048442623621/1000000000000
5383 1174153123767/1000000000000
5385 147865841651/125000000000
5387 1056590868329/1000000000000
5389 1030170608561/1000000000000
5391 518512250167/500000000000
5393 10328964091/10000000000
5395 1075226356217/1000000000000
5397 1053336054157/1000000000000
5399 1067311399799/1000000000000
5401 1048919264107/1000000000000
5403 1036567715131/1000000000000
5405 524822148331/500000000000
5407 129239135253/125000000000
5409 132577273657/125000000000
5411 264208216333/250000000000
5413 1049887826747/1000000000000
5415 517462387901/500000000000
5417 518253178949/500000000000
5419 51991647801/50000000000
5421 1055801108699/1000000000000
5423 263012789829/250000000000
5425 1049862028077/1000000000000
5427 1056855837539/1000000000000
5429 519840982383/500000000000
5431 1085308812803/1000000000000
5433 132922972659/125000000000
5435 553880560513/500000000000
5437 1690359959/1600000000
5439 53606364611/50000000000
5441 1071763908103/1000000000000
5443 256870765481/250000000000
5445 203746893749/200000000000
5447 205183401769/200000000000
5449 255617183941/250000000000
5451 1039854312927/1000000000000
5453 1037760721839/1000000000000
5455 1043028092773/1000000000000
5457 103985443799/100000000000
5459 109918822737/100000000000
5461 1050611000749/1000000000000
5463 135731829199/125000000000
5465 260531602643/250000000000
5467 1053125658841/1000000000000
5469 217553826659/200000000000
5471 209139228637/200000000000
5473 1020197539911/1000000000000
5475 1026511816187/1000000000000
5477 514461178933/500000000000
5479 64419435241/62500000000
5481 130267914461/125000000000
5483 64900600497/62500000000
5485 521939903533/500000000000
5487 261318651913/250000000000
5489 540999525811/500000000000
5491 1066958585121/1000000000000
5493 8297053237/7812500000
5495 518119118761/500000000000
5497 509536898159/500000000000
5499 1033008583657/1000000000000
5501 40703719583/40000000000
5503 26099154937/25000000000
5505 101851817743/100000000000
5507 16284414963/15625000000
5509 126802716747/125000000000
5511 1077978679307/1000000000000
5513 265260337843/250000000000
5515 526723046771/500000000000
5517 1080956243389/1000000000000
5519 8617380147/8000000000
5521 1034989239441/1000000000000
5523 508687005051/500000000000
5525 128129281009/125000000000
5527 127234724737/125000000000
5529 259867721843/250000000000
5531 1030209799681/1000000000000
5533 520810935457/500000000000
5535 1032189943469/1000000000000
5537 8483293761/8000000000
5539 515635326061/500000000000
5541 530474629003/500000000000
5543 256144944693/250000000000
5545 509749823079/500000000000
5547 526414390467/500000000000
5549 203676745943/200000000000
5551 1079164956883/1000000000000
5553 26310903553/25000000000
5555 1023213393561/1000000000000
5557 1049528148907/1000000000000
5559 20458688423/20000000000
5561 1042127505857/1000000000000
5563 1018477812553/1000000000000
5565 1038266016737/1000000000000
5567 203745399613/200000000000
5571 13645919153/12500000000
5573 6864470543/6250000000
5579 266358764671/250000000000
5581 129941548231/125000000000
5585 1031791560611/1000000000000
5587 546335983211/500000000000
5589 66886193919/62500000000
5591 260453890551/250000000000
5593 533573984653/500000000000
5595 207681910479/200000000000
5597 205483652977/200000000000
5599 530537721141/500000000000
5601 64112594013/62500000000
5643 13386020593/12500000000
5645 133701790307/125000000000
5647 1110007229643/1000000000000
5649 269980545327/250000000000
5651 105088113013/100000000000
5653 1076872917367/1000000000000
5655 265206161503/250000000000
5657 1023186075359/1000000000000
5659 513368085333/500000000000
5661 1088284459229/1000000000000
5663 1062902909971/1000000000000
5665 133755862991/125000000000
5667 1053693370471/1000000000000
5669 541248259679/500000000000
5671 67021525957/62500000000
5673 10663142683/10000000000
5675 1072870781197/1000000000000
5677 532138261457/500000000000
5679 1068571314949/1000000000000
5681 1059006798849/1000000000000
5683 213283804241/200000000000
5685 530078350917/500000000000
5687 1044832807971/1000000000000
5689 1049615273013/1000000000000
5691 1041606602237/1000000000000
5693 217629815963/200000000000
5695 542383552123/500000000000
5697 1070272449163/1000000000000
5699 1069732452869/1000000000000
5701 263641527657/250000000000
5703 1076189662607/1000000000000
5705 209883181213/200000000000
5707 8474035553/7812500000
5709 257928568021/250000000000
5711 1024796764183/1000000000000
5713 51427149699/50000000000
5715 1021243427961/1000000000000
5717 64415486203/62500000000
5719 516332653887/500000000000
5721 1046285545447/1000000000000
5723 1057202875897/1000000000000
5725 1051859371671/1000000000000
5727 1057110112707/1000000000000
5729 105494041579/100000000000
5731 1048753773857/1000000000000
5733 261979249423/250000000000
5735 1059051305233/1000000000000
5737 264752063847/250000000000
5739 261806866769/250000000000
5741 209667450947/200000000000
5743 1054005119393/1000000000000
5745 1050319503807/1000000000000
5747 1043129171743/1000000000000
5749 1056266939039/1000000000000
5751 523824913371/500000000000
5753 1072323006511/1000000000000
5755 1059160608303/1000000000000
5757 8277978957/7812500000
5759 1066558113807/1000000000000
5761 1056709259999/1000000000000
5763 266131900431/250000000000
5765 531450838213/500000000000
5767 212863016059/200000000000
5769 210933548181/200000000000
5771 1049885467539/1000000000000
5773 524310050877/500000000000
5775 525201044653/500000000000
5781 202976363791/200000000000
5783 512702604677/500000000000
5789 1048841747193/1000000000000
5791 1045137579797/1000000000000
5797 1031836773337/1000000000000
5799 20799177363/20000000000
5805 262094846853/250000000000
5807 1057370148883/1000000000000
5809 255037115171/250000000000
5811 1029985256927/1000000000000
5813 509036031809/500000000000
5815 1033425761231/1000000000000
5817 52698157781/50000000000
5819 209534092131/200000000000
5821 1055469809107/1000000000000
5823 42063645177/40000000000
5825 259676521449/250000000000
5827 64807287789/62500000000
5829 104271766791/100000000000
5831 521569089469/500000000000
5833 1045760395893/1000000000000
5835 262612339983/250000000000
5837 209532637497/200000000000
5839 525664004149/500000000000
5905 134598273647/125000000000
5907 1059101473193/1000000000000
5909 1054893922477/1000000000000
5911 132444737229/125000000000
5913 1063764557039/1000000000000
5915 1080640504159/1000000000000
5917 524674756701/500000000000
5919 8360552927/7812500000
5921 1089557601237/1000000000000
5923 212634683543/200000000000
5925 270687381181/250000000000
5929 32555621611/31250000000
5935 522214101759/500000000000
5937 13074803227/12500000000
5943 64313814169/62500000000
5945 1075915106647/1000000000000
5947 540905167747/500000000000
5949 1090159581691/1000000000000
5951 254546812869/250000000000
5953 516180212043/500000000000
5955 510465462373/500000000000
5957 1038769784561/1000000000000
5959 207375018291/200000000000
5961 21408017773/20000000000
5995 1086236624519/1000000000000
5997 130658255289/125000000000
5999 534553373849/500000000000
6001 213792462257/200000000000
6003 1077113801263/1000000000000
6005 4110903443/3906250000
6007 42393150177/40000000000
6009 1079205531931/1000000000000
6011 1025692390587/1000000000000
6013 129243281503/125000000000
6015 529227922577/500000000000
6017 516253814209/500000000000
6019 1058848829589/1000000000000
6021 64959810827/62500000000
6023 535358448111/500000000000
6025 1067425442567/1000000000000
6027 1057318123397/1000000000000
6029 26890199307/25000000000
6031 523744761707/500000000000
6033 1061920530637/1000000000000
6035 6468170299/6250000000
6037 1063012916177/1000000000000
6039 1045036963017/1000000000000
6041 511272543037/500000000000
6043 527333333431/500000000000
6045 269505589527/250000000000
6047 1095214787901/1000000000000
6049 8161750227/8000000000
6051 1013328619799/1000000000000
6053 509416700763/500000000000
6055 510697240953/500000000000
6057 510628334779/500000000000
6059 129523149471/125000000000
6061 1027364996087/1000000000000
6063 103444411589/100000000000
6065 1011039064323/1000000000000
6067 1025416465531/1000000000000
6069 1015832708533/1000000000000
6071 1023157706893/1000000000000
6073 1055619591873/1000000000000
6075 524563561057/500000000000
6077 1016954451129/1000000000000
6079 1033343914157/1000000000000
6081 1012121725311/1000000000000
6083 1046241232539/1000000000000
6085 208126151983/200000000000
6087 8080568467/7812500000
6089 1047466111441/1000000000000
6091 260569477833/250000000000
6093 511792206041/500000000000
6095 1020176868049/1000000000000
6097 1031740463701/1000000000000
6099 1019102276381/1000000000000
6101 42094924113/40000000000
6107 256770882493/250000000000
6109 252033247219/250000000000
6115 1039756880437/1000000000000
6121 65025919731/62500000000
6123 1028183163513/1000000000000
6125 101042108811/100000000000
6127 127188444327/125000000000
6129 1013903262039/1000000000000
6131 1018847300593/1000000000000
6133 129913820749/125000000000
6135 127407881427/125000000000
6137 1044835616241/1000000000000
6139 1001945164351/1000000000000
6141 1020104084457/1000000000000
6143 251502929391/250000000000
6145 205509863649/200000000000
6147 1063553473839/1000000000000
6149 215533622189/200000000000
6183 254308560173/250000000000
6185 1037572591493/1000000000000
6187 202211020731/200000000000
6189 212760533487/200000000000
6191 540165979789/500000000000
6193 1091275641437/1000000000000
6195 1039703594397/1000000000000
6197 203945707427/200000000000
6199 125676023277/125000000000
6201 1011672107127/1000000000000
6203 1003681943153/1000000000000
6205 1003669452501/1000000000000
6207 253221424673/250000000000
6209 1002464100033/1000000000000
6211 254361211527/250000000000
6213 204215456151/200000000000
6215 53300601241/50000000000
6217 516840753739/500000000000
6219 1083121674509/1000000000000
6221 1052836887183/1000000000000
6223 100206102539/100000000000
6225 252816552329/250000000000
6227 125088707317/125000000000
6229 64363958051/62500000000
6231 1020981354647/1000000000000
6233 503446639963/500000000000
6235 520083705409/500000000000
6237 1054030337441/1000000000000
6239 268267932861/250000000000
6241 261800027171/250000000000
6243 1015956676651/1000000000000
6245 259062446539/250000000000
6247 508607751689/500000000000
6249 252574152869/250000000000
6251 509363432671/500000000000
6253 12701025661/12500000000
6255 255237443297/250000000000
6257 40369009633/40000000000
6259 1029382427559/1000000000000
6261 1011319531033/1000000000000
6263 41251217111/40000000000
6265 26061549359/25000000000
6267 1017768651109/1000000000000
6269 1035593177973/1000000000000
6271 1033374361623/1000000000000
6273 1025600480573/1000000000000
6275 1011874238109/1000000000000
6277 506488679839/500000000000
6279 1003990645601/1000000000000
6281 1015133043793/1000000000000
6283 508284326379/500000000000
6285 1009921327731/1000000000000
6287 127499948481/125000000000
6289 1012414946341/1000000000000
6291 515187015649/500000000000
6293 510020635901/500000000000
6295 1047257858859/1000000000000
6297 517712519833/500000000000
6299 6595758987/6250000000
6301 214757592241/200000000000
6303 1068602053623/1000000000000
6305 258908265359/250000000000
6307 42491031771/40000000000
6309 519700385983/500000000000
6311 203555908959/200000000000
6313 511569233963/500000000000
6315 1014151446061/1000000000000
6317 206741323263/200000000000
6319 1030567777009/1000000000000
6321 1021255411291/1000000000000
6323 254971820463/250000000000
6325 1022285810629/1000000000000
6327 126615423967/125000000000
6329 1014343224837/1000000000000
6331 253626909391/250000000000
6333 509210177031/500000000000
6335 263385400991/250000000000
6337 1038579545607/1000000000000
6339 209874983613/200000000000
6341 1032394993821/1000000000000
6343 1013966218151/1000000000000
6345 1022808062823/1000000000000
6347 1012753181137/1000000000000
6349 1025589434403/1000000000000
6351 1015061640711/1000000000000
6353 204402087123/200000000000
6355 101959974523/100000000000
6357 256849906227/250000000000
6359 1024283748727/1000000000000
6361 1011254868907/1000000000000
6363 103015765817/100000000000
6365 505808406043/500000000000
6371 1060488738877/1000000000000
6373 1035687752017/1000000000000
6379 512976884411/500000000000
6381 41176807253/40000000000
6387 1034918895397/1000000000000
6389 103324418057/100000000000
6395 100034181853/100000000000
6397 1005363484321/1000000000000
6399 531383237957/500000000000
6401 518233152461/500000000000
6403 1066111430827/1000000000000
6405 1034840139447/1000000000000
6407 513079528897/500000000000
6409 1026199199347/1000000000000
6411 101792625357/100000000000
6413 127698709657/125000000000
6415 519091713157/500000000000
6417 1028565721183/1000000000000
6419 513275156727/500000000000
6421 41091264447/40000000000
6423 250868887951/250000000000
6425 251091383987/250000000000
6427 503792635233/500000000000
6429 502480785079/500000000000
6493 1190119454793/1000000000000
6495 609025178623/500000000000
6497 1184350229841/1000000000000
6499 1196862703569/1000000000000
6501 242198437163/200000000000
6503 244932115181/200000000000
6505 207838948951/200000000000
6507 268227240697/250000000000
6509 526738806971/500000000000
6511 524596149141/500000000000
6513 131105069839/125000000000
6515 129809793363/125000000000
6517 1040159940687/1000000000000
6519 1035747741339/1000000000000
6521 1035160078807/1000000000000
6523 257052363037/250000000000
6525 518038846083/500000000000
6527 1052500213271/1000000000000
6529 1073549869259/1000000000000
6531 1084881871623/1000000000000
6533 516965855469/500000000000
6535 1033832433137/1000000000000
6537 517297534501/500000000000
6539 1079186115223/1000000000000
6541 127687237203/125000000000
6543 1081702893197/1000000000000
6545 256933877091/250000000000
6547 536750937461/500000000000
6549 211889465603/200000000000
6551 266576340227/250000000000
6553 1060844661451/1000000000000
6555 1048598802379/1000000000000
6557 207830061577/200000000000
6559 1042014269147/1000000000000
6561 205468821149/200000000000
6563 528561467027/500000000000
6565 131767751487/125000000000
6567 263603978787/250000000000
6569 132343601807/125000000000
6571 102148591823/100000000000
6573 519768158381/500000000000
6575 204819719939/200000000000
6577 13161263373/12500000000
6579 1066926908901/1000000000000
6581 265041982397/250000000000
6583 211428818733/200000000000
6585 262865119873/250000000000
6587 104596347247/100000000000
6589 1024892492889/1000000000000
6591 64871465969/62500000000
6593 514876630081/500000000000
6595 523848005817/500000000000
6597 66484237979/62500000000
6599 262694778793/250000000000
6601 54363282851/50000000000
6603 514431384683/500000000000
6605 134351504599/125000000000
6607 521145272529/500000000000
6609 1096398891941/1000000000000
6611 1063983525989/1000000000000
6613 107209625219/100000000000
6615 26207057669/25000000000
6617 13161809669/12500000000
6619 521373668107/500000000000
6621 163464333/156250000
6623 130525453927/125000000000
6625 1049966316799/1000000000000
6627 1044429339643/1000000000000
6629 13132742487/12500000000
6631 1047441966121/1000000000000
6633 204845720789/200000000000
6635 505313840101/500000000000
6637 25631426237/25000000000
6639 509822157067/500000000000
6641 1072262163743/1000000000000
6643 1051252893141/1000000000000
6645 266086978811/250000000000
6647 1053998231657/1000000000000
6649 207283416471/200000000000
6651 129535856039/125000000000
6653 1036896885703/1000000000000
6655 1025701780441/1000000000000
6657 1049537188337/1000000000000
6659 1047778996721/1000000000000
6661 1041162569157/1000000000000
6663 259485513681/250000000000
6665 205196244393/200000000000
6667 1027777890897/1000000000000
6669 255650638407/250000000000
6671 206597430919/200000000000
6673 537383855967/500000000000
6675 1081312781447/1000000000000
6677 53797617127/50000000000
6679 131995538271/125000000000
6681 26509124429/25000000000
6683 524902909501/500000000000
6685 1051718170721/1000000000000
6687 1033267752599/1000000000000
6689 42157207461/40000000000
6691 1035816280587/1000000000000
6693 207368420277/200000000000
6695 1014959655261/1000000000000
6697 513339649201/500000000000
6699 63572775063/62500000000
6701 268760756241/250000000000
6703 268520938213/250000000000
6705 26597613773/25000000000
6707 1040268031343/1000000000000
6709 266538381329/250000000000
6711 1043874588861/1000000000000
6713 1060624846297/1000000000000
6715 1039885271153/1000000000000
6717 528206833921/500000000000
6719 1041004601363/1000000000000
6721 512567477933/500000000000
6723 1013925956921/1000000000000
6725 204538611423/200000000000
6727 1013864568473/1000000000000
6729 42916666073/40000000000
6733 536978677609/500000000000
6739 208993281543/200000000000
6741 1023208540851/1000000000000
6747 1051423314981/1000000000000
6749 51228751721/50000000000
6751 1091640551521/1000000000000
6753 214030100461/200000000000
6755 1096119737823/1000000000000
6757 1072549354443/1000000000000
6759 1080326837517/1000000000000
6761 1072762598029/1000000000000
6763 263529140711/250000000000
6765 1026300818223/1000000000000
6767 526879126989/500000000000
6769 1033136570859/1000000000000
6771 262987498307/250000000000
6773 63178360589/62500000000
6775 52203782097/50000000000
6777 1014729954899/1000000000000
6815 15641846397/15625000000
6817 5014127341/5000000000
6819 200221735513/200000000000
6821 200221735513/200000000000
6823 1024468101559/1000000000000
6825 1024468101559/1000000000000
6827 1029761820857/1000000000000
6829 1008642920857/1000000000000
6831 1008642920857/1000000000000
6833 500645319213/500000000000
6835 10699048093/10000000000
6837 100338747939/100000000000
6839 500355388203/500000000000
6841 212651978951/200000000000
6843 1013486922201/1000000000000
6845 100051107469/100000000000
6847 1047111376571/1000000000000
6849 500355388203/500000000000
6851 1000679045493/1000000000000
6853 100232812887/100000000000
6855 200495061111/200000000000
6857 1001374338179/1000000000000
6859 1010040910999/1000000000000
6861 126632090331/125000000000
6863 127801127831/125000000000
6865 125025124363/125000000000
6867 1000168094363/1000000000000
6869 50031641787/50000000000
6871 500548788559/500000000000
6873 1000932439567/1000000000000
6875 278651946219/250000000000
6877 1098665805667/1000000000000
6879 1087394132193/1000000000000
6881 134312952989/125000000000
6883 515370500241/500000000000
6885 515370500241/500000000000
6887 582113004571/500000000000
6889 1002337088223/1000000000000
6891 1002447277393/1000000000000
6893 1120596374379/1000000000000
6895 6433195761/6250000000
6897 509016356341/500000000000
6899 63388858359/62500000000
6901 1007622142827/1000000000000
6903 201506659581/200000000000
6905 1011420540443/1000000000000
6907 1011420540443/1000000000000
6909 1017141191183/1000000000000
6911 203425026723/200000000000
6913 125094817777/125000000000
6915 1000663754883/1000000000000
6917 1000663754883/1000000000000
6919 1001379459739/1000000000000
6921 1002337088223/1000000000000
6923 267023885991/250000000000
6925 1072404811797/1000000000000
6927 1632035507/1562500000
6929 1072392841203/1000000000000
6931 534141820601/500000000000
6933 534141820601/500000000000
6935 1059569904893/1000000000000
6937 1062440904893/1000000000000
6939 1054347537593/1000000000000
6941 523513160883/500000000000
6943 1047209628241/1000000000000
6945 1044861628241/1000000000000
6947 1036632537587/1000000000000
6949 545779084283/500000000000
6951 1078882468561/1000000000000
6953 43188258957/40000000000
6955 534176991183/500000000000
6957 22726622847/20000000000
6959 550042923891/500000000000
6961 1115857488309/1000000000000
6963 1083911368843/1000000000000
6965 1097508308791/1000000000000
6967 267668700297/250000000000
6969 134764635617/125000000000
6971 519795221157/500000000000
6973 1161226430451/1000000000000
6975 1148227434073/1000000000000
6977 1147715232229/1000000000000
6979 141321361447/125000000000
6981 113947502571/100000000000
6993 75149202947/62500000000
6995 293886377123/250000000000
6997 58582421433/50000000000
6999 571966080297/500000000000
7001 72787049457/62500000000
7003 1147828744037/1000000000000
7005 570688560519/500000000000
7007 1120250266807/1000000000000
7009 302948039883/250000000000
7011 116887977881/100000000000
7013 1176118772669/1000000000000
7015 1272422407747/1000000000000
7017 49788809041/40000000000
7019 1215205679977/1000000000000
7021 595643329963/500000000000
7023 1213294445377/1000000000000
7025 1185232425233/1000000000000
7027 237341396657/200000000000
7029 1159424949147/1000000000000
7031 1214273260641/1000000000000
7033 76410588897/62500000000
7035 1212833618803/1000000000000
7037 124278922381/100000000000
7039 1217014129823/1000000000000
7041 122099314771/100000000000
7043 1234150088371/1000000000000
7045 49071383509/40000000000
7047 120092272681/100000000000
7049 1204341155079/1000000000000
7051 152003822931/125000000000
7053 1218850540021/1000000000000
7055 1229538229121/1000000000000
7057 248342938757/200000000000
7059 242545856349/200000000000
7061 1233249045119/1000000000000
7063 1228336030697/1000000000000
7065 20433411019/15625000000
7067 1115290015501/1000000000000
7069 537113028309/500000000000
7071 1103700648407/1000000000000
7073 269722405537/250000000000
7075 1103592421607/1000000000000
7077 1106637549857/1000000000000
7079 1076156556803/1000000000000
7081 1075847420253/1000000000000
7083 1091693937951/1000000000000
7085 285127356193/250000000000
7087 201210166917/200000000000
7089 514768197837/500000000000
7091 1012476724933/1000000000000
7093 256666211147/250000000000
7095 534618720973/500000000000
7097 135955056819/125000000000
7099 263061590929/250000000000
7101 1077466184001/1000000000000
7103 1047068778697/1000000000000
7105 1081767937971/1000000000000
7107 524049405363/500000000000
7109 213529628661/200000000000
7111 1063117368721/1000000000000
7113 109433149611/100000000000
7115 1070069378447/1000000000000
7117 25690822517/25000000000
7119 1048997887237/1000000000000
7121 210754985119/200000000000
7123 1058445193731/1000000000000
7129 518048428921/500000000000
7131 209785503243/200000000000
7133 108847778871/100000000000
7137 1066804598279/1000000000000
7139 1008436028879/1000000000000
7141 513690704189/500000000000
7143 1002231836443/1000000000000
7145 1027598174591/1000000000000
7147 107178224589/100000000000
7149 1064051275491/1000000000000
7151 515616646983/500000000000
7153 266134502747/250000000000
7155 526814414423/500000000000
7171 600686280189/500000000000
7173 598674466927/500000000000
7175 306967871273/250000000000
7177 310940491541/250000000000
7179 606601434729/500000000000
7181 122097286699/100000000000
7183 305856915867/250000000000
7185 1216161402909/1000000000000
7187 1229801364797/1000000000000
7189 120590692859/100000000000
7191 528246194393/500000000000
7193 516219924429/500000000000
7195 101332296207/100000000000
7197 1040741464693/1000000000000
7199 510979819183/500000000000
7201 523763436833/500000000000
7203 214548755941/200000000000
7205 1057148260391/1000000000000
7207 1075753788973/1000000000000
7209 1035044757957/1000000000000
7211 102281943111/100000000000
7213 1041139862461/1000000000000
7215 1028271672137/1000000000000
7217 1038180824831/1000000000000
7219 509811248001/500000000000
7221 1042672102679/1000000000000
7223 258012238133/250000000000
7225 200165987059/200000000000
7227 40078543863/40000000000
7229 1007296551993/1000000000000
7231 500089305479/500000000000
7233 255130116523/250000000000
7235 524182663983/500000000000
7237 31697174319/31250000000
7239 536322422683/500000000000
7241 42029155957/40000000000
7243 1036844623303/1000000000000
7245 521182144151/500000000000
7247 1060844913787/1000000000000
7249 211068704349/200000000000
7251 1074979081839/1000000000000
7253 1008645120557/1000000000000
7255 501277206833/500000000000
7257 203515818701/200000000000
7259 253161673281/250000000000
7261 515788179497/500000000000
7263 218272309819/200000000000
7265 1068384527971/1000000000000
7267 140147963973/125000000000
7269 1015816098243/1000000000000
7271 1010174589731/1000000000000
7273 254792966627/250000000000
7275 1013300857029/1000000000000
7277 1008908681191/1000000000000
7279 502616076721/500000000000
7281 1017600878711/1000000000000
7283 40367535263/40000000000
7285 1003356256147/1000000000000
7287 250230015107/250000000000
7289 1002190611099/1000000000000
7291 1001012881431/1000000000000
7293 127660158699/125000000000
7295 1022707044959/1000000000000
7297 1035028004971/1000000000000
7299 1023643950949/1000000000000
7301 204332247911/200000000000
7303 6340412989/6250000000
7305 1024745788073/1000000000000
7307 1016745196217/1000000000000
7309 1016780504317/1000000000000
7311 201243543587/200000000000
7313 258524281847/250000000000
7315 506969926219/500000000000
7317 1001173937569/1000000000000
7319 250418815401/250000000000
7321 125369199909/125000000000
7323 125110348899/125000000000
7325 206389410259/200000000000
7327 1016706354551/1000000000000
7329 511969073357/500000000000
7331 260024524403/250000000000
7337 1005287323917/1000000000000
7339 201626699231/200000000000
7345 1000227050343/1000000000000
7347 1012010357433/1000000000000
7353 1001062646333/1000000000000
7355 63392808943/62500000000
7361 1018511008157/1000000000000
7363 1037612570201/1000000000000
7365 252204400991/250000000000
7367 1010880089093/1000000000000
7369 252809505159/250000000000
7371 505412808723/500000000000
7373 201033060377/200000000000
7375 1004717201109/1000000000000
7377 1001943783633/1000000000000
7379 100253234311/100000000000
7381 20000377941/20000000000
7383 500255018319/500000000000
7385 1000348100009/1000000000000
7387 999989465753/1000000000000
7389 256931378353/250000000000
7391 516164923039/500000000000
7393 1022573396859/1000000000000
7395 1028238841797/1000000000000
7457 576567455131/500000000000
7459 236185720901/200000000000
7461 11605574953/10000000000
7463 579765921979/500000000000
7465 47638157647/40000000000
7467 1201434691547/1000000000000
7469 519693900187/500000000000
7471 261649910299/250000000000
7473 65896975347/62500000000
7475 1036953930979/1000000000000
7477 17328359081/15625000000
7479 134227906991/125000000000
7481 1077674934653/1000000000000
7483 1066589940873/1000000000000
7485 267092971487/250000000000
7487 552681829707/500000000000
7489 2057889491/2000000000
7491 252021421629/250000000000
7493 516969359223/500000000000
7495 1022753779563/1000000000000
7497 204510000457/200000000000
7499 207871352957/200000000000
7501 214688220179/200000000000
7503 107278887163/100000000000
7505 1104944436077/1000000000000
7507 106881187443/100000000000
7509 1044967747483/1000000000000
7511 516736747689/500000000000
7513 26373871439/25000000000
7515 555345257639/500000000000
7517 6895728413/6250000000
7519 6732271837/6250000000
7521 52455950207/50000000000
7523 1052945261979/1000000000000
7525 106759099593/100000000000
7527 522597225297/500000000000
7529 263565798599/250000000000
7531 1029124067207/1000000000000
7533 516914294511/500000000000
7535 1010000136457/1000000000000
7537 1035175610833/1000000000000
7539 31622842021/31250000000
7541 1101801851849/1000000000000
7543 1089671504449/1000000000000
7545 1075061023149/1000000000000
7547 270909904283/250000000000
7549 1061452475469/1000000000000
7551 522905065797/500000000000
7553 508278173391/500000000000
7555 257481041143/250000000000
7557 126074904253/125000000000
7559 1038117328001/1000000000000
7561 204507901813/200000000000
7563 524957931067/500000000000
7565 26037485401/25000000000
7567 1039015506901/1000000000000
7569 1024619934223/1000000000000
7571 522359255557/500000000000
7573 1024746678997/1000000000000
7575 1064268630831/1000000000000
7577 526231839487/500000000000
7579 1038050024127/1000000000000
7581 7967154279/7812500000
7583 501540729121/500000000000
7585 50933555953/50000000000
7587 40222806149/40000000000
7589 43479144359/40000000000
7591 1051529860913/1000000000000
7593 52169158071/50000000000
7595 269462496941/250000000000
7597 42430220271/40000000000
7599 528880893783/500000000000
7601 515421850617/500000000000
7603 1021689280843/1000000000000
7605 40073480481/40000000000
7607 256239814537/250000000000
7609 250806011707/250000000000
7611 107595076837/100000000000
7613 255788570817/250000000000
7615 101875572789/100000000000
7617 127703620303/125000000000
7619 1018999916059/1000000000000
7621 130466235243/125000000000
7623 208516072363/200000000000
7625 40470585487/40000000000
7627 1007937456771/1000000000000
7629 1015231305533/1000000000000
7631 502577716901/500000000000
7633 133995841011/125000000000
7635 510709179621/500000000000
7637 1020297391697/1000000000000
7639 1032274763671/1000000000000
7641 102191313113/100000000000
7643 1052053119079/1000000000000
7645 524922518557/500000000000
7647 1016995333381/1000000000000
7649 501969143761/500000000000
7651 507308118979/500000000000
7653 125506290251/125000000000
7655 10755596137/10000000000
7661 256173898197/250000000000
7663 3965136971/3906250000
7667 1061346931063/1000000000000
7669 1044173138761/1000000000000
7675 15830290781/15625000000
7677 251663688577/250000000000
7679 1055240794159/1000000000000
7681 1047333759357/1000000000000
7683 1052460391001/1000000000000
7685 1049197281263/1000000000000
7687 1060045288351/1000000000000
7689 1044480801033/1000000000000
7691 537791937981/500000000000
7693 41199341271/40000000000
7695 1028435127459/1000000000000
7697 129537832923/125000000000
7699 1028994239307/1000000000000
7751 1005833974109/1000000000000
7753 1016825467317/1000000000000
7755 40301955001/40000000000
7757 504390010243/500000000000
7759 1007342872769/1000000000000
7761 252688819429/250000000000
7763 278164321559/250000000000
7765 1015738192619/1000000000000
7767 1183774067761/1000000000000
7769 12500660543/12500000000
7771 507613354223/500000000000
7773 500351655223/500000000000
7775 138085483783/125000000000
7777 1134286045243/1000000000000
7779 284737205201/250000000000
7781 1182046956677/1000000000000
7783 28985436811/25000000000
7785 507659223819/500000000000
7787 42173436713/40000000000
7789 506417346909/500000000000
7791 208010611351/200000000000
7793 1015501327101/1000000000000
7795 261266405699/250000000000
7797 127307251577/125000000000
7799 1032018043707/1000000000000
7801 52476694751/50000000000
7803 261363064839/250000000000
7805 1032298285781/1000000000000
7807 129798445527/125000000000
7809 1033960491571/1000000000000
7811 514110776989/500000000000
7813 206354790383/200000000000
7815 519883913021/500000000000
7817 1001038398547/1000000000000
7819 510979643943/500000000000
7821 251095646639/250000000000
7823 1011491622339/1000000000000
7825 1019766517457/1000000000000
7827 255686097619/250000000000
7829 64772144847/62500000000
7831 10327167493/10000000000
7833 509856787093/500000000000
7835 520523126083/500000000000
7837 63412482037/62500000000
7839 506819886821/500000000000
7841 1032339939797/1000000000000
7843 263425749513/250000000000
7845 539872770731/500000000000
7847 522761780483/500000000000
7849 536653267539/500000000000
7851 1058946695719/1000000000000
7853 1085381777187/1000000000000
7855 521271151627/500000000000
7857 1076416826007/1000000000000
7859 1100759945989/1000000000000
7861 536840503919/500000000000
7863 1094130513849/1000000000000
7865 211471488109/200000000000
7867 538668536321/500000000000
7869 524163453367/500000000000
7871 1066581195147/1000000000000
7873 520766743659/500000000000
7875 20836590607/20000000000
7877 527421982239/500000000000
7879 1035036843147/1000000000000
7881 522238649557/500000000000
7883 1035213839669/1000000000000
7885 1068712036371/1000000000000
7887 1025683651827/1000000000000
7889 265560041483/250000000000
7891 1076248973083/1000000000000
7893 8180194067/7812500000
7895 105634773983/100000000000
7897 52087102537/50000000000
7899 1051927346901/1000000000000
7901 129944969301/125000000000
7903 130372371691/125000000000
7905 515879820227/500000000000
7907 549225466443/500000000000
7909 34126892503/31250000000
7911 139848482871/125000000000
7913 1100349580147/1000000000000
7915 210845608437/200000000000
7917 271484461569/250000000000
7919 1110873913173/1000000000000
7921 134153663573/125000000000
7923 1089618557673/1000000000000
7925 43531902849/40000000000
7927 109784815569/100000000000
7929 1077815714889/1000000000000
7931 219221748591/200000000000
7933 556173254621/500000000000
7935 1073387161559/1000000000000
7937 1060658463663/1000000000000
7939 542707427683/500000000000
7941 26490345397/25000000000
7943 222082789453/200000000000
7945 111165850629/100000000000
7947 225933840161/200000000000
7949 1092920926567/1000000000000
7951 200906514401/200000000000
7953 253627570499/250000000000
7955 1013988275819/1000000000000
7957 1018711061787/1000000000000
7959 40836927399/40000000000
7961 1100930096917/1000000000000
7963 1095796004097/1000000000000
7965 529398168259/500000000000
7967 5055853053/5000000000
7969 1017327266813/1000000000000
7971 1020625092829/1000000000000
7973 200483329129/200000000000
7975 21982882443/20000000000
7977 1094937296783/1000000000000
7979 1012398768169/1000000000000
7981 1017683681297/1000000000000
7983 126742784001/125000000000
7985 511707094861/500000000000
7987 1024936946961/1000000000000
7989 129478704403/125000000000
7991 1023196401129/1000000000000
7993 1027127899637/1000000000000
7995 26051524539/25000000000
7997 210669860903/200000000000
7999 530308634593/500000000000
8001 515000549299/500000000000
8003 21091476191/20000000000
8005 522013322017/500000000000
8007 51634200247/50000000000
8009 1036357190849/1000000000000
8011 503719031179/500000000000
8013 1011830060983/1000000000000
8015 251853147471/250000000000
8017 1020972282497/1000000000000
8019 126020609677/125000000000
8021 255528555281/250000000000
8023 1008792308579/1000000000000
8025 20365623677/20000000000
8027 204827550949/200000000000
8029 51558982027/50000000000
8031 1022752988507/1000000000000
8033 1034398821727/1000000000000
8035 63767888663/62500000000
8037 26244536189/25000000000
8039 533722500491/500000000000
8041 1064367162269/1000000000000
8043 529518143383/500000000000
8045 528066587543/500000000000
8047 52592139919/50000000000
8049 1079691238183/1000000000000
8051 208885631989/200000000000
8053 1065259426963/1000000000000
8055 1086309151737/1000000000000
8057 548092260271/500000000000
8059 108150232023/100000000000
8061 543764095663/500000000000
8063 1375280533/1250000000
8065 1092609810863/1000000000000
8067 136607705559/125000000000
8069 33780864957/31250000000
8071 1050595424017/1000000000000
8073 1045049760371/1000000000000
8075 51675454969/50000000000
8077 516328573347/500000000000
8079 519502945053/500000000000
8081 526221820139/500000000000
8083 515107700141/500000000000
8085 521351949363/500000000000
8087 1056783210099/1000000000000
8089 1062771113343/1000000000000
8091 1047443557563/1000000000000
8093 1044554679107/1000000000000
8095 135919707069/125000000000
8097 265746059339/250000000000
8099 536427393749/500000000000
8101 1052195116469/1000000000000
8103 547496987837/500000000000
8105 551791889541/500000000000
8107 1090812693333/1000000000000
8109 545199535731/500000000000
8111 1103846388967/1000000000000
8113 271905580771/250000000000
8115 1113041466151/1000000000000
8117 1117019898591/1000000000000
8119 270367822077/250000000000
8121 1101203154399/1000000000000
8123 1059490563299/1000000000000
8125 132695729059/125000000000
8127 526080510163/500000000000
8129 261842984531/250000000000
8131 270559267911/250000000000
8133 110594845841/100000000000
8135 529755894197/500000000000
8137 273397407917/250000000000
8139 1078523908963/1000000000000
8141 21725484371/20000000000
8143 265040029659/250000000000
8145 1066870095371/1000000000000
8147 1127907577193/1000000000000
8149 69544948461/62500000000
8151 4455632389/4000000000
8153 2207366499/1953125000
8155 111121486331/100000000000
8157 556725388991/500000000000
8159 568765193587/500000000000
8161 1128115567661/1000000000000
8163 138707671897/125000000000
8165 44714965167/40000000000
8167 548998953557/500000000000
8169 1115667312907/1000000000000
8171 112279853217/100000000000
8173 1108018195839/1000000000000
8175 221927058571/200000000000
8177 1118173059657/1000000000000
8179 8932280637/8000000000
8181 558278148413/500000000000
8183 69701391997/62500000000
8187 1107495162307/1000000000000
8189 283703043341/250000000000
8209 557753684809/500000000000
8211 569462045689/500000000000
8213 273585744389/250000000000
8215 1117221813041/1000000000000
8217 567370808161/500000000000
8219 277277793603/250000000000
8221 535908949127/500000000000
8223 517037231861/500000000000
8225 1078834683073/1000000000000
8227 257556821579/250000000000
8229 128787507651/125000000000
8231 525368633541/500000000000
8233 1059641546239/1000000000000
8235 1142674741179/1000000000000
8237 224375520469/200000000000
8239 113410367927/100000000000
8241 20566499503/20000000000
8243 262026332431/250000000000
8245 204091921191/200000000000
8247 1017143879643/1000000000000
8249 506558678051/500000000000
8251 202689296417/200000000000
8253 1021760765661/1000000000000
8255 105591368101/100000000000
8257 31690331259/31250000000
8259 527453427217/500000000000
8261 10148279653/10000000000
8263 1017589501377/1000000000000
8265 1018999388647/1000000000000
8267 1025311952509/1000000000000
8269 128758699487/125000000000
8271 259879627927/250000000000
8273 130145231577/125000000000
8275 4064505113/3906250000
8277 105529384669/100000000000
8279 1051182443571/1000000000000
8281 1046059430631/1000000000000
8283 262959349113/250000000000
8285 2024536191/1953125000
8287 2024004941/1953125000
8289 132084317347/125000000000
8291 1048993523207/1000000000000
8293 52159544011/50000000000
8295 1058152198427/1000000000000
8297 1055509884719/1000000000000
8299 525017229303/500000000000
8301 52736748711/50000000000
8303 1054603018527/1000000000000
8305 539949502639/500000000000
8307 538419590707/500000000000
8309 32256206303/31250000000
8311 1042212046467/1000000000000
8313 520511726201/500000000000
8315 1030753334711/1000000000000
8317 31896392543/31250000000
8319 542750199031/500000000000
8321 1042344690567/1000000000000
8323 1064768095593/1000000000000
8325 1029897348407/1000000000000
8327 265618995741/250000000000
8329 1026253179921/1000000000000
8331 1026492793437/1000000000000
8333 1025395011809/1000000000000
8335 1028394085541/1000000000000
8337 1661154499/1562500000
8339 263908918973/250000000000
8341 528426662197/500000000000
8343 8236087391/7812500000
8345 1027622483437/1000000000000
8347 51846742321/50000000000
8349 517927950913/500000000000
8351 522697226017/500000000000
8353 42402837813/40000000000
8355 21335233877/20000000000
8357 527904706987/500000000000
8359 213047990559/200000000000
8361 1029771121133/1000000000000
8363 205043598787/200000000000
8365 206756723619/200000000000
8367 32356114261/31250000000
8369 1053731910231/1000000000000
8371 1057103930379/1000000000000
8373 131229347121/125000000000
8375 529655470037/500000000000
8377 1037730985281/1000000000000
8379 26207051681/25000000000
8381 6526384283/6250000000
8383 1060983098841/1000000000000
8385 65915373343/62500000000
8387 106224718719/100000000000
8389 526096835091/500000000000
8391 106216686629/100000000000
8393 1010353326967/1000000000000
8395 1011780227227/1000000000000
8397 1012002222539/1000000000000
8399 507317652013/500000000000
8401 1056335508453/1000000000000
8403 105449974799/100000000000
8405 1060746875601/1000000000000
8407 1063499165799/1000000000000
8409 503599555697/500000000000
8411 1019313040591/1000000000000
8413 1006984986867/1000000000000
8415 203993188593/200000000000
8417 531244905153/500000000000
8419 1059832330979/1000000000000
8421 133814560999/125000000000
8423 1062891709433/1000000000000
8425 203284699229/200000000000
8427 63473128857/62500000000
8429 1021026878859/1000000000000
8431 1016938458319/1000000000000
8433 1061390758707/1000000000000
8435 1059143205991/1000000000000
8437 53123336399/50000000000
8439 1060055884449/1000000000000
8441 506137608681/500000000000
8443 1020099357601/1000000000000
8445 1019242244993/1000000000000
8447 1023601256491/1000000000000
8449 214240470361/200000000000
8451 530172504587/500000000000
8453 1070238724463/1000000000000
8455 534884643977/500000000000
8461 125247374827/125000000000
8463 250112881727/250000000000
8469 264962821943/250000000000
8471 6628768301/6250000000
8477 506406872901/500000000000
8479 253107993103/250000000000
8485 527720496801/500000000000
8487 8233194613/7812500000
8489 1005742541249/1000000000000
8491 201226545771/200000000000
8493 1008231070997/1000000000000
8495 1008822478263/1000000000000
8497 264342129471/250000000000
8499 53193423567/50000000000
8501 1057366337229/1000000000000
8503 213592840037/200000000000
8505 1007850236391/1000000000000
8507 1016051736961/1000000000000
8509 1005825372351/1000000000000
8511 4088631867/4000000000
8513 264649368207/250000000000
8515 529247984333/500000000000
8517 1056761949349/1000000000000
8519 26429656509/25000000000
8585 554037381913/500000000000
8587 568625657627/500000000000
8589 543130618603/500000000000
8591 138598338801/125000000000
8593 1134966726569/1000000000000
8595 1090812016797/1000000000000
8597 1073838114063/1000000000000
8599 525277496319/500000000000
8601 1078484484557/1000000000000
8603 1048640691189/1000000000000
8605 1112062351461/1000000000000
8607 568767610337/500000000000
8609 139885780803/125000000000
8611 1142439252729/1000000000000
8613 107021054571/100000000000
8615 210009121047/200000000000
8617 1056870143601/1000000000000
8619 105903235989/100000000000
8621 1072755322801/1000000000000
8623 133991573957/125000000000
8625 1051877211419/1000000000000
8627 268513985117/250000000000
8629 262032585239/250000000000
8631 52945718003/50000000000
8633 1076351852667/1000000000000
8635 103008582679/100000000000
8637 1027665641083/1000000000000
8639 1037414188393/1000000000000
8641 1013950489187/1000000000000
8643 508036451943/500000000000
8645 1016659545679/1000000000000
8647 102237917529/100000000000
8649 16461183737/15625000000
8651 529319185841/500000000000
8653 1015809044151/1000000000000
8655 129025556091/125000000000
8657 257684636489/250000000000
8659 65485603843/62500000000
8661 261262025287/250000000000
8663 525841690189/500000000000
8665 63443075181/62500000000
8667 1014604782223/1000000000000
8669 1020277462381/1000000000000
8671 1021432046209/1000000000000
8673 20399221413/20000000000
8675 1023910041989/1000000000000
8677 127716930357/125000000000
8683 25909663639/25000000000
8685 515554760033/500000000000
8691 1004872689627/1000000000000
8693 1005019913487/1000000000000
8699 1051288316641/1000000000000
8701 519043070187/500000000000
8707 1000474743319/1000000000000
8709 202211550927/200000000000
8711 6332775931/6250000000
8713 511703253759/500000000000
8715 510987822011/500000000000
8717 1017875259953/1000000000000
8719 1005245169321/1000000000000
8721 500346194807/500000000000
8723 62878069437/62500000000
8725 20101391829/20000000000
8727 1032555415761/1000000000000
8729 1059892504317/1000000000000
8731 528478559877/500000000000
8733 1002163807631/1000000000000
8735 505174132509/500000000000
8737 501220887279/500000000000
8739 502755924209/500000000000
8805 107511792811/100000000000
8807 1126967454997/1000000000000
8809 213987843183/200000000000
8811 1089509005367/1000000000000
8813 283802104633/250000000000
8815 545012689617/500000000000
8817 530214719567/500000000000
8819 1049157982627/1000000000000
8821 26908152073/25000000000
8823 524562926411/500000000000
8825 1086937794827/1000000000000
8827 70542184579/62500000000
8829 539788548723/500000000000
8831 1124096084171/1000000000000
8833 1103492255871/1000000000000
8835 1121492768143/1000000000000
8837 271491244843/250000000000
8841 1053771885077/1000000000000
8843 3317888149/3125000000
8845 107282403717/100000000000
8861 535426449883/500000000000
8863 45280637589/40000000000
8865 132909701749/125000000000
8867 539935884253/500000000000
8869 1127644435021/1000000000000
8871 135209168283/125000000000
8873 526024941871/500000000000
8875 10596992447/10000000000
8877 1062799690399/1000000000000
8879 1060108688019/1000000000000
8881 135000948997/125000000000
8883 34154804659/31250000000
8885 10894541419/10000000000
8887 1082555444407/1000000000000
8889 1085214841649/1000000000000
8891 216154145701/200000000000
8893 1127446796453/1000000000000
8895 272955622067/250000000000
8897 67062545027/62500000000
8899 43428342543/40000000000
8901 212406975077/200000000000
8903 1065743901597/1000000000000
8905 218186791683/200000000000
8907 274393228133/250000000000
8909 1068128817657/1000000000000
8911 1075330404637/1000000000000
8913 510172329131/500000000000
8915 218576736641/200000000000
8917 1040562882283/1000000000000
8919 1062713028173/1000000000000
8921 1067283010617/1000000000000
8923 1046267882853/1000000000000
8925 1061935836347/1000000000000
8927 282447956907/250000000000
8929 210245448077/200000000000
8931 1056151845291/1000000000000
8933 574258557767/500000000000
8935 25882653467/25000000000
8937 43203064571/40000000000
8939 1028795077173/1000000000000
8941 263333720377/250000000000
8943 1048926705919/1000000000000
8945 1007169395359/1000000000000
8947 33384014709/31250000000
8949 515792330063/500000000000
8951 522475078627/500000000000
8953 1073278137771/1000000000000
8955 208346189341/200000000000
8957 100347353749/100000000000
8959 132561233993/125000000000
8961 528581640693/500000000000
8963 1003358748557/1000000000000
8965 530272306957/500000000000
8967 200118700173/200000000000
8969 531853266093/500000000000
8971 1051984147237/1000000000000
8973 522329191393/500000000000
8975 519913958313/500000000000
8977 1058913250849/1000000000000
8979 256209357271/250000000000
8981 213874539687/200000000000
8983 1065354512649/1000000000000
8985 532450540209/500000000000
8987 1085188553721/1000000000000
8989 205444020417/200000000000
8991 101281514607/100000000000
8993 530934634621/500000000000
8995 16664761473/15625000000
8997 1089312476077/1000000000000
8999 270456503591/250000000000
9001 207153341043/200000000000
9003 528202833263/500000000000
9005 523620303629/500000000000
9007 1060935343821/1000000000000
9009 32605588629/31250000000
9011 1048905639039/1000000000000
9013 1073674924881/1000000000000
9015 543692840177/500000000000
9017 1056618725027/1000000000000
9019 1107388558341/1000000000000
9021 1057966213997/1000000000000
9023 112354729699/100000000000
9025 21110597419/20000000000
9027 1123061410609/1000000000000
9029 532150505279/500000000000
9031 21096568377/20000000000
9033 1057737420811/1000000000000
9035 1087137153499/1000000000000
9037 1089011102021/1000000000000
9039 1039027065057/1000000000000
9041 1046749712821/1000000000000
9043 519771279901/500000000000
9045 526696678869/500000000000
9047 1022533287941/1000000000000
9049 531098694229/500000000000
9051 511962883163/500000000000
9053 271402082731/250000000000
9055 1053086817033/1000000000000
9057 1066141171349/1000000000000
9059 52468589513/50000000000
9061 1090519287169/1000000000000
9063 1035752411239/1000000000000
9065 262757611157/250000000000
9067 34631074119/31250000000
9069 1043495010871/1000000000000
9071 522473461697/500000000000
9073 1033239284787/1000000000000
9075 260998671817/250000000000
9077 127595512591/125000000000
9079 518718927299/500000000000
9081 1021680300609/1000000000000
9083 1033366046653/1000000000000
9085 1080399580229/1000000000000
9087 1033080748923/1000000000000
9089 520470272247/500000000000
9091 1034946872763/1000000000000
9093 521537711257/500000000000
9095 256477641107/250000000000
9097 103511735579/100000000000
9099 51246055579/50000000000
9101 524446634937/500000000000
9103 278161441403/250000000000
9105 1032268799803/1000000000000
9107 32583303677/31250000000
9109 515398891157/500000000000
9111 206597367351/200000000000
9113 251337825307/250000000000
9115 527546609837/500000000000
9117 1000403266179/1000000000000
9119 261496412509/250000000000
9121 534706643753/500000000000
9123 210451358039/200000000000
9125 65326167881/62500000000
9127 520186517859/500000000000
9129 1044898350941/1000000000000
9131 201463691419/200000000000
9133 1029831567401/1000000000000
9135 101556300191/100000000000
9137 515970784907/500000000000
9139 133606909067/125000000000
9141 524540092287/500000000000
9143 1041286366469/1000000000000
9145 1054534599489/1000000000000
9147 1052288056259/1000000000000
9149 258836857917/250000000000
9151 107678747787/100000000000
9153 20795104147/20000000000
9155 1073589527453/1000000000000
9157 1065705714071/1000000000000
9159 539979893053/500000000000
9161 1075928177483/1000000000000
9163 1056840131891/1000000000000
9165 106005004661/100000000000
9167 8151003993/7812500000
9169 211185430781/200000000000
9171 127742346177/125000000000
9173 1060437139229/1000000000000
9175 1011958931867/1000000000000
9177 1050123736719/1000000000000
9179 1069486847671/1000000000000
9181 258940119969/250000000000
9183 518597260041/500000000000
9185 518357836369/500000000000
9187 1051573437879/1000000000000
9189 51371895671/50000000000
9191 1049238026567/1000000000000
9193 1037623404291/1000000000000
9195 1051026835861/1000000000000
9197 1032327827363/1000000000000
9199 1057507283661/1000000000000
9201 129807030691/125000000000
9203 1052563666477/1000000000000
9205 534864152887/500000000000
9207 264963689601/250000000000
9209 1034106638583/1000000000000
9211 25865433959/25000000000
9213 1041138675597/1000000000000
9215 1039147722857/1000000000000
9217 1054920185527/1000000000000
9219 1063951470619/1000000000000
9221 519304680903/500000000000
9223 1076048352741/1000000000000
9225 1064388284819/1000000000000
9227 8156894767/7812500000
9229 1068993517459/1000000000000
9231 1057959934657/1000000000000
9233 212540486521/200000000000
9235 537648678149/500000000000
9241 102367357157/100000000000
9243 1022983246347/1000000000000
9249 518918177277/500000000000
9253 1019601473901/1000000000000
9255 522452143247/500000000000
9257 509294462277/500000000000
9259 254601298301/250000000000
9261 1031183423127/1000000000000
9263 1027419740319/1000000000000
9265 514034089419/500000000000
9267 1059426212341/1000000000000
9269 1022619717373/1000000000000
9271 1052567513227/1000000000000
9273 523223707939/500000000000
9275 8029951267/7812500000
9277 519176569947/500000000000
9279 530558713339/500000000000
9281 8485312581/8000000000
9305 262853170369/250000000000
9307 1067523869553/1000000000000
9309 209165499663/200000000000
9311 66840736881/62500000000
9313 516438003359/500000000000
9315 1049650759041/1000000000000
9317 1029941930563/1000000000000
9319 1086770805209/1000000000000
9321 5186070501/5000000000
9323 1038685795817/1000000000000
9325 512703088139/500000000000
9327 129285050899/125000000000
9329 53224104243/50000000000
9331 1051635329219/1000000000000
9333 526056742917/500000000000
9335 103684804359/100000000000
9337 129683038289/125000000000
9339 1035915343423/1000000000000
9341 1038204713163/1000000000000
9343 266044349001/250000000000
9345 1075710930953/1000000000000
9347 1075605776769/1000000000000
9349 132536421839/125000000000
9351 52950717253/50000000000
9353 1054667897891/1000000000000
9355 42549475351/40000000000
9357 259190559829/250000000000
9359 1037768211571/1000000000000
9361 1031011197069/1000000000000
9363 1046331771589/1000000000000
9365 1087766200877/1000000000000
9367 266345253347/250000000000
9369 1055851061991/1000000000000
9371 1054019519439/1000000000000
9373 526644270463/500000000000
9375 525217231163/500000000000
9377 211474740983/200000000000
9379 1059724487687/1000000000000
9381 66136245329/62500000000
9383 212843562689/200000000000
9385 211586551889/200000000000
9387 264414803361/250000000000
9389 526221440617/500000000000
9391 1060027911229/1000000000000
9393 13099078251/12500000000
9395 16217954949/15625000000
9397 260394244437/250000000000
9399 103196278901/100000000000
9401 514513777647/500000000000
9403 528358115979/500000000000
9405 264796714707/250000000000
9407 1043531463559/1000000000000
9409 258838661081/250000000000
9411 1046482975951/1000000000000
9413 209051179543/200000000000
9415 262978970359/250000000000
9417 1058520664223/1000000000000
9419 1062113586493/1000000000000
9421 66322443027/62500000000
9423 260308590223/250000000000
9425 509458710757/500000000000
9427 1042607496081/1000000000000
9429 256569729773/250000000000
9431 1043760012887/1000000000000
9433 263350472453/250000000000
9435 525001065737/500000000000
9437 26105463263/25000000000
9439 1066286397289/1000000000000
9441 210244248691/200000000000
9443 106143025239/100000000000
9445 1061374784751/1000000000000
9447 131082134291/125000000000
9449 131246653827/125000000000
9451 208509523173/200000000000
9453 1059436521641/1000000000000
9455 1066256076093/1000000000000
9457 262296679671/250000000000
9459 526361388647/500000000000
9461 515542349743/500000000000
9463 1028665049509/1000000000000
9465 1029465516097/1000000000000
9467 256987398459/250000000000
9469 1050025125227/1000000000000
9471 1030751781927/1000000000000
9473 105422483163/100000000000
9475 51574593137/50000000000
9477 1027058729753/1000000000000
9479 1018245849037/1000000000000
9481 257939383233/250000000000
9483 510682331723/500000000000
9485 512070514903/500000000000
9487 16625696687/15625000000
9489 41180016379/40000000000
9491 104009789697/100000000000
9493 205143995697/200000000000
9495 1040515675871/1000000000000
9497 514846042631/500000000000
9499 206932483857/200000000000
9501 20755465581/20000000000
9503 52245904623/50000000000
9505 65338436713/62500000000
9507 205213488651/200000000000
9509 203852371263/200000000000
9511 517001839473/500000000000
9513 508633190689/500000000000
9515 12926965841/12500000000
9517 20842827173/20000000000
9519 262040576861/250000000000
9521 1021761534077/1000000000000
9523 1027468404879/1000000000000
9525 255326740097/250000000000
9527 204620296319/200000000000
9529 260743041619/250000000000
9531 1016067682913/1000000000000
9533 1032715474413/1000000000000
9535 203156441569/200000000000
9537 255593496121/250000000000
9539 1018660701227/1000000000000
9541 128361688399/125000000000
9543 101378902953/100000000000
9545 507046161243/500000000000
9547 256567721211/250000000000
9549 1014302170611/1000000000000
9551 519975282691/500000000000
9553 1025503365939/1000000000000
9555 1027067754383/1000000000000
9557 204738791627/200000000000
9559 256255624761/250000000000
9561 1034566498951/1000000000000
9563 1025922636569/1000000000000
9565 64401324711/62500000000
9567 1028962813547/1000000000000
9569 1025170891491/1000000000000
9571 508679116177/500000000000
9573 1023204422433/1000000000000
9575 202865826881/200000000000
9577 127869745257/125000000000
9579 1037065836163/1000000000000
9581 512568098867/500000000000
9583 518047233357/500000000000
9589 51382742731/50000000000
9591 515489481301/500000000000
9597 1019303375829/1000000000000
9599 63467492879/62500000000
9605 1019780982609/1000000000000
9607 508678716277/500000000000
9613 514529839641/500000000000
9615 508023663541/500000000000
9617 1025125117237/1000000000000
9619 1031961012229/1000000000000
9621 25561252241/25000000000
9623 20564109159/20000000000
9625 128041662743/125000000000
9627 508543808789/500000000000
9629 1037541724397/1000000000000
9631 1021731877767/1000000000000
9633 1989277243/1953125000
9635 101996062647/100000000000
9637 128523370539/125000000000
9639 1021502400781/1000000000000
9641 1019816237559/1000000000000
9643 50822617111/50000000000
9645 1016448164843/1000000000000
9647 203753406741/200000000000
9711 1031852685867/1000000000000
9713 1044640723787/1000000000000
9715 1026267922013/1000000000000
9717 523004194273/500000000000
9719 262207653761/250000000000
9721 213499435247/200000000000
9723 521808216077/500000000000
9725 1065364994739/1000000000000
9727 50998178959/50000000000
9729 1016789664723/1000000000000
9731 1033557372723/1000000000000
9733 1033739236877/1000000000000
9735 1021262631529/1000000000000
9737 25543529839/25000000000
9739 1031220981349/1000000000000
9741 1023504743157/1000000000000
9743 1065870453287/1000000000000
9745 212835269357/200000000000
9747 21258539637/20000000000
9749 132475886267/125000000000
9751 1046927475227/1000000000000
9753 1055963582493/1000000000000
9755 131131146047/125000000000
9757 528253261053/500000000000
9759 533135629443/500000000000
9761 525039037999/500000000000
9763 13085700341/12500000000
9765 1040991713569/1000000000000
9767 1038395262399/1000000000000
9769 531235432649/500000000000
9771 1061962764583/1000000000000
9773 1059192520153/1000000000000
9775 53283040099/50000000000
9777 52528512489/50000000000
9779 264109156167/250000000000
9781 134977530047/125000000000
9783 1054045134543/1000000000000
9785 205749560327/200000000000
9787 209408770757/200000000000
9789 102801018883/100000000000
9791 262290571529/250000000000
9793 1032571563557/1000000000000
9795 1050779580857/1000000000000
9797 132251971713/125000000000
9799 1016859104323/1000000000000
9801 25195380147/25000000000
9803 1009855431233/1000000000000
9805 1004468021267/1000000000000
9807 104526620347/100000000000
9809 260901540079/250000000000
9811 524309512821/500000000000
9813 1053885332283/1000000000000
9815 1043081657831/1000000000000
9817 512634659789/500000000000
9819 1045206089179/1000000000000
9821 1037692556467/1000000000000
9823 105023615509/100000000000
9825 1007460842061/1000000000000
9827 505295824319/500000000000
9829 506856098093/500000000000
9831 1014305046253/1000000000000
9833 1042644013571/1000000000000
9835 1050941368819/1000000000000
9837 1072649002439/1000000000000
9839 1064097485913/1000000000000
9841 1066051674037/1000000000000
9843 1048732389949/1000000000000
9845 129984960519/125000000000
9847 102574906589/100000000000
9849 1035683839811/1000000000000
9851 1027447102389/1000000000000
9853 260970326131/250000000000
9855 514799756053/500000000000
9857 206573850559/200000000000
9859 512908612553/500000000000
9861 508467931949/500000000000
9863 509555782737/500000000000
9865 1020468655197/1000000000000
9867 1013592404941/1000000000000
9869 1063504421361/1000000000000
9871 20806370213/20000000000
9873 1052448547159/1000000000000
9875 256341149687/250000000000
9877 519990451231/500000000000
9879 5127910649/5000000000
9881 1043424796439/1000000000000
9883 1025691651177/1000000000000
9885 1033090713973/1000000000000
9887 1026450347127/1000000000000
9889 1021899954361/1000000000000
9891 1020878502049/1000000000000
9893 40785081859/40000000000
9895 126340682119/125000000000
9897 102115356263/100000000000
9899 1010826486303/1000000000000
9901 216189752963/200000000000
9903 1085260515151/1000000000000
9905 1077900195113/1000000000000
9907 541993519269/500000000000
9909 1037917434541/1000000000000
9911 64864383397/62500000000
9913 1037766666171/1000000000000
9915 1038310803681/1000000000000
9917 1077833829097/1000000000000
9919 533569128463/500000000000
9921 1077276717009/1000000000000
9923 1050575055353/1000000000000
9925 103567878639/100000000000
9927 1035214148271/1000000000000
9929 102653232773/100000000000
9931 205884096151/200000000000
9933 1072903641699/1000000000000
9935 43277746827/40000000000
9937 1077241231589/1000000000000
9939 539168679559/500000000000
9941 32560763273/31250000000
9943 1038230091987/1000000000000
9945 208343863103/200000000000
9947 511646530753/500000000000
9949 1070000663101/1000000000000
9951 1039495076873/1000000000000
9953 1056068817509/1000000000000
9955 51541972099/50000000000
9957 512988599269/500000000000
9959 256704009659/250000000000
9961 1019889063211/1000000000000
9963 512112430233/500000000000
9965 67094191043/62500000000
9967 533526519817/500000000000
9969 205424993421/200000000000
9971 257792085569/250000000000
9973 513011083541/500000000000
9975 64365506123/62500000000
9977 217968111059/200000000000
9979 1071326194741/1000000000000
9981 1069342736163/1000000000000
9983 259309131309/250000000000
9985 3189005249/3125000000
9987 516248085183/500000000000
9989 203124755451/200000000000
9991 1067112517213/1000000000000
9993 533060399007/500000000000
9995 1025140484669/1000000000000
9997 128274479503/125000000000
9999 205380823109/200000000000
10001 1026447583433/1000000000000
10003 1079835111177/1000000000000
10005 1059952087997/1000000000000
10007 525318164021/500000000000
10009 26149448991/25000000000
10011 104433028663/100000000000
10013 519598986113/500000000000
10015 1083609247447/1000000000000
10021 64695385197/62500000000
10023 1037730676363/1000000000000
10027 218268127881/200000000000
10029 539741414009/500000000000
10035 265632242491/250000000000
10037 1058486053393/1000000000000
10039 1078627253039/1000000000000
10041 257174585151/250000000000
10043 41626811249/40000000000
10045 513268709751/500000000000
10047 103604434339/100000000000
10049 215552489703/200000000000
10051 1078348397729/1000000000000
10053 537428829763/500000000000
10055 537949836277/500000000000
10057 521777644767/500000000000
10059 1024037514343/1000000000000
10061 104212817611/100000000000
10063 1028304940379/1000000000000
10113 125528298327/125000000000
10115 10074928411/10000000000
10117 251886590649/250000000000
10119 1011792488147/1000000000000
10121 1000655882547/1000000000000
10123 40066062281/40000000000
10125 1016700664651/1000000000000
10127 25711106459/25000000000
10129 40969355263/40000000000
10131 555759437673/500000000000
10133 270623861451/250000000000
10135 1132994904603/1000000000000
10137 62502986609/62500000000
10139 508917458789/500000000000
10141 501025276379/500000000000
10143 1064717938753/1000000000000
10145 1013662018997/1000000000000
10147 1043249382873/1000000000000
10149 253985812773/250000000000
10151 1146068052547/1000000000000
10153 1143181225793/1000000000000
10155 206499925193/200000000000
10157 1027262699621/1000000000000
10159 1023895447439/1000000000000
10161 510391813727/500000000000
10163 15948180979/15625000000
10165 1016637046773/1000000000000
10167 202486282671/200000000000
10169 1010943022373/1000000000000
10171 205403257313/200000000000
10173 256202889187/250000000000
10175 1020741526731/1000000000000
10177 1023438978749/1000000000000
10179 63391642629/62500000000
10181 1015723474877/1000000000000
10183 1010143544753/1000000000000
10185 255117000653/250000000000
10187 20217859599/20000000000
10189 3971299683/3906250000
10191 201455313527/200000000000
10193 504355484111/500000000000
10195 252357173137/250000000000
10197 201084728201/200000000000
10199 1019106729229/1000000000000
10201 127096325531/125000000000
10203 254517955797/250000000000
10205 256939669763/250000000000
10207 1014881123909/1000000000000
10209 533636590551/500000000000
10211 1006289478519/1000000000000
10213 1008201882173/1000000000000
10215 1075543135721/1000000000000
10217 1082717733697/1000000000000
10219 1068004902497/1000000000000
10221 536760609507/500000000000
10223 1069392286203/1000000000000
10225 1065519921759/1000000000000
10227 1063405264299/1000000000000
10229 1051489338301/1000000000000
10231 1068339312043/1000000000000
10233 1056359858589/1000000000000
10235 529819928741/500000000000
10237 52363851141/50000000000
10239 1045530180457/1000000000000
10241 1040501363733/1000000000000
10243 1041964456281/1000000000000
10245 6431000849/6250000000
10247 1058218754479/1000000000000
10249 66638484277/62500000000
10251 209740517327/200000000000
10253 52501539957/50000000000
10255 1055009944227/1000000000000
10257 1046043992503/1000000000000
10259 1046933342291/1000000000000
10261 1039130923779/1000000000000
10263 527630377711/500000000000
10265 207467020547/200000000000
10267 65545962401/62500000000
10269 257942220719/250000000000
10271 1037237997383/1000000000000
10273 1023319253151/1000000000000
10275 1026403664249/1000000000000
10277 1021798810387/1000000000000
10279 1098620474001/1000000000000
10281 273104230661/250000000000
10283 1089322086547/1000000000000
10285 42996638213/40000000000
10287 265989736107/250000000000
10289 26707656797/25000000000
10291 263952861751/250000000000
10293 1091324792173/1000000000000
10295 218216097051/200000000000
10297 538877201287/500000000000
10299 1075089961819/1000000000000
10301 132187502009/125000000000
10303 8353435439/7812500000
10305 527127545167/500000000000
10307 54729741757/50000000000
10309 274043775433/250000000000
10311 1080799381307/1000000000000
10313 544646919369/500000000000
10315 16833160521/15625000000
10317 1071776788189/1000000000000
10319 268783911847/250000000000
10321 53144091247/50000000000
10323 21710733829/20000000000
10325 1066215669241/1000000000000
10327 538802386267/500000000000
10329 264471535081/250000000000
10331 1052340690933/1000000000000
10333 524745859807/500000000000
10335 1041793925959/1000000000000
10337 520785605853/500000000000
10339 1110171517831/1000000000000
10341 221799346251/200000000000
10343 548270188173/500000000000
10345 1092871385009/1000000000000
10347 550072099877/500000000000
10349 546517838377/500000000000
10351 1085357271943/1000000000000
10353 1062694433941/1000000000000
10355 1081589567041/1000000000000
10357 1060037205893/1000000000000
10359 1106384570057/1000000000000
10361 1083726642159/1000000000000
10363 1082393858691/1000000000000
10365 6870538949/6250000000
10367 1097054047627/1000000000000
10369 108929952341/100000000000
10371 544401212333/500000000000
10373 1072266060507/1000000000000
10375 525699674443/500000000000
10377 1065605634611/1000000000000
10379 105050757167/100000000000
10381 44038193741/40000000000
10383 1089110948097/1000000000000
10385 1117075739353/1000000000000
10387 1110776326451/1000000000000
10389 550017161797/500000000000
10391 1105970252027/1000000000000
10393 27512101367/25000000000
10395 542570223967/500000000000
10397 1077601393763/1000000000000
10401 514760989903/500000000000
10403 500292788867/500000000000
10405 200280838359/200000000000
10407 510427703493/500000000000
10409 1002222923091/1000000000000
10411 15670140037/15625000000
10413 1003364862079/1000000000000
10415 100504091323/100000000000
10417 254298941679/250000000000
10419 501204160969/500000000000
10421 501153884137/500000000000
10423 254298941679/250000000000
10425 501122675439/500000000000
10427 1002559204579/1000000000000
10429 1017345883637/1000000000000
10431 1003156267039/1000000000000
10433 1000192826347/1000000000000
10435 1017345883637/1000000000000
10437 500958676849/500000000000
10439 500356117279/500000000000
10441 1012538763371/1000000000000
10443 500289626839/500000000000
10445 1563693021/1562500000
10447 1001456680221/1000000000000
10449 1023156149529/1000000000000
10451 1001456680221/1000000000000
10453 508260079659/500000000000
10455 1004367864041/1000000000000
10457 508260079659/500000000000
10459 15689372261/15625000000
10461 508260079659/500000000000
10463 15689372261/15625000000
10465 63266573399/62500000000
10467 15689372261/15625000000
10469 1002262924229/1000000000000
10471 15689372261/15625000000
10473 1002262924229/1000000000000
10475 1003969707783/1000000000000
10477 1002262924229/1000000000000
10479 1003969707783/1000000000000
10481 200450190727/200000000000
10483 1003969707783/1000000000000
10485 125366163487/125000000000
10487 1003969707783/1000000000000
10489 40114126391/40000000000
10491 1003969707783/1000000000000
10493 40114126391/40000000000
10495 1003969707783/1000000000000
10497 40114126391/40000000000
10499 1002133020159/1000000000000
10501 40114126391/40000000000
10503 1002149077727/1000000000000
10505 1001793193141/1000000000000
10507 500917612013/500000000000
10509 250444283893/250000000000
10511 205615289407/200000000000
10513 1109401991471/1000000000000
10515 513971193841/500000000000
10517 25850056933/25000000000
10519 1018770680029/1000000000000
10521 136612809741/125000000000
10523 127791555949/125000000000
10525 1027596173129/1000000000000
10527 513963165057/500000000000
10529 513469049953/500000000000
10531 1020607367649/1000000000000
10533 127326683111/125000000000
10535 50659637331/50000000000
10537 256591163893/250000000000
10539 100598305097/100000000000
10541 204628835787/200000000000
10543 100119667029/100000000000
10545 204628835787/200000000000
10547 100598305097/100000000000
10549 12807561407/12500000000
10551 258594975527/250000000000
10553 515220042139/500000000000
10555 1168255865639/1000000000000
10557 523893255859/500000000000
10559 266586957121/250000000000
10561 1100161909019/1000000000000
10563 205615289407/200000000000
10565 1022482564513/1000000000000
10567 255114312683/250000000000
10569 1147502288361/1000000000000
10571 1128185778233/1000000000000
10573 206171531429/200000000000
10575 281454218023/250000000000
10577 1131331024873/1000000000000
10579 559091764039/500000000000
10581 530406136699/500000000000
10583 1115814621937/1000000000000
10585 213493684603/200000000000
10587 1122547553999/1000000000000
10589 231168844567/200000000000
10591 1122458709077/1000000000000
10593 1160044938667/1000000000000
10595 1130478361047/1000000000000
10597 1156463682081/1000000000000
10599 1122881407749/1000000000000
10601 1183931026137/1000000000000
10603 285186277151/250000000000
10605 1193283326137/1000000000000
10607 285186277151/250000000000
10609 520195223981/500000000000
10611 1051506053629/1000000000000
10613 45625058497/40000000000
10615 258993663419/250000000000
10617 1044339109469/1000000000000
10619 513100982101/500000000000
10621 517624141517/500000000000
10623 513100982101/500000000000
10625 207046445093/200000000000
10627 1024655062137/1000000000000
10629 1028077251899/1000000000000
10631 512498470597/500000000000
10633 1028077251899/1000000000000
10635 512498470597/500000000000
10637 1028077251899/1000000000000
10639 514493961273/500000000000
10641 10171215709/10000000000
10643 514501990057/500000000000
10645 139801024719/125000000000
10647 139801024719/125000000000
10649 556690643589/500000000000
10651 139801024719/125000000000
10653 139801024719/125000000000
10655 1099952767733/1000000000000
10657 1096097480681/1000000000000
10659 225864324951/200000000000
10661 575246932531/500000000000
10663 561711611467/500000000000
10665 54520363109/50000000000
10667 42913254273/40000000000
10669 1120983805341/1000000000000
10671 229303388911/200000000000
10673 1120983805341/1000000000000
10675 285936362981/250000000000
10677 1113386852043/1000000000000
10679 285936362981/250000000000
10681 558931652673/500000000000
10683 570381475959/500000000000
10685 1127076801969/1000000000000
10687 70850498647/62500000000
10689 55329668627/50000000000
10691 55329668627/50000000000
10693 1049988953241/1000000000000
10695 26552063197/25000000000
10697 42107512403/40000000000
10699 1033962414227/1000000000000
10701 557589818593/500000000000
10703 6523892563/6250000000
10705 1073179714999/1000000000000
10707 534836545641/500000000000
10709 521033007499/500000000000
10711 104262498479/100000000000
10713 131027459963/125000000000
10715 106867622073/100000000000
10717 58020375911/50000000000
10719 530969402697/500000000000
10721 1186475072477/1000000000000
10723 1057912651171/1000000000000
10725 1144952313727/1000000000000
10727 210437141969/200000000000
10729 1147638634077/1000000000000
10731 523044905259/500000000000
10733 285922473249/250000000000
10735 279470378961/250000000000
10737 1124609443939/1000000000000
10739 548882335049/500000000000
10741 548286977409/500000000000
10743 1128588766713/1000000000000
10745 70619710747/62500000000
10747 1106731096439/1000000000000
10749 1104153862119/1000000000000
10751 539242670173/500000000000
10753 224319067061/200000000000
10755 223944027689/200000000000
10757 1165431085899/1000000000000
10759 137287748911/125000000000
10761 232355654809/200000000000
10763 590871924329/500000000000
10765 585628456477/500000000000
10767 1145288569639/1000000000000
10769 1148124544459/1000000000000
10771 1117523689659/1000000000000
10773 45152170663/40000000000
10775 1110636925201/1000000000000
10777 141233378913/125000000000
10779 1135055257529/1000000000000
10781 576305524201/500000000000
10783 70978485579/62500000000
10785 565887545433/500000000000
10787 228769805399/200000000000
10789 1203019223951/1000000000000
10791 153846586631/125000000000
10793 1231160776589/1000000000000
10795 302855293733/250000000000
10797 556780750131/500000000000
10799 1063772270597/1000000000000
10801 65093594719/62500000000
10803 131599610281/125000000000
10805 540476739657/500000000000
10807 539208078931/500000000000
10809 217893938117/200000000000
10811 42697253339/40000000000
10813 216715589721/200000000000
10815 220077824969/200000000000
10819 42416405187/40000000000
10823 107828377019/100000000000
10829 128945774581/125000000000
10831 506241517397/500000000000
10835 265266347767/250000000000
10837 1102822140093/1000000000000
10839 1042953194847/1000000000000
10841 1032943045163/1000000000000
10843 131559946829/125000000000
10845 1031803724119/1000000000000
10847 1068672744443/1000000000000
10849 1109743358509/1000000000000
10891 1202766344747/1000000000000
10893 48769591413/40000000000
10895 150859016987/125000000000
10897 301769641223/250000000000
10899 61155163861/50000000000
10901 1221087207759/1000000000000
10903 1072381862943/1000000000000
10905 1087037809077/1000000000000
10907 522587730513/500000000000
10909 533686661533/500000000000
10911 530001974699/500000000000
10913 525482966893/500000000000
10915 519147057069/500000000000
10917 525488773657/500000000000
10919 104668903391/100000000000
10921 1031107503403/1000000000000
10923 1022715864883/1000000000000
10925 259695363839/250000000000
10927 1021145202757/1000000000000
10929 128149014153/125000000000
10931 203832539401/200000000000
10933 64317147903/62500000000
10935 64172161569/62500000000
10937 131816840373/125000000000
10939 33022896033/31250000000
10941 21325833389/20000000000
10943 518398192647/500000000000
10945 257673830549/250000000000
10947 1050698182473/1000000000000
10949 12976182549/12500000000
10951 1032821224087/1000000000000
10953 262624657217/250000000000
10959 129688528347/125000000000
10961 513930649419/500000000000
10967 32160887913/31250000000
10973 51020411131/50000000000
10975 254062719647/250000000000
10981 1015494810339/1000000000000
10983 502992288793/500000000000
10985 130705969009/125000000000
10987 64255688661/62500000000
10989 26222645153/25000000000
10991 1039703160423/1000000000000
10993 516968042887/500000000000
10995 1038473639809/1000000000000
10997 507387966277/500000000000
10999 505813365551/500000000000
11001 1023982065529/1000000000000
11003 20352965153/20000000000
11005 1024626453699/1000000000000
11007 127235173781/125000000000
11009 1027572777453/1000000000000
11011 509913018271/500000000000
11077 1151114003389/1000000000000
11079 580373117161/500000000000
11081 1167291859221/1000000000000
11083 578604518461/500000000000
11085 290371784237/250000000000
11087 74154229919/62500000000
11089 239738318211/200000000000
11091 1057878506349/1000000000000
11093 132939741181/125000000000
11095 1103247877371/1000000000000
11097 1063869557151/1000000000000
11099 138239379143/125000000000
11101 140802898339/125000000000
11103 64977150967/62500000000
11105 1036239521181/1000000000000
11107 1032566009269/1000000000000
11109 1032209166529/1000000000000
11111 1071734059231/1000000000000
11113 108888754907/100000000000
11115 1040323610389/1000000000000
11117 33159599441/31250000000
11119 518047019183/500000000000
11121 1045280436147/1000000000000
11123 273825312909/250000000000
11125 1072930619149/1000000000000
11127 132729177931/125000000000
11129 1040513852463/1000000000000
11131 206094175469/200000000000
11133 515769375159/500000000000
11135 128625452439/125000000000
11137 102828347601/100000000000
11139 32793012381/31250000000
11141 33204219679/31250000000
11143 520045053363/500000000000
11145 1053821391231/1000000000000
11147 1041177374387/1000000000000
11149 131867473023/125000000000
11151 6553438667/6250000000
11153 1081023702603/1000000000000
11155 1082325216697/1000000000000
11157 1071666942469/1000000000000
11159 109888302389/100000000000
11161 537107525031/500000000000
11163 134765905071/125000000000
11165 542393103831/500000000000
11167 1047210086143/1000000000000
11169 1045874989607/1000000000000
11171 104781423169/100000000000
11173 1038895185229/1000000000000
11175 105781823753/100000000000
11177 211660705487/200000000000
11179 266545522569/250000000000
11181 540244173061/500000000000
11183 1047183806311/1000000000000
11185 213452413443/200000000000
11187 535780863107/500000000000
11189 540188048887/500000000000
11191 1066309874561/1000000000000
11193 1089163506391/1000000000000
11195 529953073673/500000000000
11197 1081902154691/1000000000000
11199 1061554664761/1000000000000
11201 532216511457/500000000000
11203 527965490671/500000000000
11205 1068294453503/1000000000000
11207 68030166451/62500000000
11209 534654030193/500000000000
11211 106055999287/100000000000
11213 66932485013/62500000000
11215 1066352372889/1000000000000
11217 522724185879/500000000000
11219 133984537951/125000000000
11221 1050299838881/1000000000000
11223 533833624833/500000000000
11225 1061423121383/1000000000000
11227 532516022519/500000000000
11229 8240036181/7812500000
11231 133446222773/125000000000
11233 217260117541/200000000000
11235 34144044743/31250000000
11237 222329307207/200000000000
11239 534875740639/500000000000
11241 1070610452993/1000000000000
11243 537357852867/500000000000
11245 133474054267/125000000000
11247 1085463892587/1000000000000
11249 540588808409/500000000000
11251 21237531237/20000000000
11253 1075191799959/1000000000000
11255 212249411479/200000000000
11257 1074178085159/1000000000000
11259 1070476884379/1000000000000
11261 102408955497/100000000000
11263 1042300243339/1000000000000
11265 1031094802589/1000000000000
11267 533207833391/500000000000
11269 536844285843/500000000000
11271 548819687043/500000000000
11273 106390495689/100000000000
11275 533615520401/500000000000
11277 1057771783601/1000000000000
11279 1063130631141/1000000000000
11281 217895863247/200000000000
11283 208845915227/200000000000
11285 517180428921/500000000000
11287 1052503862941/1000000000000
11289 41572672777/40000000000
11293 541137588111/500000000000
11299 33383837847/31250000000
11301 266358764671/250000000000
11305 1031791560611/1000000000000
11307 1025255810491/1000000000000
11309 216688574793/200000000000
11311 272385497423/250000000000
11313 106499075679/100000000000
11315 1070438225387/1000000000000
11317 133192259283/125000000000
11319 1075666577407/1000000000000
11321 64810523753/62500000000
11323 532837643041/500000000000
11325 1060078821599/1000000000000
11357 1032510455861/1000000000000
11359 12611020877/12500000000
11361 1018610078671/1000000000000
11363 507979684669/500000000000
11365 1022981015719/1000000000000
11367 500357028477/500000000000
11369 1005936765333/1000000000000
11371 1012463485033/1000000000000
11373 1003257793007/1000000000000
11375 545253733107/500000000000
11377 1081860210933/1000000000000
11379 1050909559559/1000000000000
11381 10070403171/10000000000
11383 51585436461/50000000000
11385 501423995817/500000000000
11387 1011461475027/1000000000000
11389 252847404593/250000000000
11391 1001050000003/1000000000000
11393 1078255312609/1000000000000
11395 557021295679/500000000000
11397 1023445919701/1000000000000
11399 101639813293/100000000000
11401 1017268834891/1000000000000
11403 508787202737/500000000000
11405 1009365590007/1000000000000
11407 1009641175931/1000000000000
11409 1019092266021/1000000000000
11411 40470907881/40000000000
11413 204982508131/200000000000
11415 1024405093803/1000000000000
11417 203185017973/200000000000
11419 1018729870263/1000000000000
11421 505611950947/500000000000
11423 1009435934543/1000000000000
11425 505996576603/500000000000
11427 1008026461277/1000000000000
11429 1020644774223/1000000000000
11431 508273405937/500000000000
11433 518953905073/500000000000
11435 1013254231269/1000000000000
11437 506791482107/500000000000
11439 513800610867/500000000000
11441 126824172211/125000000000
11443 100644842677/100000000000
11445 40515140369/40000000000
11447 100318048723/100000000000
11449 503490993903/500000000000
11451 250982995757/250000000000
11453 251014327203/250000000000
11455 501903341029/500000000000
11457 126004265391/125000000000
11459 1028092843541/1000000000000
11461 1039593718601/1000000000000
11463 40985708929/40000000000
11465 256924520183/250000000000
11467 517667926089/500000000000
11469 1621467823/1562500000
11471 255888781379/250000000000
11473 1025609074611/1000000000000
11475 131513422193/125000000000
11477 1053347153861/1000000000000
11479 1046329385289/1000000000000
11481 262680454199/250000000000
11483 516379039189/500000000000
11485 258020813979/250000000000
11487 2047156369/2000000000
11489 40933297631/40000000000
11491 1022235475187/1000000000000
11493 1030455877581/1000000000000
11495 1028798816849/1000000000000
11497 1025396148347/1000000000000
11499 20457957987/20000000000
11501 50996602407/50000000000
11503 1020709963579/1000000000000
11505 127220806293/125000000000
11507 1039673097197/1000000000000
11509 1038959206733/1000000000000
11511 1030995341709/1000000000000
11513 1035522408817/1000000000000
11515 1020996067721/1000000000000
11517 1022654862809/1000000000000
11519 1018932410047/1000000000000
11521 1018313532689/1000000000000
11523 130487885519/125000000000
11525 525333031599/500000000000
11527 208208678879/200000000000
11529 262747595169/250000000000
11531 1055253891051/1000000000000
11533 1057544511797/1000000000000
11535 1048587757307/1000000000000
11537 261369147941/250000000000
11539 1065650654563/1000000000000
11541 542894751603/500000000000
11543 1055736423883/1000000000000
11545 1077717073803/1000000000000
11547 13450804039/12500000000
11549 68190696601/62500000000
11551 529828902857/500000000000
11553 33538100977/31250000000
11555 1033144460461/1000000000000
11557 1050749756449/1000000000000
11559 12831472573/12500000000
11561 1037961434507/1000000000000
11563 1045821471861/1000000000000
11565 1044931932851/1000000000000
11567 259415378943/250000000000
11569 1042767815207/1000000000000
11571 1055733667407/1000000000000
11573 16663972319/15625000000
11575 105149720883/100000000000
11577 527960723703/500000000000
11579 262016205223/250000000000
11581 132740145891/125000000000
11583 520075583123/500000000000
11585 1049297578939/1000000000000
11587 532890811903/500000000000
11589 270104011747/250000000000
11591 132470627941/125000000000
11593 1076782344639/1000000000000
11595 268027085957/250000000000
11597 1085294776137/1000000000000
11599 266919509589/250000000000
11601 135547426583/125000000000
11603 219278995253/200000000000
11605 136333536017/125000000000
11607 1102899899711/1000000000000
11609 279462946243/250000000000
11611 65678580721/62500000000
11613 536499261363/500000000000
11615 1051368295379/1000000000000
11617 8490362499/8000000000
11619 1060260041387/1000000000000
11621 16858985933/15625000000
11623 4101733299/3906250000
11625 67051742079/62500000000
11627 217689413423/200000000000
11629 1114659599807/1000000000000
11631 539373163609/500000000000
11633 137487095349/125000000000
11635 1108463611019/1000000000000
11637 1097909727437/1000000000000
11639 108207078567/100000000000
11641 555154214143/500000000000
11643 547116383957/500000000000
11645 1114753290731/1000000000000
11647 1089972938429/1000000000000
11649 1084889457459/1000000000000
11651 268445672467/250000000000
11653 1095674541303/1000000000000
11655 4292378147/4000000000
11657 1087365152431/1000000000000
11659 540387202987/500000000000
11661 222296483029/200000000000
11663 536920090247/500000000000
11665 1107419040657/1000000000000
11669 138727542223/125000000000
11671 2199579563/2000000000
11673 546463975291/500000000000
11679 126578834063/125000000000
11681 1000504924823/1000000000000
11683 1024577494981/1000000000000
11685 1007067193983/1000000000000
11687 253331298459/250000000000
11689 1010148824259/1000000000000
11691 50047067583/50000000000
11693 1021657075281/1000000000000
11695 1001815228997/1000000000000
11697 205644702777/200000000000
11699 62903085039/62500000000
11701 504286578421/500000000000
11703 100380037127/100000000000
11705 1006117690041/1000000000000
11707 3933319973/3906250000
11709 1000303685989/1000000000000
11711 1005458824083/1000000000000
11713 100662627361/100000000000
11715 1006586418591/1000000000000
11717 501859143001/500000000000
11719 1002218666841/1000000000000
11721 1002137290251/1000000000000
11723 125251225927/125000000000
11725 1000166955029/1000000000000
11727 1016731448301/1000000000000
11729 500471610011/500000000000
11731 1006921217153/1000000000000
11733 128638958643/125000000000
11735 25557899693/25000000000
11737 510112942863/500000000000
11739 203496735989/200000000000
11741 12616434683/12500000000
11743 50468062609/50000000000
11745 1010806997903/1000000000000
11747 1009832078857/1000000000000
11749 40897288261/40000000000
11751 511441559739/500000000000
11753 508082559207/500000000000
11755 127308104827/125000000000
11757 1000248528999/1000000000000
11759 1003462973313/1000000000000
11761 500957149957/500000000000
11763 200100139027/200000000000
11765 511611926647/500000000000
11767 101985803117/100000000000
11769 1023160661023/1000000000000
11771 505027796797/500000000000
11773 125716400271/125000000000
11775 1003337855867/1000000000000
11777 62834479507/62500000000
11779 1000736376451/1000000000000
11781 1003571956663/1000000000000
11783 1009373232711/1000000000000
11785 202142499639/200000000000
11787 1004372601621/1000000000000
11789 513693087029/500000000000
11791 104074680167/100000000000
11793 128887808727/125000000000
11795 518054872361/500000000000
11797 257172352473/250000000000
11799 1040927968759/1000000000000
11801 257774592699/250000000000
11803 518740999887/500000000000
11805 209414714893/200000000000
11807 1064965031311/1000000000000
11809 130660480039/125000000000
11811 1055637917671/1000000000000
11813 1048391685157/1000000000000
11815 131552098091/125000000000
11817 519619856463/500000000000
11819 104385113869/100000000000
11821 103963973869/100000000000
11823 259398197817/250000000000
11825 1033097395597/1000000000000
11827 1036026018537/1000000000000
11829 1032705341381/1000000000000
11831 516416176049/500000000000
11833 129651919671/125000000000
11835 1029929481273/1000000000000
11837 1043177698471/1000000000000
11839 52449264891/50000000000
11841 206711577109/200000000000
11843 1040313341043/1000000000000
11845 103467030969/100000000000
11847 207246986067/200000000000
11849 512873038709/500000000000
11851 1030845069553/1000000000000
11853 257122984499/250000000000
11855 210936784771/200000000000
11857 514496725789/500000000000
11859 1041785007779/1000000000000
11861 208836435909/200000000000
11863 525258141243/500000000000
11865 1033621775779/1000000000000
11867 263462266323/250000000000
11869 536463981319/500000000000
11871 1081855748053/1000000000000
11873 535272437349/500000000000
11875 1075915815589/1000000000000
11877 1058526012551/1000000000000
11879 1080289092827/1000000000000
11881 528445904009/500000000000
11883 215437793269/200000000000
11885 1028207287659/1000000000000
11887 1036072991873/1000000000000
11889 1018317480053/1000000000000
11891 1040397155483/1000000000000
11893 10296752553/10000000000
11895 1053199397923/1000000000000
11897 256933734811/250000000000
11899 523048748089/500000000000
11901 1065329028383/1000000000000
11903 1074705915589/1000000000000
11905 52620608177/50000000000
11907 268324851171/250000000000
11909 106141948451/100000000000
11911 106862176183/100000000000
11913 1059980411941/1000000000000
11915 1057603577071/1000000000000
11917 1046215063451/1000000000000
11919 1058616163013/1000000000000
11921 1044100906739/1000000000000
11923 529376276373/500000000000
11925 1056122783811/1000000000000
11927 134006142867/125000000000
11929 1057871003463/1000000000000
11931 10638684647/10000000000
11933 53782653809/50000000000
11935 54781648487/50000000000
11937 1070397473903/1000000000000
11939 546419907699/500000000000
11941 217055836763/200000000000
11943 277152253159/250000000000
11945 67517899191/62500000000
11947 1104805784263/1000000000000
11949 259556603359/250000000000
11951 1059132797479/1000000000000
11953 64167695077/62500000000
11955 21267871493/20000000000
11957 210627663061/200000000000
11959 131818054627/125000000000
11961 131404438031/125000000000
11963 263215958187/250000000000
11965 268187805801/250000000000
11967 547875517897/500000000000
11969 16809530441/15625000000
11971 1089912220211/1000000000000
11973 134364407519/125000000000
11975 1095175227053/1000000000000
11977 1065787831793/1000000000000
11979 1087623449853/1000000000000
11981 1081375146981/1000000000000
11983 68700243431/62500000000
11985 531255047839/500000000000
11987 271615923251/250000000000
11989 134709647571/125000000000
11991 275808646003/250000000000
11993 535593866851/500000000000
11995 1100117668339/1000000000000
11997 278674186293/250000000000
11999 113290025841/100000000000
12001 221949969943/200000000000
12003 1126635445117/1000000000000
12005 1115010920097/1000000000000
12007 1054174231433/1000000000000
12009 213637441947/200000000000
12011 261959922627/250000000000
12013 1058097854861/1000000000000
12015 530240490767/500000000000
12017 1084086800369/1000000000000
12019 132224553593/125000000000
12021 538234570107/500000000000
12023 275025789387/250000000000
12025 1119520406361/1000000000000
12027 109137959761/100000000000
12029 1095708386301/1000000000000
12031 225432526131/200000000000
12033 219430895239/200000000000
12035 280052954739/250000000000
12041 54571878279/50000000000
12043 44710367983/40000000000
12049 1109736123287/1000000000000
12051 282276378033/250000000000
12057 1130855493253/1000000000000
12059 282276378033/250000000000
12061 142232025029/125000000000
12063 546159587369/500000000000
12065 1111415574703/1000000000000
12067 548310007023/500000000000
12069 1106089630873/1000000000000
12071 274238367497/250000000000
12073 563430444447/500000000000
12075 270554539987/250000000000
12077 1106031344503/1000000000000
12079 1113433984273/1000000000000
12081 1098408943971/1000000000000
12083 1107818742081/1000000000000
12085 567996946397/500000000000
12139 253498635449/250000000000
12141 1015426627773/1000000000000
12143 132428208133/125000000000
12145 1017502088487/1000000000000
12147 1019367938591/1000000000000
12149 1012273235659/1000000000000
12151 1068647843713/1000000000000
12153 1016034408181/1000000000000
12155 509399606851/500000000000
12157 510949925899/500000000000
12159 205083426027/200000000000
12161 1023176184533/1000000000000
12163 102413941789/100000000000
12165 250071969643/250000000000
12167 1027592049609/1000000000000
12169 202336096643/200000000000
12171 202121977569/200000000000
12173 202064946611/200000000000
12175 1048704020423/1000000000000
12177 252365298583/250000000000
12179 40491196791/40000000000
12181 1082654762803/1000000000000
12183 529616119639/500000000000
12185 1022961107619/1000000000000
12187 51959436921/50000000000
12189 40442468777/40000000000
12191 101077878153/100000000000
12193 202340400141/200000000000
12195 201993880141/200000000000
12197 201241352871/200000000000
12199 1047910597237/1000000000000
12201 101145996211/100000000000
12203 541010637269/500000000000
12205 266429501779/250000000000
12207 202311163627/200000000000
12209 551678867923/500000000000
12211 517062316103/500000000000
12213 104201878831/100000000000
12215 1047328255619/1000000000000
12217 266743355567/250000000000
12219 506366363863/500000000000
12221 502760207743/500000000000
12223 1021445261171/1000000000000
12225 1010881900779/1000000000000
12227 1037745748147/1000000000000
12229 267435354417/250000000000
12231 1026780010493/1000000000000
12233 200901908313/200000000000
12235 502357163033/500000000000
12237 251834314179/250000000000
12239 100341823749/100000000000
12241 128132147321/125000000000
12243 525638077661/500000000000
12245 252281645653/250000000000
12247 43355208057/40000000000
12249 253955810863/250000000000
12251 254797512523/250000000000
12253 1009576049337/1000000000000
12255 1022786274437/1000000000000
12257 1065171159383/1000000000000
12259 50530741873/50000000000
12261 504965559539/500000000000
12263 1012060247533/1000000000000
12265 1011950858251/1000000000000
12267 503784111147/500000000000
12269 1008483697549/1000000000000
12271 1001761565623/1000000000000
12273 250429992941/250000000000
12275 1029443117353/1000000000000
12277 258242435233/250000000000
12279 1025231154719/1000000000000
12281 20634956039/20000000000
12283 253268327769/250000000000
12285 1027980701989/1000000000000
12287 201894357051/200000000000
12289 204185271479/200000000000
12291 1046444207333/1000000000000
12293 524757635103/500000000000
12295 1031725403947/1000000000000
12297 210108992589/200000000000
12299 251776871099/250000000000
12301 501957969409/500000000000
12303 252759768029/250000000000
12305 1001791435823/1000000000000
12307 1024268643657/1000000000000
12309 1028368608487/1000000000000
12311 41114623977/40000000000
12313 51165428921/50000000000
12315 1005351864239/1000000000000
12317 505990500943/500000000000
12319 1008056741183/1000000000000
12321 1007456151441/1000000000000
12323 515930904083/500000000000
12325 1044723900807/1000000000000
12327 1029936338239/1000000000000
12329 1034114421631/1000000000000
12331 260574762641/250000000000
12333 1035872182443/1000000000000
12335 1031866579673/1000000000000
12337 513075172379/500000000000
12339 518155713461/500000000000
12341 133204254797/125000000000
12343 1025465361949/1000000000000
12345 211008253141/200000000000
12347 1037411270719/1000000000000
12349 130041928201/125000000000
12351 1040549538037/1000000000000
12353 1037565394549/1000000000000
12355 1083872255943/1000000000000
12357 1092510554063/1000000000000
12359 1076306961917/1000000000000
12361 1086974991313/1000000000000
12363 1020615738917/1000000000000
12365 510142565639/500000000000
12367 503947501799/500000000000
12369 1010354237263/1000000000000
12371 10283831451/10000000000
12373 5226261269/5000000000
12375 1028239884873/1000000000000
12377 515553681339/500000000000
12379 1028985571501/1000000000000
12381 1041948827901/1000000000000
12383 1010981033723/1000000000000
12385 1037566641113/1000000000000
12387 1068569434573/1000000000000
12389 268332159143/250000000000
12391 132068222821/125000000000
12393 532374184927/500000000000
12395 537558557397/500000000000
12397 1057890819919/1000000000000
12399 1069931625563/1000000000000
12401 26495676149/25000000000
12403 1075175087291/1000000000000
12405 26984391647/25000000000
12407 1073225387229/1000000000000
12409 540368126253/500000000000
12411 1041581207099/1000000000000
12413 1031875742963/1000000000000
12415 526156022551/500000000000
12417 1034840726987/1000000000000
12419 1086622455269/1000000000000
12421 1086807241053/1000000000000
12423 1085521296871/1000000000000
12425 1091143004053/1000000000000
12427 530413514117/500000000000
12429 528961645729/500000000000
12431 262058520027/250000000000
12433 4121198717/3906250000
12435 264301463369/250000000000
12437 67519985969/62500000000
12439 261545341823/250000000000
12441 266225312707/250000000000
12443 65358208861/62500000000
12445 1029382609269/1000000000000
12447 1041840499599/1000000000000
12449 20742606687/20000000000
12451 67670128861/62500000000
12453 136707427361/125000000000
12455 54463008587/50000000000
12457 1093362925231/1000000000000
12463 519048912567/500000000000
12465 1033147582353/1000000000000
12471 27192756023/25000000000
12473 268914607939/250000000000
12479 1029490421327/1000000000000
12481 1024928020079/1000000000000
12487 1072798320487/1000000000000
12489 540125620617/500000000000
12491 527773608833/500000000000
12493 1033830920501/1000000000000
12495 1073174780907/1000000000000
12497 1045633208811/1000000000000
12499 216836139019/200000000000
12501 108085808571/100000000000
12503 539383344451/500000000000
12505 542269804027/500000000000
12507 1033959116223/1000000000000
12509 1029551112127/1000000000000
12511 129201612731/125000000000
12513 206768405437/200000000000
12515 43176956371/40000000000
12517 1087798670613/1000000000000
12519 34040488443/31250000000
12521 542833437123/500000000000
12587 1016832068373/1000000000000
12589 1020103940541/1000000000000
12591 127025478417/125000000000
12593 510959825023/500000000000
12595 12836235311/12500000000
12597 1025484930923/1000000000000
12599 127252385331/125000000000
12601 264248960103/250000000000
12603 1022747686429/1000000000000
12605 512125215119/500000000000
12607 517166164837/500000000000
12609 103235686833/100000000000
12611 1041723105371/1000000000000
12613 1026930907707/1000000000000
12615 1033630677173/1000000000000
12617 1008728632053/1000000000000
12619 1008261046923/1000000000000
12621 253104856689/250000000000
12623 201489638171/200000000000
12625 504224160967/500000000000
12627 25298008201/25000000000
12629 1017815966827/1000000000000
12631 101461640537/100000000000
12633 259820463791/250000000000
12635 1014163345979/1000000000000
12637 54215684521/50000000000
12639 1108143184229/1000000000000
12641 1073771892757/1000000000000
12643 1020108994967/1000000000000
12645 503508082531/500000000000
12647 1011452506939/1000000000000
12649 51041908581/50000000000
12651 201742882189/200000000000
12653 1013119822663/1000000000000
12655 502641782531/500000000000
12657 8582034511/8000000000
12659 786436019/781250000
12661 133044207671/125000000000
12663 507718503261/500000000000
12665 506669626879/500000000000
12667 1078043161109/1000000000000
12669 1018971163289/1000000000000
12671 1005956734037/1000000000000
12673 538014274573/500000000000
12675 502039614413/500000000000
12677 508240497913/500000000000
12679 100544729253/100000000000
12681 125854041719/125000000000
12683 1008666389981/1000000000000
12685 1065589447643/1000000000000
12687 1002745686987/1000000000000
12689 1062232362759/1000000000000
12691 1047408531197/1000000000000
12693 1047958902979/1000000000000
12695 1066387925123/1000000000000
12697 1042423893061/1000000000000
12699 210683720447/200000000000
12701 528355827253/500000000000
12703 107712613887/100000000000
12705 1087009037493/1000000000000
12707 1055764334939/1000000000000
12709 538475869681/500000000000
12711 1044267784773/1000000000000
12713 1025342298913/1000000000000
12715 262180856209/250000000000
12717 1071771591587/1000000000000
12719 130433673947/125000000000
12721 212175365691/200000000000
12723 256354004191/250000000000
12725 519017087551/500000000000
12727 203839289213/200000000000
12729 207487962127/200000000000
12731 26184806271/25000000000
12733 524656524577/500000000000
12735 67740601763/62500000000
12737 32095253769/31250000000
12739 1034126973023/1000000000000
12741 6409595223/6250000000
12743 514461860963/500000000000
12745 1018410944159/1000000000000
12747 40935051441/40000000000
12749 127477755493/125000000000
12751 1025450054713/1000000000000
12753 1033888226713/1000000000000
12755 255232719773/250000000000
12757 1040794083013/1000000000000
12759 512255535317/500000000000
12761 1032686608771/1000000000000
12763 515381459593/500000000000
12765 129112664937/125000000000
12767 128700240999/125000000000
12769 253795161533/250000000000
12771 1009156298941/1000000000000
12773 254210271479/250000000000
12775 247435763/244140625
12777 205042466429/200000000000
12779 515707257651/500000000000
12781 1038294670107/1000000000000
12783 1038779292083/1000000000000
12785 1048528018821/1000000000000
12787 103303717667/100000000000
12789 1036867776821/1000000000000
12791 10426941829/10000000000
12793 525487712377/500000000000
12795 1052966135613/1000000000000
12797 1049189802479/1000000000000
12799 1025345207949/1000000000000
12801 205852242837/200000000000
12803 512265326329/500000000000
12805 1032227830211/1000000000000
12811 505115071693/500000000000
12813 10193804191/10000000000
12819 1019022394943/1000000000000
12821 64248027193/62500000000
12827 1022878578127/1000000000000
12829 517912824603/500000000000
12835 1018695643243/1000000000000
12837 202445419177/200000000000
12839 4048530599/4000000000
12841 1021270669793/1000000000000
12843 1015433365323/1000000000000
12845 510896948551/500000000000
12847 1020630287011/1000000000000
12849 1026087554293/1000000000000
12851 507873768089/500000000000
12853 513361907143/500000000000
12855 32130145899/31250000000
12857 64949985407/62500000000
12859 205372001921/200000000000
12861 1039727603061/1000000000000
12863 510106597061/500000000000
12865 506905978131/500000000000
12867 255491299161/250000000000
12869 1016468049009/1000000000000
12935 514579783411/500000000000
12937 514556747453/500000000000
12939 63422599547/62500000000
12941 203157429967/200000000000
12943 509865561201/500000000000
12945 1020669443679/1000000000000
12947 253976914607/250000000000
12949 50842938603/50000000000
12951 1019387015767/1000000000000
12953 1020416453079/1000000000000
12955 206478198031/200000000000
12957 1024049744213/1000000000000
12959 207075514233/200000000000
12961 3223254161/3125000000
12963 514479809777/500000000000
12965 1038169014033/1000000000000
12967 1012900709809/1000000000000
12969 502645277147/500000000000
12971 1026602675959/1000000000000
12973 1011268948679/1000000000000
12975 1007005671371/1000000000000
12977 125431335109/125000000000
12979 1012988235561/1000000000000
12981 1006830212433/1000000000000
12983 125871354169/125000000000
12985 6699327389/6250000000
12987 201349971411/200000000000
12989 65940545001/62500000000
12991 202280742569/200000000000
12993 251322486937/250000000000
12995 10687066661/10000000000
12997 1017907993063/1000000000000
12999 51296521313/50000000000
13001 1012371824113/1000000000000
13003 1014102056389/1000000000000
13005 502448058333/500000000000
13007 503600708333/500000000000
13009 1008546602607/1000000000000
13011 505059366827/500000000000
13013 1001029963427/1000000000000
13015 103648886397/100000000000
13017 251059680679/250000000000
13019 503488517417/500000000000
13021 1014706155733/1000000000000
13023 1012276545941/1000000000000
13025 1016130139983/1000000000000
13027 50491474377/50000000000
13029 508080062317/500000000000
13031 1050517274263/1000000000000
13033 1003278029061/1000000000000
13035 1029675471507/1000000000000
13037 1034023686131/1000000000000
13039 40575803613/40000000000
13041 1008764321249/1000000000000
13043 2027011917/2000000000
13045 1006550493569/1000000000000
13047 1004358527373/1000000000000
13049 126076286063/125000000000
13051 1003385641721/1000000000000
13053 1003378981749/1000000000000
13055 1044327944287/1000000000000
13057 253596769029/250000000000
13059 1031110247841/1000000000000
13061 1006625233693/1000000000000
13063 210875956707/200000000000
13065 1030170079487/1000000000000
13067 1062453952021/1000000000000
13069 518171660961/500000000000
13071 264995367587/250000000000
13073 128909825611/125000000000
13075 169865391/160000000
13077 130315720511/125000000000
13079 130085292107/125000000000
13081 1029286028621/1000000000000
13083 1034736045371/1000000000000
13085 206697610353/200000000000
13087 261050400929/250000000000
13089 521348232177/500000000000
13091 1048892506743/1000000000000
13093 532292937427/500000000000
13095 209458817167/200000000000
13097 1046555059857/1000000000000
13099 1045861759269/1000000000000
13101 1053865311593/1000000000000
13107 508879810011/500000000000
13109 1023591375551/1000000000000
13115 504272814013/500000000000
13117 1010447277429/1000000000000
13121 1056418372419/1000000000000
13127 1025437147953/1000000000000
13129 209313496961/200000000000
13131 1031812125561/1000000000000
13133 1042096874093/1000000000000
13135 41393303519/40000000000
13137 103000674723/100000000000
13139 63441468167/62500000000
13141 1017387682321/1000000000000
13143 101934329581/100000000000
13145 1021772097751/1000000000000
13147 257437208491/250000000000
13149 527672823473/500000000000
13151 129133936023/125000000000
13153 41743253319/40000000000
13219 1040425913433/1000000000000
13221 16216116321/15625000000
13223 12947389137/12500000000
13225 1052312286243/1000000000000
13227 1044585133573/1000000000000
13229 510215671733/500000000000
13231 509637336111/500000000000
13233 206819824637/200000000000
13235 1031765205547/1000000000000
13237 1049274317093/1000000000000
13239 260097775127/250000000000
13241 526412055597/500000000000
13243 1039988566591/1000000000000
13245 1049493728287/1000000000000
13247 1019828237077/1000000000000
13249 1017891004791/1000000000000
13251 1042476216931/1000000000000
13253 1029302142457/1000000000000
13255 510998050089/500000000000
13257 20183179833/20000000000
13259 204677030719/200000000000
13261 202368766091/200000000000
13263 504235529133/500000000000
13265 63263104571/62500000000
13267 252923041977/250000000000
13269 4039036733/4000000000
13271 1001239309377/1000000000000
13273 1010092000501/1000000000000
13275 502395845991/500000000000
13277 504780234947/500000000000
13279 1030212973157/1000000000000
13281 1043464999519/1000000000000
13283 16224285799/15625000000
13285 1016835130407/1000000000000
13287 64702621247/62500000000
13289 203862948493/200000000000
13291 1017154700837/1000000000000
13293 128027847541/125000000000
13295 1025927740177/1000000000000
13297 1002943734327/1000000000000
13299 251255106807/250000000000
13301 1013241340719/1000000000000
13303 1008808335983/1000000000000
13305 50686379369/50000000000
13307 503860891363/500000000000
13309 506124103431/500000000000
13311 62793801793/62500000000
13313 1002558216251/1000000000000
13315 250573753271/250000000000
13317 251810195483/250000000000
13319 1001008773961/1000000000000
13321 10093591933/10000000000
13323 104760019933/100000000000
13325 1006031008871/1000000000000
13327 5196693177/5000000000
13329 509729329447/500000000000
13331 500686057517/500000000000
13333 1030616655741/1000000000000
13335 253363508081/250000000000
13337 1023981028551/1000000000000
13339 1022795905263/1000000000000
13341 1012369695329/1000000000000
13343 200625950173/200000000000
13345 1021383418557/1000000000000
13347 1003258168907/1000000000000
13349 1015204456787/1000000000000
13351 203707185467/200000000000
13353 101099469463/100000000000
13355 1018433910239/1000000000000
13357 25020593003/25000000000
13359 1035930059487/1000000000000
13361 1002855143519/1000000000000
13363 1019491462663/1000000000000
13365 1010175621553/1000000000000
13367 1002953753533/1000000000000
13369 1015940289411/1000000000000
13371 125128465369/125000000000
13373 506372970361/500000000000
13375 127458780731/125000000000
13377 252868639901/250000000000
13379 253137602797/250000000000
13381 25178926317/25000000000
13383 1049520057343/1000000000000
13385 255071787903/250000000000
13387 1057899068853/1000000000000
13389 101375027679/100000000000
13391 1001251312463/1000000000000
13393 1017798559887/1000000000000
13395 503007433233/500000000000
13397 251804662827/250000000000
13399 1006726254527/1000000000000
13401 12543533259/12500000000
13403 501812588243/500000000000
13405 250580460299/250000000000
13407 1028591375557/1000000000000
13409 10011325601/10000000000
13411 1033842505509/1000000000000
13413 1035156960589/1000000000000
13415 1032858246409/1000000000000
13417 129123598503/125000000000
13419 523797730891/500000000000
13421 1014594982331/1000000000000
13423 258679007737/250000000000
13425 516897402931/500000000000
13427 1005805417491/1000000000000
13429 251761527151/250000000000
13431 125832285651/125000000000
13433 251133406643/250000000000
13435 1023889089749/1000000000000
13437 259341187911/250000000000
13439 1030353869387/1000000000000
13441 1024807350239/1000000000000
13443 129356407003/125000000000
13445 203936456343/200000000000
13447 52279600387/50000000000
13453 12951674129/12500000000
13455 531047260273/500000000000
13489 535208506011/500000000000
13491 531677761751/500000000000
13493 213779364271/200000000000
13495 532981164253/500000000000
13497 260701786609/250000000000
13499 1035472976557/1000000000000
13501 210269432467/200000000000
13503 523189421313/500000000000
13505 134029482693/125000000000
13507 269542795093/250000000000
13509 52575244891/50000000000
13511 1062432095731/1000000000000
13513 42274817803/40000000000
13515 518804129531/500000000000
13517 104722799251/100000000000
13519 261990063699/250000000000
13521 208304280983/200000000000
13523 525049781149/500000000000
13525 521722507267/500000000000
13527 1020829018033/1000000000000
13529 1052121543981/1000000000000
13531 1030110549799/1000000000000
13533 1035427826867/1000000000000
13535 1027058823927/1000000000000
13537 1037356991303/1000000000000
13539 1033046661829/1000000000000
13541 529745530737/500000000000
13543 1064629993393/1000000000000
13545 1061268231099/1000000000000
13547 266734081891/250000000000
13549 132034046211/125000000000
13551 1056568567507/1000000000000
13553 1066622352551/1000000000000
13555 263599671237/250000000000
13557 1047925874727/1000000000000
13559 1044987106033/1000000000000
13561 1054398807787/1000000000000
13563 523106542163/500000000000
13565 1037359917121/1000000000000
13567 1030815044863/1000000000000
13569 20967110439/20000000000
13571 103679025323/100000000000
13573 205202610719/200000000000
13575 1021610426921/1000000000000
13577 516490684749/500000000000
13579 204991683203/200000000000
13581 202143588961/200000000000
13583 201369957853/200000000000
13585 200906645913/200000000000
13587 1004064982963/1000000000000
13589 506824881379/500000000000
13591 507483877973/500000000000
13593 507701822973/500000000000
13595 506642667691/500000000000
13597 526272844673/500000000000
13599 1296341663/1250000000
13601 1060252778561/1000000000000
13603 1042512431559/1000000000000
13605 32387759009/31250000000
13607 1029163900427/1000000000000
13609 209508259051/200000000000
13611 1040159370657/1000000000000
13613 506091513479/500000000000
13615 1002936644077/1000000000000
13617 255533225583/250000000000
13619 200644874829/200000000000
13621 101802356119/100000000000
13623 1022670388079/1000000000000
13625 1027603510939/1000000000000
13627 510076809013/500000000000
13629 508320893143/500000000000
13631 1019039444839/1000000000000
13633 512697475801/500000000000
13635 1018088129563/1000000000000
13637 1012413518817/1000000000000
13639 1007537154751/1000000000000
13641 1013859103919/1000000000000
13643 253012654393/250000000000
13645 20227684937/20000000000
13647 1000425778173/1000000000000
13649 101255823591/100000000000
13651 40030959959/40000000000
13653 200056410373/200000000000
13655 251782877169/250000000000
13657 124993812043/125000000000
13659 250762354031/250000000000
13661 204739944569/200000000000
13663 1021677026287/1000000000000
13665 514216102639/500000000000
13667 511660882191/500000000000
13669 1017772106683/1000000000000
13671 1013190759201/1000000000000
13673 1020821472253/1000000000000
13675 1016582529947/1000000000000
13677 1006567428027/1000000000000
13679 20001001617/20000000000
13681 1005696395631/1000000000000
13683 1000076315507/1000000000000
13685 1001130897379/1000000000000
13687 200971407779/200000000000
13689 1007772663487/1000000000000
13691 504066091741/500000000000
13693 1026976619743/1000000000000
13695 1017359548179/1000000000000
13697 1022921187431/1000000000000
13699 1022214063823/1000000000000
13701 101779533201/100000000000
13703 1006246030193/1000000000000
13705 1015016280199/1000000000000
13707 8029242311/8000000000
13709 252062910017/250000000000
13711 1005731035799/1000000000000
13713 1000284183849/1000000000000
13715 501759214347/500000000000
13717 1028510067649/1000000000000
13719 1047047026041/1000000000000
13721 50174919443/50000000000
13723 516006756957/500000000000
13725 1021954793059/1000000000000
13727 1022557084447/1000000000000
13729 1018242734249/1000000000000
13731 1017040016891/1000000000000
13733 507724337027/500000000000
13735 501387349929/500000000000
13737 1013379530117/1000000000000
13739 31331400249/31250000000
13741 100128603193/100000000000
13743 1003615555469/1000000000000
13745 1005827506809/1000000000000
13747 20009352187/20000000000
13749 1001836192163/1000000000000
13751 255759229559/250000000000
13753 50013354237/50000000000
13755 1009822717197/1000000000000
13757 26135929841/25000000000
13759 518705928333/500000000000
13761 524947766179/500000000000
13763 1034856944017/1000000000000
13765 271381152563/250000000000
13767 1075437264061/1000000000000
13769 1055971409579/1000000000000
13771 1029411439389/1000000000000
13773 210726795261/200000000000
13775 260547590261/250000000000
13777 133541861169/125000000000
13779 207918366223/200000000000
13781 1031024661891/1000000000000
13783 206193808477/200000000000
13785 504449333891/500000000000
13787 519381225619/500000000000
13789 1065319455201/1000000000000
13791 1014962940083/1000000000000
13793 1028470977213/1000000000000
13795 207917015637/200000000000
13797 1058978892411/1000000000000
13799 1013368980733/1000000000000
13801 209652241549/200000000000
13803 265289651927/250000000000
13805 530192637059/500000000000
13807 1067155734843/1000000000000
13811 535883477213/500000000000
13813 66193240047/62500000000
13815 530481445879/500000000000
13817 526794506781/500000000000
13819 1055458880951/1000000000000
13821 1096130013519/1000000000000
13823 1052395427143/1000000000000
13825 13098768439/12500000000
13827 1049549266393/1000000000000
13829 1054790672579/1000000000000
13831 1045532698789/1000000000000
13833 262746387021/250000000000
13835 1044733365421/1000000000000
13837 1051866464353/1000000000000
13839 104447523641/100000000000
13841 209282216471/200000000000
13843 260520864809/250000000000
13845 521834097803/500000000000
13847 1045001692807/1000000000000
13849 32819600753/31250000000
13851 1047488281701/1000000000000
13853 525842692827/500000000000
13855 526611389733/500000000000
13857 1048797101371/1000000000000
13859 519622458993/500000000000
13861 1043324989759/1000000000000
13863 519750576457/500000000000
13865 103956019319/100000000000
13867 1050458293147/1000000000000
13869 1047303023403/1000000000000
13871 525208910831/500000000000
13873 261797018329/250000000000
13875 103255482011/100000000000
13877 515076539341/500000000000
13879 1037731644169/1000000000000
13881 518536797469/500000000000
13883 1051662515187/1000000000000
13885 262407092867/250000000000
13887 520681135967/500000000000
13889 208749056629/200000000000
13891 104939800963/100000000000
13893 525215386461/500000000000
13895 105240067869/100000000000
13897 42053339599/40000000000
13899 1048145859329/1000000000000
13901 522447968373/500000000000
13903 104556412813/100000000000
13905 521557979873/500000000000
13907 523438385939/500000000000
13909 1055616986243/1000000000000
13911 523399628149/500000000000
13913 16427504231/15625000000
13915 207084101157/200000000000
13917 1024099750713/1000000000000
13919 258794855381/250000000000
13921 257302391963/250000000000
13923 522952313043/500000000000
13925 1043881349407/1000000000000
13927 1024274527/976562500
13929 130080094331/125000000000
13931 63854071071/62500000000
13933 127768792513/125000000000
13935 204567821877/200000000000
13937 510592160417/500000000000
13939 260632653759/250000000000
13941 105869201741/100000000000
13943 1045422201719/1000000000000
13945 106053761661/100000000000
13947 1031454768947/1000000000000
13949 519621856699/500000000000
13951 1033402972227/1000000000000
13953 1040690851759/1000000000000
13955 210074421081/200000000000
13957 521133875537/500000000000
13959 1054675825103/1000000000000
13961 65619227041/62500000000
13963 516453899149/500000000000
13965 8195119329/8000000000
13967 1039439801913/1000000000000
13969 516025161739/500000000000
13971 528497914143/500000000000
13973 1050203832203/1000000000000
13975 525301615439/500000000000
13977 1049439859757/1000000000000
13979 1026043679929/1000000000000
13981 12678609741/12500000000
13983 1028939644757/1000000000000
13985 1018652031173/1000000000000
13987 1049620434069/1000000000000
13989 1052531736689/1000000000000
13991 523067480599/500000000000
13993 1045489923621/1000000000000
13995 508332155021/500000000000
13997 127531607757/125000000000
13999 506178600323/500000000000
14001 1024405513489/1000000000000
14003 130600654093/125000000000
14005 521870102099/500000000000
14007 262165903601/250000000000
14009 522928478891/500000000000
14011 1030796351713/1000000000000
14013 507177044221/500000000000
14015 257335808029/250000000000
14017 1020219555219/1000000000000
14019 1041384506257/1000000000000
14021 209556505213/200000000000
14023 1042351602547/1000000000000
14025 261679113239/250000000000
14027 20360703839/20000000000
14029 255520616819/250000000000
14031 7983989327/7812500000
14033 509477958793/500000000000
14035 1049019515411/1000000000000
14037 1049725500391/1000000000000
14039 528483833029/500000000000
14041 1059668687529/1000000000000
14043 1043940093103/1000000000000
14045 206469102311/200000000000
14047 1035907195329/1000000000000
14049 1017196520459/1000000000000
14051 41799320207/40000000000
14053 104539424623/100000000000
14055 1049820893049/1000000000000
14057 1049433734743/1000000000000
14059 515302681367/500000000000
14061 1032561789837/1000000000000
14063 1027434730973/1000000000000
14065 64362391213/62500000000
14067 66399923379/62500000000
14069 532121181389/500000000000
14071 209511493097/200000000000
14073 1040667650343/1000000000000
14075 1031207197433/1000000000000
14077 252220693649/250000000000
14079 512973230281/500000000000
14081 201691626989/200000000000
14083 1042131458697/1000000000000
14085 1045193988029/1000000000000
14087 1035310066407/1000000000000
14089 518637036247/500000000000
14091 1008893176493/1000000000000
14093 1002700681519/1000000000000
14095 1009289454561/1000000000000
14097 1001032572661/1000000000000
14099 514461021399/500000000000
14101 515293893477/500000000000
14103 258064242803/250000000000
14105 1030110484403/1000000000000
14107 52634530113/50000000000
14109 129668678121/125000000000
14111 1050311012763/1000000000000
14113 517780920183/500000000000
14115 1020028678799/1000000000000
14117 127724963949/125000000000
14119 257732249461/250000000000
14121 1026001902937/1000000000000
14123 1023204447379/1000000000000
14125 102964587563/100000000000
14127 203648687887/200000000000
14129 207601973009/200000000000
14131 1033639110507/1000000000000
14133 20719201651/20000000000
14135 516594732841/500000000000
14137 130349082923/125000000000
14139 1051519513831/1000000000000
14141 1034512189517/1000000000000
14143 1053773185837/1000000000000
14145 102717189981/100000000000
14147 1035589521561/1000000000000
14149 1034279638803/1000000000000
14151 208864386059/200000000000
14153 519003389989/500000000000
14155 254604904019/250000000000
14157 1029465736121/1000000000000
14159 502284165693/500000000000
14161 40352828687/40000000000
14165 1018860737509/1000000000000
14167 508240092181/500000000000
14173 812028267/781250000
14179 202545805039/200000000000
14181 1005105095507/1000000000000
14187 1026847858613/1000000000000
14189 1011477044003/1000000000000
14191 1023331696567/1000000000000
14193 12833148949/12500000000
14195 1028005540487/1000000000000
14197 1028094700029/1000000000000
14199 40860669523/40000000000
14201 526662006321/500000000000
14203 261228269347/250000000000
14205 1014863427813/1000000000000
14207 8188720921/8000000000
14209 63815866931/62500000000
14211 204257296927/200000000000
14213 519721698359/500000000000
14215 507337422221/500000000000
14217 207357242767/200000000000
14219 1022946918171/1000000000000
14269 1040676975563/1000000000000
14271 522334494181/500000000000
14273 520641548217/500000000000
14275 520024893961/500000000000
14277 256464980881/250000000000
14279 1029323575297/1000000000000
14281 102735246563/100000000000
14283 1028133309151/1000000000000
14285 103412652069/100000000000
14287 258262181629/250000000000
14289 1028231218407/1000000000000
14291 512108095859/500000000000
14293 1027349013771/1000000000000
14295 1055003950181/1000000000000
14297 528668177529/500000000000
14299 210246294871/200000000000
14301 1054950002087/1000000000000
14303 260281107587/250000000000
14305 1040308247347/1000000000000
14307 1039085057673/1000000000000
14309 41396183089/40000000000
14311 531917976581/500000000000
14313 1064696356409/1000000000000
14315 131714257363/125000000000
14317 530424089933/500000000000
14319 262563727031/250000000000
14321 1042088681931/1000000000000
14323 517494186583/500000000000
14325 1039994304139/1000000000000
14327 524976915341/500000000000
14329 1047492396613/1000000000000
14331 1030594361563/1000000000000
14333 1032572842559/1000000000000
14335 105242050937/100000000000
14337 1059793228261/1000000000000
14339 20915754143/20000000000
14341 1055804148153/1000000000000
14343 1030603714053/1000000000000
14345 1040004414229/1000000000000
14347 1030739452083/1000000000000
14349 1039539403511/1000000000000
14351 533284682311/500000000000
14353 1067784585971/1000000000000
14355 1076563478683/1000000000000
14357 1064279006179/1000000000000
14359 1075335293599/1000000000000
14361 211524380541/200000000000
14363 1062425916671/1000000000000
14365 540155113013/500000000000
14367 1074530287953/1000000000000
14369 1058180203419/1000000000000
14371 106537747043/100000000000
14373 1057008173761/1000000000000
14375 208969208481/200000000000
14377 211803421569/200000000000
14379 104837746933/100000000000
14381 104921927217/100000000000
14383 1044163718993/1000000000000
14385 1056885778291/1000000000000
14387 104864877859/100000000000
14389 527172067891/500000000000
14391 1078170231397/1000000000000
14393 532405480019/500000000000
14395 1071334768317/1000000000000
14397 16658435483/15625000000
14399 1059990136107/1000000000000
14401 526320139561/500000000000
14403 531131998779/500000000000
14405 1048568390919/1000000000000
14407 527978692497/500000000000
14409 132399388727/125000000000
14411 528296874851/500000000000
14413 107145350633/100000000000
14415 1059203553/1000000000
14417 132089039837/125000000000
14419 1064545373153/1000000000000
14421 134460435843/125000000000
14423 1070928034807/1000000000000
14425 1051495575373/1000000000000
14427 21310707793/20000000000
14429 3343364803/3125000000
14431 1079692822391/1000000000000
14433 16606895353/15625000000
14435 1061460158953/1000000000000
14437 1058661718327/1000000000000
14439 52813529383/50000000000
14441 51430038461/50000000000
14443 255661491367/250000000000
14445 513960091717/500000000000
14447 1023395743159/1000000000000
14449 1043785790463/1000000000000
14451 523644023079/500000000000
14453 525624324827/500000000000
14455 1052399901887/1000000000000
14457 51098360107/50000000000
14459 1031556969477/1000000000000
14461 512689633143/500000000000
14463 1033261826853/1000000000000
14465 1051146097439/1000000000000
14467 522491494171/500000000000
14469 1059373189787/1000000000000
14471 105097665027/100000000000
14473 13187632651/12500000000
14475 1044594480083/1000000000000
14477 211119573241/200000000000
14479 1047925837871/1000000000000
14481 264599484467/250000000000
14483 1059180497263/1000000000000
14485 107050138301/100000000000
14487 52095173363/50000000000
14489 1044295810297/1000000000000
14491 525229556129/500000000000
14493 1050385322337/1000000000000
14495 524822050381/500000000000
14497 265597642447/250000000000
14499 1023954542567/1000000000000
14501 1030501559707/1000000000000
14503 8146484767/8000000000
14505 1029059759737/1000000000000
14507 207079246383/200000000000
14509 1033585075273/1000000000000
14511 1037032844791/1000000000000
14513 1036715285749/1000000000000
14515 102509115287/100000000000
14517 15866048623/15625000000
14519 255641139447/250000000000
14521 1018401017361/1000000000000
14523 258175503903/250000000000
14525 1031228069649/1000000000000
14527 1033487154891/1000000000000
14529 515701229721/500000000000
14531 51276070317/50000000000
14533 1026522105057/1000000000000
14535 1034883145673/1000000000000
14537 10185302283/10000000000
14539 1040016206067/1000000000000
14541 1038291543231/1000000000000
14543 521506891107/500000000000
14545 52255637051/50000000000
14547 1023778059287/1000000000000
14549 1025325820501/1000000000000
14551 1025673717807/1000000000000
14553 257533565123/250000000000
14555 1036441233959/1000000000000
14557 25969693367/25000000000
14559 1044230075101/1000000000000
14561 1045693399227/1000000000000
14567 1025907659477/1000000000000
14569 514035669979/500000000000
14575 31915981349/31250000000
14577 255134026053/250000000000
14583 1024819776191/1000000000000
14585 257449359927/250000000000
14591 1022964449839/1000000000000
14593 1029712685329/1000000000000
14595 1024749167983/1000000000000
14597 1032716554637/1000000000000
14599 256528793551/250000000000
14601 515600861687/500000000000
14603 512641578303/500000000000
14605 512308918667/500000000000
14607 257222441573/250000000000
14609 1029533876869/1000000000000
14611 32043761913/31250000000
14613 128253232757/125000000000
14615 257362440391/250000000000
14617 1019883752919/1000000000000
14619 513800187797/500000000000
14621 1039803234753/1000000000000
14623 1031073630097/1000000000000
14625 129709115761/125000000000
14691 1024465357111/1000000000000
14693 63999290253/62500000000
14695 515778131459/500000000000
14697 255883657549/250000000000
14699 260526134901/250000000000
14701 1041359929149/1000000000000
14703 16271498949/15625000000
14705 52056040347/50000000000
14707 1031291877017/1000000000000
14709 254686866871/250000000000
14711 509411373079/500000000000
14713 518399186669/500000000000
14715 1037671451499/1000000000000
14717 520424253251/500000000000
14719 520867809737/500000000000
14721 520947291611/500000000000
14723 1039335918369/1000000000000
14725 210756847209/200000000000
14727 1058584094003/1000000000000
14729 524944956453/500000000000
14731 13014809299/12500000000
14733 1056263528187/1000000000000
14735 208702072343/200000000000
14737 1038392542463/1000000000000
14739 10619611959/10000000000
14741 268667001533/250000000000
14743 131593232363/125000000000
14745 1064526860453/1000000000000
14747 1023719783481/1000000000000
14749 1023427107557/1000000000000
14751 261699707553/250000000000
14753 1046159403681/1000000000000
14755 513029919091/500000000000
14757 102852651687/100000000000
14759 20541524781/20000000000
14761 513323149591/500000000000
14763 261359449537/250000000000
14765 525307937877/500000000000
14767 521527450549/500000000000
14769 261526114641/250000000000
14771 25724909701/25000000000
14773 1038544089009/1000000000000
14775 1021569027673/1000000000000
14777 206246432811/200000000000
14779 257566952083/250000000000
14781 1041046873097/1000000000000
14783 64930199209/62500000000
14785 261470749219/250000000000
14787 1045832269519/1000000000000
14789 264243116293/250000000000
14791 515931217769/500000000000
14793 261954313401/250000000000
14795 525849394747/500000000000
14797 530783660939/500000000000
14799 1059546462029/1000000000000
14801 134750011361/125000000000
14803 7962760893/7812500000
14805 255760963219/250000000000
14807 256924627151/250000000000
14809 206672887461/200000000000
14811 66313914229/62500000000
14813 265317040921/250000000000
14815 42349606437/40000000000
14817 33212565171/31250000000
14819 1032162282711/1000000000000
14821 1049959386161/1000000000000
14823 1039973904453/1000000000000
14825 527323675313/500000000000
14827 43079390047/40000000000
14829 266409831143/250000000000
14831 538880608613/500000000000
14833 105271554269/100000000000
14835 53172390817/50000000000
14837 1044266798897/1000000000000
14839 529632538587/500000000000
14841 256968358967/250000000000
14843 1036121883637/1000000000000
14845 1023808674027/1000000000000
14847 516591014833/500000000000
14849 53312734261/50000000000
14851 1074603049487/1000000000000
14853 107266429113/100000000000
14855 1071890810371/1000000000000
14857 520627267411/500000000000
14859 1039077552317/1000000000000
14861 208083730671/200000000000
14863 1042794743809/1000000000000
14865 519149598319/500000000000
14867 105922366589/100000000000
14869 516887289903/500000000000
14871 1046098516609/1000000000000
14873 102449134041/100000000000
14875 515987738887/500000000000
14877 512440563927/500000000000
14879 129092977053/125000000000
14881 1071399829657/1000000000000
14883 1068027797599/1000000000000
14885 33104508447/31250000000
14887 66653066099/62500000000
14889 1042823906569/1000000000000
14891 209301712097/200000000000
14893 523537639891/500000000000
14895 1050307922513/1000000000000
14897 1064315797821/1000000000000
14899 106741487653/100000000000
14901 1065130431969/1000000000000
14903 1065544811763/1000000000000
14905 514141057/500000000
14907 1038719256831/1000000000000
14909 1028188679327/1000000000000
14911 1039657049073/1000000000000
14913 1074150407133/1000000000000
14915 538604234039/500000000000
14917 107513974273/100000000000
14919 268201634291/250000000000
14921 1036267761493/1000000000000
14923 1042261525531/1000000000000
14925 258574499851/250000000000
14927 65029957327/62500000000
14929 106265220803/100000000000
14931 213142536811/200000000000
14933 530624016561/500000000000
14935 531264488631/500000000000
14937 257020149523/250000000000
14939 517646169607/500000000000
14941 1027961586417/1000000000000
14943 64772666779/62500000000
14945 1064433395703/1000000000000
14947 134233016561/125000000000
14949 532426118863/500000000000
14951 1072616848717/1000000000000
14953 260100587499/250000000000
14955 1036769941301/1000000000000
14957 1037630800293/1000000000000
14959 1032637322731/1000000000000
14961 1072485387637/1000000000000
14963 538223862347/500000000000
14965 1070633602511/1000000000000
14967 1075597012753/1000000000000
14969 130676033147/125000000000
14971 1041419892099/1000000000000
14973 521255174597/500000000000
14975 518037545467/500000000000
14977 1086274923129/1000000000000
14979 107254734071/100000000000
14981 106545369249/100000000000
14983 522232834251/500000000000
14985 1049377049139/1000000000000
14987 1041572763289/1000000000000
14989 1047432271289/1000000000000
14991 533219901059/500000000000
14993 268011372047/250000000000
14995 266401384839/250000000000
14997 1075970758769/1000000000000
14999 516930880781/500000000000
15001 259037314649/250000000000
15003 1030862102029/1000000000000
15005 518086574609/500000000000
15007 211951282241/200000000000
15009 532478417369/500000000000
15011 212465126573/200000000000
15013 166482569/160000000
15015 1046232865857/1000000000000
15017 1042955454881/1000000000000
15019 26086018461/25000000000
15023 545428401713/500000000000
15025 547657603701/500000000000
15031 1050292994917/1000000000000
15033 263714754723/250000000000
15041 66057947179/62500000000
15043 528085686073/500000000000
15045 540601745679/500000000000
15047 541624469341/500000000000
15049 1076121115533/1000000000000
15051 16908614309/15625000000
15053 1048385219021/1000000000000
15055 526656962053/500000000000
15057 104774898867/100000000000
15059 524077934121/500000000000
15061 1067688054217/1000000000000
15063 266938132239/250000000000
15065 42107574707/40000000000
15067 524278867917/500000000000
15069 1048652568151/1000000000000
15071 1049617027939/1000000000000
15119 1018492403981/1000000000000
15121 1003527563767/1000000000000
15123 508885832103/500000000000
15125 1015177854757/1000000000000
15127 100017998857/100000000000
15129 1005631657103/1000000000000
15131 200632296517/200000000000
15133 40200414747/40000000000
15135 31476927597/31250000000
15137 502356453551/500000000000
15139 251418347423/250000000000
15141 252702274287/250000000000
15143 101014662071/100000000000
15145 508480534459/500000000000
15147 1014416262549/1000000000000
15149 63794072019/62500000000
15151 1001611266949/1000000000000
15153 250525913729/250000000000
15155 50066254537/50000000000
15157 1017697943179/1000000000000
15159 251936383073/250000000000
15161 63171366159/62500000000
15163 1011170403131/1000000000000
15165 204000976699/200000000000
15167 1012519520899/1000000000000
15169 509274476399/500000000000
15171 1003671821959/1000000000000
15173 62975034467/62500000000
15175 1008206950091/1000000000000
15177 1007415979609/1000000000000
15179 204391579327/200000000000
15181 41042368747/40000000000
15183 31863692981/31250000000
15185 1022059335681/1000000000000
15187 10105256893/10000000000
15189 254295531543/250000000000
15191 504293306553/500000000000
15193 503165217303/500000000000
15195 506121546051/500000000000
15197 63340190197/62500000000
15199 128231055007/125000000000
15201 12684946939/12500000000
15203 7841259169/7812500000
15205 501251875739/500000000000
15207 100819411371/100000000000
15209 501740717167/500000000000
15211 100569697387/100000000000
15213 503866876217/500000000000
15215 1003042848309/1000000000000
15217 500179334833/500000000000
15219 1004957070481/1000000000000
15221 1007105375673/1000000000000
15223 1008721128357/1000000000000
15225 1007811468441/1000000000000
15227 64384008143/62500000000
15229 1041536456617/1000000000000
15231 512297774611/500000000000
15233 103162264727/100000000000
15235 1035066982777/1000000000000
15237 13034627307/12500000000
15239 51150066711/50000000000
15241 515534220453/500000000000
15243 1049623315983/1000000000000
15245 1059740198367/1000000000000
15247 65221316413/62500000000
15249 131405428689/125000000000
15251 1047949778697/1000000000000
15253 531890958717/500000000000
15255 260437457793/250000000000
15257 527067559589/500000000000
15259 1017328808443/1000000000000
15261 1026356390479/1000000000000
15263 40666399421/40000000000
15265 1022177908179/1000000000000
15267 505878873367/500000000000
15269 50842183903/50000000000
15271 1008169645083/1000000000000
15273 126496360383/125000000000
15275 257787618561/250000000000
15277 1041838180333/1000000000000
15279 204700158141/200000000000
15281 103149237263/100000000000
15283 510053345207/500000000000
15285 20806390187/20000000000
15287 40820330381/40000000000
15289 204971668651/200000000000
15291 1063416602403/1000000000000
15293 133569920081/125000000000
15295 210770375571/200000000000
15297 1062071528327/1000000000000
15299 264329487711/250000000000
15301 134757055027/125000000000
15303 1056319789249/1000000000000
15305 1071790846863/1000000000000
15307 543868502281/500000000000
15309 1092908064259/1000000000000
15311 1078791751273/1000000000000
15313 1086894175627/1000000000000
15315 217305863563/200000000000
15317 1085031057041/1000000000000
15319 540469188003/500000000000
15321 1077035153509/1000000000000
15323 210217302927/200000000000
15325 527049482677/500000000000
15327 129604352527/125000000000
15329 104719716409/100000000000
15331 1050373212453/1000000000000
15333 1066379256169/1000000000000
15335 1045069573871/1000000000000
15337 1053528359987/1000000000000
15339 536277554319/500000000000
15341 1081935629783/1000000000000
15343 1063334982337/1000000000000
15345 1070074761247/1000000000000
15347 1071057903031/1000000000000
15349 134774981129/125000000000
15351 528937118833/500000000000
15353 534169190237/500000000000
15355 1094621575651/1000000000000
15357 1111898350769/1000000000000
15359 545240975109/500000000000
15361 552739278121/500000000000
15363 13434685377/12500000000
15365 539856765471/500000000000
15367 274691536473/250000000000
15369 1112920131479/1000000000000
15371 1089034562827/1000000000000
15373 1077458493031/1000000000000
15375 539700524537/500000000000
15377 133374628271/125000000000
15379 1074390348101/1000000000000
15381 134828132411/125000000000
15383 43891385101/40000000000
15385 1073030169069/1000000000000
15387 547927864383/500000000000
15389 2216951577/2000000000
15391 547233007499/500000000000
15393 274379271841/250000000000
15395 1097892193533/1000000000000
15397 546800161997/500000000000
15399 1090283335497/1000000000000
15401 222537095711/200000000000
15403 222090403727/200000000000
15405 1094358584489/1000000000000
15407 1095531457011/1000000000000
15409 1111583345429/1000000000000
15411 1112591003281/1000000000000
15413 1089003976593/1000000000000
15415 43447143067/40000000000
15421 139025663017/125000000000
15425 219615107001/200000000000
15429 1132016939419/1000000000000
15431 1113966795841/1000000000000
15433 1109517981577/1000000000000
15435 70257416013/62500000000
15437 1091061603909/1000000000000
15439 272879271059/250000000000
15481 50163811437/50000000000
15483 1005135631721/1000000000000
15485 100203907929/100000000000
15487 125656940871/125000000000
15489 250800159427/250000000000
15491 250416226817/250000000000
15493 500657338217/500000000000
15495 502455564021/500000000000
15497 502455564021/500000000000
15499 251832349659/250000000000
15501 1010200415843/1000000000000
15503 1010200415843/1000000000000
15505 1013161365557/1000000000000
15507 126907611703/125000000000
15509 501213479253/500000000000
15511 50096652187/50000000000
15513 250487275327/250000000000
15515 1000151007221/1000000000000
15517 12516283823/12500000000
15519 1001378963941/1000000000000
15521 1011426698867/1000000000000
15523 206750376209/200000000000
15525 250670604979/250000000000
15527 31648785653/31250000000
15529 1017964983901/1000000000000
15531 250670604979/250000000000
15533 209326774763/200000000000
15535 1042997476003/1000000000000
15537 1000869589847/1000000000000
15539 1031411405961/1000000000000
15541 257086737879/250000000000
15543 1044655767389/1000000000000
15545 1003975515933/1000000000000
15547 1008051213511/1000000000000
15549 40678078953/40000000000
15551 1003512852377/1000000000000
15553 1001833294381/1000000000000
15555 40678078953/40000000000
15557 1003963545339/1000000000000
15559 1000093412969/1000000000000
15561 1018310612649/1000000000000
15563 1011860411483/1000000000000
15565 202736061213/200000000000
15567 1014246947177/1000000000000
15569 1012841543471/1000000000000
15571 507071797569/500000000000
15573 507743088197/500000000000
15575 202657658663/200000000000
15577 202800983561/200000000000
15579 202800983561/200000000000
15581 1017424782503/1000000000000
15583 1017424782503/1000000000000
15585 50735194537/50000000000
15587 127091467359/125000000000
15589 203251097759/200000000000
15591 1589737549/1562500000
15593 127436692931/125000000000
15595 504056645347/500000000000
15597 125914648527/125000000000
15599 1006876170059/1000000000000
15601 504042345981/500000000000
15605 251884781121/250000000000
15607 401329277/400000000
15609 125538040561/125000000000
15611 125211315561/125000000000
15613 251733108733/250000000000
15615 25197839173/25000000000
15623 125180165491/125000000000
15625 125135952991/125000000000
15627 504125977539/500000000000
15629 63583271217/62500000000
15631 1006292651359/1000000000000
15653 1064107401391/1000000000000
15655 1059056158169/1000000000000
15657 528104406599/500000000000
15659 1064352991351/1000000000000
15661 105765909299/100000000000
15663 266623809867/250000000000
15665 1058362629797/1000000000000
15671 1048390016799/1000000000000
15673 1055614229793/1000000000000
15675 526079233249/500000000000
15677 1052215729389/1000000000000
15679 1049968210801/1000000000000
15695 264504159023/250000000000
15697 65025336481/62500000000
15699 1037836291789/1000000000000
15701 1050678230301/1000000000000
15703 1065109776583/1000000000000
15705 1055984684083/1000000000000
15707 1031014615061/1000000000000
15709 1022057500327/1000000000000
15711 1042905419119/1000000000000
15713 41094333833/40000000000
15715 532864000099/500000000000
15717 20561078209/20000000000
15719 129131452679/125000000000
15721 325056597/312500000
15723 1042029116407/1000000000000
15725 51809596941/50000000000
15727 527969324761/500000000000
15729 1087089546877/1000000000000
15731 1029889812361/1000000000000
15733 1062723713037/1000000000000
15735 262212374537/250000000000
15737 1045202323331/1000000000000
15739 41931706447/40000000000
15741 1047402651353/1000000000000
15743 1056410899309/1000000000000
15745 525600901393/500000000000
15747 203399436493/200000000000
15749 1021245896981/1000000000000
15751 256022020581/250000000000
15753 1018651992163/1000000000000
15755 1039721364197/1000000000000
15757 1046762964967/1000000000000
15759 1035525009843/1000000000000
15761 64181520301/62500000000
15763 26054127381/25000000000
15765 256373969809/250000000000
15767 32549184877/31250000000
15769 518433661323/500000000000
15771 52468965743/50000000000
15773 1035255546551/1000000000000
15775 1043784740061/1000000000000
15777 1018002283719/1000000000000
15779 510240325329/500000000000
15781 1019239454861/1000000000000
15783 1019708029261/1000000000000
15785 208908199179/200000000000
15787 1052429449223/1000000000000
15789 1022562576737/1000000000000
15791 6435139319/6250000000
15793 1028667046709/1000000000000
15795 259506255573/250000000000
15797 206509482509/200000000000
15799 64785209453/62500000000
15801 103066054019/100000000000
15803 1032763537563/1000000000000
15805 1007500120557/1000000000000
15807 1021800232607/1000000000000
15809 1005400684979/1000000000000
15811 1022630886127/1000000000000
15813 128280452653/125000000000
15815 1017582667431/1000000000000
15817 103072680779/100000000000
15819 511114416643/500000000000
15821 129913085807/125000000000
15823 42485273899/40000000000
15825 1039475512577/1000000000000
15827 1059167849839/1000000000000
15829 518732835767/500000000000
15831 52504870417/50000000000
15833 518347700023/500000000000
15835 1057707459703/1000000000000
15837 251561505431/250000000000
15839 1019210158461/1000000000000
15841 201096250427/200000000000
15843 1017483335479/1000000000000
15845 1032548650361/1000000000000
15847 512123150231/500000000000
15849 1034438575039/1000000000000
15851 512452100729/500000000000
15853 1031604188609/1000000000000
15855 131426973417/125000000000
15857 206129755077/200000000000
15859 104552027021/100000000000
15861 258268413033/250000000000
15863 262604105319/250000000000
15865 1036670134491/1000000000000
15867 525666254409/500000000000
15873 202976363791/200000000000
15875 1024059841429/1000000000000
15881 1031836773337/1000000000000
15883 1039809184547/1000000000000
15889 1048841747193/1000000000000
15891 213428253113/200000000000
15897 262094846853/250000000000
15899 531968645227/500000000000
15901 503436109599/500000000000
15903 1025817156841/1000000000000
15905 506003725791/500000000000
15907 1028201344193/1000000000000
15909 103212111289/100000000000
15911 129548937719/125000000000
15913 1026829640407/1000000000000
15915 518107965333/500000000000
15917 524396483131/500000000000
15919 1068602387143/1000000000000
15921 1044511153647/1000000000000
15923 1065834919219/1000000000000
15925 1042154440361/1000000000000
15927 529893027527/500000000000
15929 1043434569507/1000000000000
15931 211751638037/200000000000
15997 261584113641/250000000000
15999 1048545808357/1000000000000
16001 1053384163521/1000000000000
16003 1058088773713/1000000000000
16005 524185907763/500000000000
16007 520475298917/500000000000
16009 210854214993/200000000000
16011 1048252067901/1000000000000
16013 127661484759/125000000000
16015 40686088537/40000000000
16017 1012947301337/1000000000000
16019 251817078331/250000000000
16021 32661140109/31250000000
16023 527519411419/500000000000
16025 1042061306753/1000000000000
16027 65916141469/62500000000
16029 531531404113/500000000000
16031 532099129489/500000000000
16033 1053841188999/1000000000000
16035 255132506037/250000000000
16037 528405058741/500000000000
16039 1030842945629/1000000000000
16041 20471342709/20000000000
16043 1065774708209/1000000000000
16045 1037693391791/1000000000000
16047 521410322691/500000000000
16049 518290699859/500000000000
16051 1040923322983/1000000000000
16053 536975304789/500000000000
16055 16452774217/15625000000
16057 16467844421/15625000000
16059 525599130057/500000000000
16061 261938798193/250000000000
16063 214515095919/200000000000
16065 532640033143/500000000000
16067 529925726653/500000000000
16069 514524463441/500000000000
16071 531010029639/500000000000
16073 52072918657/50000000000
16075 1064710574741/1000000000000
16077 129185834369/125000000000
16079 1050470548111/1000000000000
16081 1005682378789/1000000000000
16083 1012859912423/1000000000000
16085 1015426730353/1000000000000
16087 40585179931/40000000000
16089 31953950763/31250000000
16091 1025851940861/1000000000000
16093 102527706509/100000000000
16095 1021302464149/1000000000000
16097 1046429990773/1000000000000
16099 1041423952571/1000000000000
16101 259848932049/250000000000
16103 104187887393/100000000000
16105 1072128584061/1000000000000
16107 1074317722313/1000000000000
16109 133764766123/125000000000
16111 1024210874647/1000000000000
16113 1017559965247/1000000000000
16115 1043335001427/1000000000000
16117 1022447656451/1000000000000
16119 207700243003/200000000000
16121 8029115363/7812500000
16123 53000746681/50000000000
16125 1031727715281/1000000000000
16127 1020807239731/1000000000000
16129 1020243155753/1000000000000
16131 1030109935327/1000000000000
16133 1019317115857/1000000000000
16135 1022266796789/1000000000000
16137 510109979339/500000000000
16139 514562311857/500000000000
16141 1018812092417/1000000000000
16143 205827510301/200000000000
16145 1039839756829/1000000000000
16147 511934803711/500000000000
16149 514329805277/500000000000
16151 515701080999/500000000000
16153 1040481481779/1000000000000
16155 256391881379/250000000000
16157 519612753913/500000000000
16159 1040529946493/1000000000000
16161 127022395413/125000000000
16163 1048355176257/1000000000000
16165 31879825773/31250000000
16167 1030265120063/1000000000000
16169 254441133827/250000000000
16171 41889581479/40000000000
16173 1019687655723/1000000000000
16175 127213040433/125000000000
16177 1020415622827/1000000000000
16179 126081820819/125000000000
16181 254924226163/250000000000
16183 1021796283307/1000000000000
16185 1042685567727/1000000000000
16187 8191302999/8000000000
16189 1034924240941/1000000000000
16191 505297354091/500000000000
16193 1021705619681/1000000000000
16195 504766330057/500000000000
16197 12709688827/12500000000
16199 126042492367/125000000000
16201 50873876097/50000000000
16203 202173741043/200000000000
16205 509699810961/500000000000
16207 209204567411/200000000000
16209 1056205755701/1000000000000
16211 1041953907479/1000000000000
16213 263540385189/250000000000
16215 128594565907/125000000000
16217 1045134487727/1000000000000
16219 515555151163/500000000000
16221 130435135579/125000000000
16223 1008004162477/1000000000000
16225 254423868763/250000000000
16227 202150000629/200000000000
16229 50839072547/50000000000
16231 202144907449/200000000000
16233 253948394293/250000000000
16235 254890217307/250000000000
16237 1019634374711/1000000000000
16239 1043091060601/1000000000000
16241 1049370439001/1000000000000
16243 517506551433/500000000000
16245 525513773009/500000000000
16247 257629613477/250000000000
16249 20836802147/20000000000
16251 1035069915229/1000000000000
16253 208660347047/200000000000
16255 1007809660683/1000000000000
16257 128183389057/125000000000
16259 6306384159/6250000000
16261 510021954253/500000000000
16263 100516173781/100000000000
16265 512369158583/500000000000
16267 200378412177/200000000000
16269 1022296844927/1000000000000
16271 522963385017/500000000000
16273 1069991013643/1000000000000
16275 1043432660327/1000000000000
16277 53100346849/50000000000
16279 1046967495771/1000000000000
16281 267030198843/250000000000
16283 208335805761/200000000000
16285 212178271949/200000000000
16287 503931865411/500000000000
16289 509214575261/500000000000
16291 63204841177/62500000000
16293 255422633091/250000000000
16295 200151240387/200000000000
16297 3179033231/3125000000
16299 1003261643563/1000000000000
16301 507772639111/500000000000
16303 1039901151557/1000000000000
16305 212534716269/200000000000
16307 65244515523/62500000000
16309 530339362149/500000000000
16311 259319109149/250000000000
16313 210955734549/200000000000
16315 1032906530179/1000000000000
16317 263211372061/250000000000
16323 250112881727/250000000000
16325 519084193597/500000000000
16331 253107993103/250000000000
16333 513862036133/500000000000
16339 6628768301/6250000000
16341 1084536273501/1000000000000
16347 8233194613/7812500000
16349 1076319153477/1000000000000
16351 500102154409/500000000000
16353 517596666681/500000000000
16355 502283740447/500000000000
16357 513942793919/500000000000
16359 503559665973/500000000000
16361 515092477317/500000000000
16363 504721128529/500000000000
16365 1025325010969/1000000000000
16367 1058288561329/1000000000000
16369 541080104303/500000000000
16371 523979891547/500000000000
16373 1077096188757/1000000000000
16375 525157357061/500000000000
16377 268990157511/250000000000
16379 523846891983/500000000000
16381 267732982703/250000000000
16447 16021103047/15625000000
16449 512151675931/500000000000
16451 1030588155947/1000000000000
16453 509098347209/500000000000
16455 513997572319/500000000000
16457 511984082889/500000000000
16459 1021888778183/1000000000000
16461 204461928573/200000000000
16463 1022809927489/1000000000000
16465 511727570179/500000000000
16467 256349027231/250000000000
16469 127618517407/125000000000
16471 511378497249/500000000000
16473 509616549661/500000000000
16475 203700483933/200000000000
16477 255685821273/250000000000
16479 256353037627/250000000000
16481 1024850572763/1000000000000
16483 128112673961/125000000000
16485 1033350373267/1000000000000
16487 20666148183/20000000000
16489 1027559773693/1000000000000
16491 1032841627113/1000000000000
16493 127750807273/125000000000
16495 1002656326653/1000000000000
16497 1022342674781/1000000000000
16499 1005973844651/1000000000000
16501 519286005679/500000000000
16503 41163920623/40000000000
16505 1036633577579/1000000000000
16507 258994285823/250000000000
16509 254792374849/250000000000
16511 205167514829/200000000000
16513 15978079979/15625000000
16515 1642420893/1600000000
16517 1019101209093/1000000000000
16519 127737607563/125000000000
16521 5125340241/5000000000
16523 1023764058329/1000000000000
16525 1032621473159/1000000000000
16527 260029041611/250000000000
16529 516597854007/500000000000
16531 1031467378019/1000000000000
16533 1019563433781/1000000000000
16535 1013429622953/1000000000000
16537 1028106003847/1000000000000
16539 1020100557203/1000000000000
16541 103633437457/100000000000
16543 1026208643003/1000000000000
16545 1047084767913/1000000000000
16547 257257557029/250000000000
16549 202031570259/200000000000
16551 1024596084423/1000000000000
16553 1009617080949/1000000000000
16555 3981193949/3906250000
16557 254754269321/250000000000
16559 204189544463/200000000000
16561 1018245109151/1000000000000
16563 1020701323753/1000000000000
16565 20671966331/20000000000
16567 513773796599/500000000000
16569 1026844208287/1000000000000
16571 257518395853/250000000000
16573 130676285129/125000000000
16575 207055136489/200000000000
16577 519817323841/500000000000
16579 1038980700467/1000000000000
16581 505961667857/500000000000
16583 506801057231/500000000000
16585 203333686507/200000000000
16587 126167862429/125000000000
16589 40857745861/40000000000
16591 31986221191/31250000000
16593 1031222006701/1000000000000
16595 64306727423/62500000000
16597 1007155320903/1000000000000
16599 1005301502291/1000000000000
16601 501554715489/500000000000
16603 1002447295737/1000000000000
16605 509322192857/500000000000
16607 504376084619/500000000000
16609 508411988963/500000000000
16611 1011821778613/1000000000000
16613 1013388410799/1000000000000
16615 1016224000389/1000000000000
16617 31502714837/31250000000
16619 512276478531/500000000000
16621 252111880953/250000000000
16623 1018163195873/1000000000000
16625 20333105139/20000000000
16627 1017993166471/1000000000000
16629 1005831372757/1000000000000
16631 501052962507/500000000000
16633 25224359479/25000000000
16635 20064707297/20000000000
16637 1020412658977/1000000000000
16639 101510479313/100000000000
16641 10214720057/10000000000
16643 6389729327/6250000000
16645 251932449963/250000000000
16647 127943182737/125000000000
16649 1010640841381/1000000000000
16651 512202880757/500000000000
16653 1013827664653/1000000000000
16655 1015364757429/1000000000000
16657 509007689913/500000000000
16659 508134804589/500000000000
16661 1000242053341/1000000000000
16663 1009121597049/1000000000000
16665 1002008294239/1000000000000
16667 1007931367983/1000000000000
16669 1005221168433/1000000000000
16671 1015168348051/1000000000000
16673 1014640158981/1000000000000
16675 508674334283/500000000000
16677 1016573638843/1000000000000
16679 1021990719477/1000000000000
16681 254435082269/250000000000
16683 253638139791/250000000000
16685 511666640509/500000000000
16687 1035387775371/1000000000000
16689 509341760169/500000000000
16691 257609905231/250000000000
16693 1000102525047/1000000000000
16695 1003798556561/1000000000000
16697 1001946861311/1000000000000
16699 251246584617/250000000000
16701 508122992861/500000000000
16703 1015328114071/1000000000000
16705 203403315087/200000000000
16707 40297557801/40000000000
16709 1014159859813/1000000000000
16711 1015175459779/1000000000000
16713 251959654223/250000000000
16715 63130176253/62500000000
16717 254019423779/250000000000
16719 1021059822501/1000000000000
16721 25255536331/25000000000
16723 1017293007931/1000000000000
16725 1010525893573/1000000000000
16727 1026542725141/1000000000000
16729 1007292778747/1000000000000
16731 509184781007/500000000000
16733 504969602781/500000000000
16735 1029063854759/1000000000000
16737 1012696592063/1000000000000
16739 51248216351/50000000000
16741 129539095167/125000000000
16743 1060428697111/1000000000000
16745 1031869196357/1000000000000
16747 130427901739/125000000000
16749 1037205426677/1000000000000
16751 1055138213053/1000000000000
16753 1035442354061/1000000000000
16755 104920562101/100000000000
16757 1008814690061/1000000000000
16759 253957248493/250000000000
16761 4031584919/4000000000
16763 1011745830979/1000000000000
16765 63171772903/62500000000
16767 1013497087679/1000000000000
16769 1003773021357/1000000000000
16771 1016176212351/1000000000000
16773 510415265471/500000000000
16775 1034502742249/1000000000000
16777 126402438167/125000000000
16779 1027481731977/1000000000000
16781 518150040687/500000000000
16783 262738944053/250000000000
16785 517460086319/500000000000
16787 104344279793/100000000000
16793 1027467131147/1000000000000
16795 519048912567/500000000000
16801 1013786180687/1000000000000
16803 1029490421327/1000000000000
16809 26816503917/25000000000
16811 27192756023/25000000000
16817 1043039682573/1000000000000
16819 1340636231/1250000000
16821 204271794901/200000000000
16823 1028965650983/1000000000000
16825 203435396019/200000000000
16827 1026542527403/1000000000000
16829 127162043073/125000000000
16831 1027729389131/1000000000000
16833 1016770747679/1000000000000
16835 1028308471137/1000000000000
16837 1058149681019/1000000000000
16839 271684457041/250000000000
16841 519000167683/500000000000
16843 1071521928097/1000000000000
16845 129654333971/125000000000
16847 212876727763/200000000000
16849 32513335249/31250000000
16851 1058363987779/1000000000000
16917 1012519817227/1000000000000
16919 250102730883/250000000000
16921 1014596806013/1000000000000
16923 102465083787/100000000000
16925 1002235918263/1000000000000
16927 256180521567/250000000000
16929 254297335567/250000000000
16931 10020166483/10000000000
16933 1000430219067/1000000000000
16935 31315283227/31250000000
16937 125355741547/125000000000
16939 50415091029/50000000000
16941 4096640187/4000000000
16943 1000135002767/1000000000000
16945 125943880339/125000000000
16947 25575563913/25000000000
16949 16075077649/15625000000
16951 252851189541/250000000000
16953 1008080138767/1000000000000
16955 252263375787/250000000000
16957 1003513315731/1000000000000
16959 200008427127/200000000000
16961 1003703040311/1000000000000
16963 201266642471/200000000000
16965 1000142931997/1000000000000
16967 1018170776769/1000000000000
16969 502221604661/500000000000
16971 1003324104441/1000000000000
16973 1000065936579/1000000000000
16975 1007735974931/1000000000000
16977 250355816147/250000000000
16979 1005435697921/1000000000000
16981 202379540347/200000000000
16983 1006209704557/1000000000000
16985 125896898389/125000000000
16987 203148544549/200000000000
16989 1014470793199/1000000000000
16991 1006613796781/1000000000000
16993 252740381531/250000000000
16995 1024223946429/1000000000000
16997 501655877051/500000000000
16999 1022190871107/1000000000000
17001 250584266923/250000000000
17003 503053936177/500000000000
17005 500840023269/500000000000
17007 202653932617/200000000000
17009 200464343543/200000000000
17011 1001208003519/1000000000000
17013 251192666037/250000000000
17015 1000709420111/1000000000000
17017 1004534634539/1000000000000
17019 1005298171677/1000000000000
17021 1035156611461/1000000000000
17023 1003321191143/1000000000000
17025 51489660687/50000000000
17027 250091785417/250000000000
17029 202832079339/200000000000
17031 500325605193/500000000000
17033 125990839251/125000000000
17035 200043185241/200000000000
17037 1007483752791/1000000000000
17039 1003612190319/1000000000000
17041 201395167599/200000000000
17043 1029134785813/1000000000000
17045 524045455969/500000000000
17047 204595695597/200000000000
17049 517824984493/500000000000
17051 507990197211/500000000000
17053 510620048333/500000000000
17055 127164747789/125000000000
17057 1016620456871/1000000000000
17059 1002821448391/1000000000000
17061 251162639841/250000000000
17063 1001373377349/1000000000000
17065 500717995111/500000000000
17067 100152325021/100000000000
17069 1002089001907/1000000000000
17071 502021742337/500000000000
17073 200692745691/200000000000
17075 1020959997219/1000000000000
17077 256131651379/250000000000
17079 252446911297/250000000000
17081 126734101607/125000000000
17083 203333945219/200000000000
17085 1023729946777/1000000000000
17087 510450859263/500000000000
17089 1021133464659/1000000000000
17091 256557308547/250000000000
17093 526498298263/500000000000
17095 1016852085389/1000000000000
17097 1030308627129/1000000000000
17099 1008757947689/1000000000000
17101 102674585487/100000000000
17103 502252082329/500000000000
17105 1026377576727/1000000000000
17107 534603528219/500000000000
17109 67370713169/62500000000
17111 132681835923/125000000000
17113 1071023018089/1000000000000
17115 527274515003/500000000000
17117 1064415925571/1000000000000
17119 1028403486889/1000000000000
17121 20862977363/20000000000
17123 31611485339/31250000000
17125 1025470770217/1000000000000
17127 1006825777773/1000000000000
17129 63676975199/62500000000
17131 1007233174041/1000000000000
17133 204271927841/200000000000
17135 125826872909/125000000000
17137 507965280449/500000000000
17139 1047950127987/1000000000000
17141 26577197679/25000000000
17143 517885178037/500000000000
17145 1053359401957/1000000000000
17147 1020042341807/1000000000000
17149 1038740954081/1000000000000
17151 505838492659/500000000000
17153 204995999927/200000000000
17159 523765825967/500000000000
17161 529847761031/500000000000
17167 1027660891269/1000000000000
17169 1061942517363/1000000000000
17175 42999435149/40000000000
17177 1061942517363/1000000000000
17183 1082717114463/1000000000000
17185 1086187956673/1000000000000
17187 522512642231/500000000000
17189 212388691567/200000000000
17191 516403757721/500000000000
17193 1058546980883/1000000000000
17195 507394355143/500000000000
17197 262324768663/250000000000
17199 506041193153/500000000000
17201 103174703239/100000000000
17203 1068956492133/1000000000000
17205 54007243423/50000000000
17207 536569455349/500000000000
17209 1081656242067/1000000000000
17211 538430181067/500000000000
17213 216513440901/200000000000
17215 531947372767/500000000000
17217 1080129294523/1000000000000
17283 505696887887/500000000000
17285 508497862941/500000000000
17287 1012760927999/1000000000000
17289 101517200917/100000000000
17291 10028375533/10000000000
17293 1008274594633/1000000000000
17295 64039938267/62500000000
17297 502241107571/500000000000
17299 1004161701469/1000000000000
17301 1009936527889/1000000000000
17303 63602353181/62500000000
17305 50434868489/50000000000
17307 126698017789/125000000000
17309 513435489513/500000000000
17311 247744938/244140625
17313 131741704659/125000000000
17315 1037527321613/1000000000000
17317 102612449029/100000000000
17319 259905932133/250000000000
17321 509181431799/500000000000
17323 519105866569/500000000000
17325 128023404989/125000000000
17327 7910964677/7812500000
17329 64925246071/62500000000
17331 1060408372431/1000000000000
17333 1031125075671/1000000000000
17335 522921090433/500000000000
17337 1025973207363/1000000000000
17339 50843279643/50000000000
17341 515293636739/500000000000
17343 260760717713/250000000000
17345 1047953975077/1000000000000
17347 41005348521/40000000000
17349 204077975121/200000000000
17351 526103789489/500000000000
17353 1037901210851/1000000000000
17355 255055411653/250000000000
17357 515742837901/500000000000
17359 203291060343/200000000000
17361 1030839551851/1000000000000
17363 1032948454673/1000000000000
17365 508730809309/500000000000
17367 254168774933/250000000000
17369 51291137619/50000000000
17371 1021340740511/1000000000000
17373 526550820877/500000000000
17375 518950685401/500000000000
17377 1026018735683/1000000000000
17379 534918125751/500000000000
17381 515594397603/500000000000
17383 510534469609/500000000000
17385 1028163721457/1000000000000
17387 207010679709/200000000000
17389 263574507211/250000000000
17395 15695738283/15625000000
17397 1007645978121/1000000000000
17403 103042201871/100000000000
17405 501800224141/500000000000
17411 252637919921/250000000000
17413 504181655609/500000000000
17419 1004287113587/1000000000000
17421 506711461507/500000000000
17423 506304285943/500000000000
17425 50670520719/50000000000
17427 126322699577/125000000000
17429 126482630077/125000000000
17431 260239133449/250000000000
17433 1025240819217/1000000000000
17435 1035407687011/1000000000000
17437 1012291336791/1000000000000
17439 100914336549/100000000000
17441 1009858596297/1000000000000
17443 253039367971/250000000000
17445 506663176043/500000000000
17447 507858448799/500000000000
17449 507912054329/500000000000
17451 203228769209/200000000000
17517 522151294663/500000000000
17519 520599273657/500000000000
17521 51152253287/50000000000
17523 1016293377847/1000000000000
17525 519310746751/500000000000
17527 259283832083/250000000000
17529 509116915601/500000000000
17531 256595129347/250000000000
17533 1031043016823/1000000000000
17535 203356676303/200000000000
17537 129468098871/125000000000
17539 1011303713539/1000000000000
17541 106730387179/100000000000
17543 211492639109/200000000000
17545 1060119763899/1000000000000
17547 21356870399/20000000000
17549 257214352487/250000000000
17551 128180591097/125000000000
17553 1027185842997/1000000000000
17555 1035272304973/1000000000000
17557 1028349207187/1000000000000
17559 210287756109/200000000000
17561 32468378331/31250000000
17563 132329776989/125000000000
17565 1064718543469/1000000000000
17567 1057527740929/1000000000000
17569 534708548161/500000000000
17571 266941464569/250000000000
17573 215569837217/200000000000
17575 536981889277/500000000000
17577 1032220696513/1000000000000
17579 539067080417/500000000000
17581 515841214551/500000000000
17583 41085045189/40000000000
17585 1028219076403/1000000000000
17587 134092160169/125000000000
17589 515804841847/500000000000
17591 1043545517999/1000000000000
17593 509332420391/500000000000
17595 201718329561/200000000000
17597 514605518493/500000000000
17599 32538801139/31250000000
17601 1030612161513/1000000000000
17603 263699161597/250000000000
17605 1052506707199/1000000000000
17607 507004009723/500000000000
17609 1021512955057/1000000000000
17611 1019504348131/1000000000000
17613 127263092071/125000000000
17615 530876717357/500000000000
17617 1059724157279/1000000000000
17619 1040943089589/1000000000000
17621 41759131013/40000000000
17623 534452184669/500000000000
17625 1048880084489/1000000000000
17627 53357984371/50000000000
17629 254719381697/250000000000
17631 512906457983/500000000000
17633 1031330234821/1000000000000
17635 102835652621/100000000000
17639 103165548363/100000000000
17641 252635480599/250000000000
17647 252375961343/250000000000
17649 5054477449/5000000000
17655 126202991419/125000000000
17657 505567614231/500000000000
17663 504747170303/500000000000
17665 505527914407/500000000000
17667 258791196993/250000000000
17669 130494924119/125000000000
17671 1020656950817/1000000000000
17673 1008137260461/1000000000000
17675 505174328071/500000000000
17677 201288953951/200000000000
17679 1003635121069/1000000000000
17681 126564858847/125000000000
17683 508541910977/500000000000
17685 1014860236661/1000000000000
17687 507548919173/500000000000
17689 1011320672813/1000000000000
17691 126794384723/125000000000
17693 1010279766523/1000000000000
17695 507491290573/500000000000
17753 1033800437963/1000000000000
17755 1035800887143/1000000000000
17757 12865753109/12500000000
17759 1022595183583/1000000000000
17761 509643979679/500000000000
17763 104465312393/100000000000
17765 1042946791687/1000000000000
17767 1040559836227/1000000000000
17769 1031886807677/1000000000000
17771 1024504059693/1000000000000
17773 254663231633/250000000000
17775 206025876883/200000000000
17777 508226584273/500000000000
17779 1034584693413/1000000000000
17781 512618463633/500000000000
17783 1029522369311/1000000000000
17785 1030238595093/1000000000000
17787 1037102463491/1000000000000
17789 1020074462759/1000000000000
17791 1045114782573/1000000000000
17793 514004045833/500000000000
17795 1024272199347/1000000000000
17797 511804921947/500000000000
17799 127634375627/125000000000
17801 1017375297917/1000000000000
17803 524707340563/500000000000
17805 524324817567/500000000000
17807 1035926333727/1000000000000
17809 1012889509071/1000000000000
17811 12874269709/12500000000
17813 203194541217/200000000000
17815 1025621129199/1000000000000
17817 513113170547/500000000000
17819 1026571040723/1000000000000
17821 1022867303899/1000000000000
17823 1050810983903/1000000000000
17825 129313282451/125000000000
17827 126751351787/125000000000
17829 1033412513813/1000000000000
17831 510110863393/500000000000
17833 206766586567/200000000000
17835 1030877169207/1000000000000
17837 129160286127/125000000000
17839 1025778393693/1000000000000
17841 67418596041/62500000000
17843 133592496947/125000000000
17845 214213207487/200000000000
17847 220555028319/200000000000
17849 270327194277/250000000000
17851 1066046851501/1000000000000
17853 263956424751/250000000000
17855 534884169359/500000000000
17857 1054508173913/1000000000000
17859 6530058411/6250000000
17861 1051190104467/1000000000000
17863 1029554429453/1000000000000
17865 511356749649/500000000000
17867 1035451856203/1000000000000
17869 41972736819/40000000000
17875 534496095633/500000000000
17877 137836714141/125000000000
17879 1070925914223/1000000000000
17881 1074237078593/1000000000000
17883 218681862711/200000000000
17885 1039232343189/1000000000000
17907 524716971589/500000000000
17909 262448849133/250000000000
17911 64924675971/62500000000
17913 130992971683/125000000000
17915 104967244311/100000000000
17917 1041287922459/1000000000000
17919 1031618729283/1000000000000
17921 522989909227/500000000000
17923 1033961684301/1000000000000
17925 519020946047/500000000000
17927 508912805743/500000000000
17929 261132484269/250000000000
17931 25502826007/25000000000
17933 209631113687/200000000000
17935 41383996629/40000000000
17937 207635028689/200000000000
17939 512088933247/500000000000
17941 523279009821/500000000000
17943 256292623673/250000000000
17945 522902929873/500000000000
17947 1042772556791/1000000000000
17949 1030508072699/1000000000000
17951 1038757759209/1000000000000
17953 204156199227/200000000000
17955 522749178553/500000000000
17957 1022664464069/1000000000000
17959 4085294073/3906250000
17961 204544544881/200000000000
17963 1029464762391/1000000000000
17965 511439516149/500000000000
17967 41151005113/40000000000
17969 509918792133/500000000000
17971 217255558633/200000000000
17973 1064747625479/1000000000000
17975 1035796542319/1000000000000
17977 518808437129/500000000000
17981 1061205949669/1000000000000
17985 1085625597301/1000000000000
17987 138668462517/125000000000
18005 517135488461/500000000000
18007 1039010951199/1000000000000
18009 1042903735643/1000000000000
18011 258172168909/250000000000
18013 64605822359/62500000000
18015 41140820689/40000000000
18017 41537333551/40000000000
18019 16340270261/15625000000
18021 51487805573/50000000000
18023 206177233913/200000000000
18025 1064612797519/1000000000000
18027 525468435427/500000000000
18029 131364402577/125000000000
18031 1043349708601/1000000000000
18033 1054341467891/1000000000000
18035 524066379941/500000000000
18037 1051474014009/1000000000000
18039 1045928247913/1000000000000
18041 510656697/488281250
18043 129847911633/125000000000
18045 1034647351057/1000000000000
18047 64998411867/62500000000
18049 1050368462721/1000000000000
18051 520762242207/500000000000
18053 51565667011/50000000000
18055 1052716548503/1000000000000
18057 1052332580921/1000000000000
18059 1050396815427/1000000000000
18061 131848289671/125000000000
18063 133053490759/125000000000
18065 532661009797/500000000000
18067 1054965903153/1000000000000
18069 42136026023/40000000000
18071 1038106195587/1000000000000
18073 1057932687953/1000000000000
18075 1038593172153/1000000000000
18077 1043757168963/1000000000000
18079 1051270576267/1000000000000
18081 1037720066961/1000000000000
18083 525882049069/500000000000
18085 16510461347/15625000000
18087 519666067431/500000000000
18089 4136580721/4000000000
18091 16152219647/15625000000
18093 1030754076699/1000000000000
18095 16196975829/15625000000
18097 263026813789/250000000000
18099 1058697502287/1000000000000
18101 515389370757/500000000000
18111 1058100782733/1000000000000
18113 529716596273/500000000000
18115 1051731805477/1000000000000
18117 1045701926633/1000000000000
18119 130890079473/125000000000
18121 8350226193/8000000000
18123 41838183363/40000000000
18125 1042356824727/1000000000000
18127 1036506363321/1000000000000
18129 16404604587/15625000000
18131 531586699071/500000000000
18133 210260724561/200000000000
18135 1056586450501/1000000000000
18137 1059025952747/1000000000000
18139 106157373463/100000000000
18141 267741573261/250000000000
18143 1077370893277/1000000000000
18145 67299009157/62500000000
18147 102567776353/100000000000
18149 1075483901221/1000000000000
18151 1059260213179/1000000000000
18153 1066754542369/1000000000000
18155 1064156764061/1000000000000
18157 539271730579/500000000000
18159 267074051963/250000000000
18161 529133295823/500000000000
18163 201203718681/200000000000
18165 203820044993/200000000000
18167 1014636619677/1000000000000
18169 1014513133989/1000000000000
18171 513919961417/500000000000
18173 258086213417/250000000000
18175 1038498978749/1000000000000
18177 210384673297/200000000000
18179 205676575147/200000000000
18181 52032015589/50000000000
18183 518457459417/500000000000
18185 1045019624517/1000000000000
18187 1041134373231/1000000000000
18189 521973042791/500000000000
18191 105493085953/100000000000
18193 263493837093/250000000000
18195 206716123421/200000000000
18197 1034000305593/1000000000000
18199 2598186059/2500000000
18201 1037632711313/1000000000000
18203 133304662039/125000000000
18205 20707168487/20000000000
18207 1036469308723/1000000000000
18209 259213958573/250000000000
18211 515260838153/500000000000
18213 522426055571/500000000000
18215 1049171700563/1000000000000
18217 211754499637/200000000000
18219 1059652924869/1000000000000
18221 1010256130427/1000000000000
18223 204060688247/200000000000
18225 6341579109/6250000000
18227 1019997148241/1000000000000
18229 31943959403/31250000000
18231 1020562961691/1000000000000
18233 512983548837/500000000000
18235 1022809342391/1000000000000
18237 1016011509299/1000000000000
18239 1020471851043/1000000000000
18241 511114581971/500000000000
18243 12768321241/12500000000
18245 206401073131/200000000000
18247 1034724294743/1000000000000
18249 1029793924579/1000000000000
18251 51896886557/50000000000
18253 1009885903883/1000000000000
18255 1017199184589/1000000000000
18257 504224259007/500000000000
18259 1021542419163/1000000000000
18261 51330498341/50000000000
18263 1026577970373/1000000000000
18265 1028769640547/1000000000000
18267 1034259568773/1000000000000
18269 512179538583/500000000000
18271 1022397680603/1000000000000
18273 102482959513/100000000000
18275 514581348367/500000000000
18277 64639237833/62500000000
18279 1039269827889/1000000000000
18281 519216889991/500000000000
18283 518622128989/500000000000
18289 521303665159/500000000000
18291 12752403913/12500000000
18297 254786462253/250000000000
18299 1016474074591/1000000000000
18305 1021020285603/1000000000000
18307 253236551363/250000000000
18309 127709006633/125000000000
18311 1011256030427/1000000000000
18313 1022233046219/1000000000000
18315 205117705773/200000000000
18317 1024438823003/1000000000000
18319 101937299059/100000000000
18321 256755736521/250000000000
18323 40783447111/40000000000
18325 513621968189/500000000000
18327 516260832897/500000000000
18329 1021473933523/1000000000000
18331 1033471463051/1000000000000
18333 1028665873493/1000000000000
18353 510150114913/500000000000
18355 1025734100757/1000000000000
18357 63586140983/62500000000
18359 129330357337/125000000000
18361 1022352754043/1000000000000
18363 1010122674083/1000000000000
18365 127502405379/125000000000
18367 1008310323797/1000000000000
18369 508192986389/500000000000
18371 1017777368433/1000000000000
18373 1020485257337/1000000000000
18375 1026766141173/1000000000000
18377 209910260911/200000000000
18379 258392351259/250000000000
18381 505073513249/500000000000
18383 503677836263/500000000000
18385 1019670092621/1000000000000
18387 512459355329/500000000000
18389 1056083182943/1000000000000
18391 501566512923/500000000000
18393 1002388734971/1000000000000
18395 1008161625857/1000000000000
18397 125406135321/125000000000
18399 1011590079557/1000000000000
18401 20095266823/20000000000
18403 255633587559/250000000000
18405 6304071763/6250000000
18407 125924824051/125000000000
18409 256470936617/250000000000
18411 503728926009/500000000000
18413 202613096809/200000000000
18415 504022633661/500000000000
18417 8208314259/8000000000
18419 50522488649/50000000000
18421 824280311/800000000
18423 1010192087377/1000000000000
18425 15693489471/15625000000
18427 1016248598103/1000000000000
18429 202169211829/200000000000
18431 20216202337/20000000000
18433 256455031083/250000000000
18435 1011427197707/1000000000000
18437 1021822919123/1000000000000
18439 505894438581/500000000000
18441 1019914616777/1000000000000
18443 1009000830189/1000000000000
18445 1009000830189/1000000000000
18447 1011367334979/1000000000000
18449 1012185148921/1000000000000
18451 503407634441/500000000000
18453 10235233953/10000000000
18455 3914822911/3906250000
18457 509662113221/500000000000
18459 1009912051893/1000000000000
18461 506760615813/500000000000
18463 125821049319/125000000000
18465 1004691796949/1000000000000
18467 32484648827/31250000000
18469 527827364683/500000000000
18471 517500898607/500000000000
18473 210292861731/200000000000
18475 1022879558067/1000000000000
18477 1019083452847/1000000000000
18479 253964120287/250000000000
18481 1020734694873/1000000000000
18483 251201557263/250000000000
18485 253808499369/250000000000
18487 31400806217/31250000000
18489 251706906823/250000000000
18491 200656883371/200000000000
18493 501901595581/500000000000
18495 1000598735387/1000000000000
18497 1001254685823/1000000000000
18499 20566543643/20000000000
18501 523984270739/500000000000
18503 1027746529881/1000000000000
18505 1033045195743/1000000000000
18507 201557779161/200000000000
18509 1020689585609/1000000000000
18511 201073938331/200000000000
18513 128269076023/125000000000
18515 510082912347/500000000000
18517 1043861439447/1000000000000
18519 1020892601717/1000000000000
18521 1040415116523/1000000000000
18523 1019312787903/1000000000000
18525 127905600719/125000000000
18527 1015124081209/1000000000000
18529 1025291633741/1000000000000
18531 1053185222437/1000000000000
18533 210669236747/200000000000
18535 209122657251/200000000000
18537 264044950811/250000000000
18539 1039227110419/1000000000000
18541 41698993803/40000000000
18543 129134449621/125000000000
18545 1038764526217/1000000000000
18547 254267321193/250000000000
18549 1033243983047/1000000000000
18551 252412033033/250000000000
18553 513980519337/500000000000
18555 1016130592307/1000000000000
18557 1021934594281/1000000000000
18559 126818179117/125000000000
18561 1021880236217/1000000000000
18563 1039615105147/1000000000000
18565 264230694249/250000000000
18567 521088379231/500000000000
18569 529818022173/500000000000
18571 257074257887/250000000000
18573 517199093233/500000000000
18575 514361108063/500000000000
18577 1030655675199/1000000000000
18583 1586045893/1562500000
18585 210675451331/200000000000
18591 1017514605871/1000000000000
18593 1031603105229/1000000000000
18599 532261992179/500000000000
18601 268354972163/250000000000
18607 1037552158647/1000000000000
18609 1059389498671/1000000000000
18611 1022140754533/1000000000000
18613 1054533983907/1000000000000
18615 2571031173/2500000000
18617 1049110570991/1000000000000
18619 101877180107/100000000000
18621 1027997973181/1000000000000
18623 1020019919727/1000000000000
18625 515075458539/500000000000
18627 16555357579/15625000000
18629 107123468721/100000000000
18631 529497827199/500000000000
18633 8505197383/8000000000
18635 1040237181663/1000000000000
18637 525508779707/500000000000
18639 260263491169/250000000000
18641 1048219271517/1000000000000
18707 516595524911/500000000000
18709 257645020027/250000000000
18711 1024263082953/1000000000000
18713 102256182377/100000000000
18715 32078163607/31250000000
18717 206385950841/200000000000
18719 257606720677/250000000000
18721 1021140186201/1000000000000
18723 1018894868651/1000000000000
18725 255454267853/250000000000
18727 205851177507/200000000000
18729 1033447476921/1000000000000
18731 1017666660811/1000000000000
18733 512549365419/500000000000
18735 521501853613/500000000000
18737 1047499201743/1000000000000
18739 1045298232859/1000000000000
18741 5245713877/5000000000
18743 1020127660169/1000000000000
18745 1034702605459/1000000000000
18747 508969517511/500000000000
18749 255337600179/250000000000
18751 517587023753/500000000000
18753 101363319209/100000000000
18755 526030761117/500000000000
18757 510204862333/500000000000
18759 205225116197/200000000000
18761 1003936254509/1000000000000
18763 512320216763/500000000000
18765 101757676903/100000000000
18767 1039626221981/1000000000000
18769 522399765259/500000000000
18771 517972126729/500000000000
18773 1035469662163/1000000000000
18775 1019032169399/1000000000000
18777 25428531139/25000000000
18779 50846014349/50000000000
18781 515665415307/500000000000
18783 258067746827/250000000000
18785 1024141722563/1000000000000
18787 204429188983/200000000000
18789 511398693971/500000000000
18791 1017624464609/1000000000000
18793 1017232059409/1000000000000
18795 1027566681979/1000000000000
18797 1005666142489/1000000000000
18799 1038077187501/1000000000000
18801 1018312787277/1000000000000
18803 64331469741/62500000000
18805 126969369143/125000000000
18807 259160059977/250000000000
18809 511397939913/500000000000
18811 50281189619/50000000000
18813 203231341327/200000000000
18815 1009586463807/1000000000000
18817 1014176375203/1000000000000
18819 505044812961/500000000000
18821 1021310171427/1000000000000
18823 505082652363/500000000000
18825 253696139333/250000000000
18827 524551042941/500000000000
18829 1036075205523/1000000000000
18831 260384615643/250000000000
18833 1045777460927/1000000000000
18835 103420571643/100000000000
18837 519310738159/500000000000
18839 205238005909/200000000000
18841 206956099531/200000000000
18843 1015662354859/1000000000000
18845 506909536751/500000000000
18847 2555163749/2500000000
18849 505015784651/500000000000
18851 1006451014831/1000000000000
18853 1003266365043/1000000000000
18855 1012800419929/1000000000000
18857 1004891441741/1000000000000
18859 507907472333/500000000000
18861 1010726875899/1000000000000
18863 253930591939/250000000000
18865 125871126571/125000000000
18867 505676293189/500000000000
18869 101049880707/100000000000
18871 1010167998911/1000000000000
18873 1003663887361/1000000000000
18875 103101917029/100000000000
18877 1052895305221/1000000000000
18879 1020344699613/1000000000000
18881 1039759923681/1000000000000
18883 1026221158539/1000000000000
18885 16293671731/15625000000
18887 204664592241/200000000000
18889 1041438156563/1000000000000
18891 512318130257/500000000000
18893 1010012038769/1000000000000
18895 512305385383/500000000000
18897 502485303079/500000000000
18899 1012109699439/1000000000000
18901 1008555693493/1000000000000
18903 255045105587/250000000000
18905 1008634205639/1000000000000
18907 101547552801/100000000000
18909 513957579241/500000000000
18911 100371336969/100000000000
18913 256467353019/250000000000
18915 1020863824293/1000000000000
18917 1041211579449/1000000000000
18919 1014640843237/1000000000000
18921 129568413267/125000000000
18923 3909468517/3906250000
18925 1013902796527/1000000000000
18927 250521260071/250000000000
18929 1020495641729/1000000000000
18931 1008490634771/1000000000000
18933 257086181283/250000000000
18935 504019974839/500000000000
18937 1019443682771/1000000000000
18939 525503284679/500000000000
18941 53923262427/50000000000
18943 1048859860903/1000000000000
18945 1070893525781/1000000000000
18947 1050156614247/1000000000000
18949 212038279701/200000000000
18951 10418233521/10000000000
18953 1052675047907/1000000000000
18955 1004989528449/1000000000000
18957 202723198167/200000000000
18959 201081022943/200000000000
18961 1013616911817/1000000000000
18963 1009893863527/1000000000000
18965 127014274061/125000000000
18967 1006114601143/1000000000000
18969 1009604720047/1000000000000
18971 260813930179/250000000000
18973 534397339763/500000000000
18975 103902254063/100000000000
18977 533221727469/500000000000
18979 207587459381/200000000000
18981 522393464759/500000000000
18983 515355446963/500000000000
18985 5220499891/5000000000
18987 250190313163/250000000000
18989 102786197623/100000000000
18991 125515339651/125000000000
18993 256778873847/250000000000
18995 1987705751/1953125000
18997 1032768496831/1000000000000
18999 1005502752771/1000000000000
19001 515715109569/500000000000
19003 1052267976437/1000000000000
19005 136799508939/125000000000
19007 1053493388473/1000000000000
19009 1087071903589/1000000000000
19011 1056097591213/1000000000000
19013 133406358097/125000000000
19015 21109195219/20000000000
19017 1064213594667/1000000000000
19019 1001481930977/1000000000000
19021 31871571707/31250000000
19023 1002471846777/1000000000000
19025 1016628978233/1000000000000
19027 1004017688353/1000000000000
19029 129113425947/125000000000
19031 1006001891957/1000000000000
19033 1030991772503/1000000000000
19035 1051605563047/1000000000000
19037 545045718273/500000000000
19039 261810840361/250000000000
19041 542018848939/500000000000
19043 1056799333431/1000000000000
19045 1064235993229/1000000000000
19047 1055295726073/1000000000000
19049 53315896999/50000000000
19055 25124130239/25000000000
19057 1031528694767/1000000000000
19063 503876470613/500000000000
19065 1028543288491/1000000000000
19071 33162437273/31250000000
19073 108995575093/100000000000
19079 535886131591/500000000000
19081 67668349701/62500000000
19083 100461078017/100000000000
19085 1030709132081/1000000000000
19087 501166645399/500000000000
19089 1031795995181/1000000000000
19091 503432495863/500000000000
19093 1038710620619/1000000000000
19095 1012248318191/1000000000000
19097 1046826124357/1000000000000
19099 530477781903/500000000000
19101 1094859443907/1000000000000
19103 529506243357/500000000000
19105 545737888461/500000000000
19107 33270418591/31250000000
19109 133630944719/125000000000
19111 1058837005519/1000000000000
19113 1066553023129/1000000000000
19179 62706860413/62500000000
19181 62706860413/62500000000
19183 25099444291/25000000000
19185 1004225810977/1000000000000
19187 502846104543/500000000000
19189 1005327518463/1000000000000
19191 1001641218463/1000000000000
19193 1001641218463/1000000000000
19195 125260736289/125000000000
19197 500622875783/500000000000
19199 125842419593/125000000000
19201 1006037436937/1000000000000
19203 40008656883/40000000000
19205 40008656883/40000000000
19207 1000211517809/1000000000000
19209 1003358684907/1000000000000
19211 1004137984907/1000000000000
19213 1000397735193/1000000000000
19215 1001177035193/1000000000000
19217 1010824735193/1000000000000
19219 1006944866707/1000000000000
19221 1006944866707/1000000000000
19223 503397374893/500000000000
19225 1000371670061/1000000000000
19227 503654208899/500000000000
19229 252241157141/250000000000
19231 504600455051/500000000000
19233 1000512096053/1000000000000
19235 100461748831/100000000000
19237 201049517457/200000000000
19239 201353797457/200000000000
19241 200697557457/200000000000
19243 200679797457/200000000000
19245 1000512106757/1000000000000
19247 1007489742221/1000000000000
19249 1011554322749/1000000000000
19251 1011554322749/1000000000000
19253 1015082422749/1000000000000
19255 1020528522749/1000000000000
19257 1025839922189/1000000000000
19259 1002382197829/1000000000000
19261 200109363711/200000000000
19263 1005821497829/1000000000000
19265 1000105919481/1000000000000
19267 1007693597269/1000000000000
19269 1000105919481/1000000000000
19271 503529608391/500000000000
19273 250015335757/250000000000
19275 1009948405861/1000000000000
19277 999981854441/1000000000000
19279 505416812687/500000000000
19281 999981854441/1000000000000
19283 1013210877239/1000000000000
19285 999981854441/1000000000000
19287 507414362687/500000000000
19289 250054761229/250000000000
19291 502447987999/500000000000
19293 1017360514771/1000000000000
19295 1000096650709/1000000000000
19297 126485673753/125000000000
19299 204275539609/200000000000
19301 1001941031513/1000000000000
19303 1014555242749/1000000000000
19305 205234739609/200000000000
19307 1000500317491/1000000000000
19309 1020107306021/1000000000000
19311 1028932481579/1000000000000
19313 100600130343/100000000000
19315 1008791221181/1000000000000
19317 250351984871/250000000000
19319 1009779221181/1000000000000
19321 1001607717021/1000000000000
19323 201211226311/200000000000
19325 1003975572749/1000000000000
19327 62635207991/62500000000
19329 1003975572749/1000000000000
19331 1004548897829/1000000000000
19333 1004548897829/1000000000000
19335 501354469277/500000000000
19337 502620139161/500000000000
19339 501716719277/500000000000
19341 201131971707/200000000000
19345 50588917817/50000000000
19347 202375629553/200000000000
19349 1003763989157/1000000000000
19351 502244123747/500000000000
19353 502244123747/500000000000
19355 501416173747/500000000000
19357 501416173747/500000000000
19359 200596492883/200000000000
19361 500275722937/500000000000
19363 500275722937/500000000000
19365 500275722937/500000000000
19367 20045102611/20000000000
19369 20045102611/20000000000
19371 20045102611/20000000000
19373 31484036683/31250000000
19375 502620139161/500000000000
19377 252085138261/250000000000
19389 10034220909/10000000000
19391 10034220909/10000000000
19393 10034220909/10000000000
19395 200885113241/200000000000
19397 3916084047/3906250000
19399 3916084047/3906250000
19401 3916084047/3906250000
19403 3916084047/3906250000
19405 1003763989157/1000000000000
19407 1003763989157/1000000000000
19409 1003763989157/1000000000000
19443 130646350831/125000000000
19445 533059312193/500000000000
19447 1028188213809/1000000000000
19449 254068816817/250000000000
19451 207832138163/200000000000
19453 31939257169/31250000000
19455 1042646564197/1000000000000
19457 1023623844899/1000000000000
19459 52684791941/50000000000
19461 264742145007/250000000000
19463 105737591567/100000000000
19465 1064627102761/1000000000000
19467 1057208457983/1000000000000
19469 1018663878179/1000000000000
19471 1006525406167/1000000000000
19473 1015415974383/1000000000000
19475 62932095919/62500000000
19477 1062892169829/1000000000000
19479 1061675026079/1000000000000
19481 1060834663451/1000000000000
19483 1061055496667/1000000000000
19485 1017072778751/1000000000000
19487 1006112786393/1000000000000
19489 8013943489/7812500000
19491 1010432603393/1000000000000
19493 208121235301/200000000000
19499 1074986635741/1000000000000
19505 13074803227/12500000000
19507 1028639000149/1000000000000
19511 529998899201/500000000000
19513 1044563455339/1000000000000
19515 268328748107/250000000000
19517 266444605529/250000000000
19519 523032050941/500000000000
19521 1022519638563/1000000000000
19523 1049290493777/1000000000000
19525 40973928357/40000000000
19527 258505971693/250000000000
19529 263844251163/250000000000
19555 1028632465269/1000000000000
19557 204961361161/200000000000
19559 1031532956951/1000000000000
19561 67080250821/62500000000
19563 1051438572771/1000000000000
19565 261990534031/250000000000
19567 33067379097/31250000000
19569 1052613964867/1000000000000
19571 508741249699/500000000000
19573 205208520161/200000000000
19575 203312424253/200000000000
19577 255058008313/250000000000
19579 1044672581097/1000000000000
19581 51595600637/50000000000
19583 1038761066163/1000000000000
19585 26055636383/25000000000
19587 519875087619/500000000000
19589 41581650999/40000000000
19591 104046874923/100000000000
19593 520169707857/500000000000
19595 533875479793/500000000000
19597 66796926767/62500000000
19599 1038331654187/1000000000000
19601 10410253097/10000000000
19603 52596424023/50000000000
19605 41973747563/40000000000
19607 260289329637/250000000000
19609 1034296686531/1000000000000
19611 1043893362059/1000000000000
19613 1039804911091/1000000000000
19615 8463153307/8000000000
19617 1062522498669/1000000000000
19619 212129565399/200000000000
19621 529250893611/500000000000
19623 531352880497/500000000000
19625 1064551044089/1000000000000
19627 527966236671/500000000000
19629 1067089500439/1000000000000
19631 1052876110317/1000000000000
19633 1053464496983/1000000000000
19635 1047772250039/1000000000000
19637 52461376429/50000000000
19639 518253751489/500000000000
19641 520279867699/500000000000
19643 1037615321331/1000000000000
19645 258137005267/250000000000
19647 1069575274823/1000000000000
19649 267006335327/250000000000
19651 1070380264359/1000000000000
19653 106817040111/100000000000
19655 213298857379/200000000000
19657 1074658070459/1000000000000
19659 1057645183/1000000000
19661 104510933599/100000000000
19663 530990727807/500000000000
19665 261580780429/250000000000
19667 531307993499/500000000000
19669 519108920967/500000000000
19671 1063423428703/1000000000000
19673 66124354041/62500000000
19675 529089450531/500000000000
19677 1072242596783/1000000000000
19679 265594263561/250000000000
19681 1068762227467/1000000000000
19683 1047393827269/1000000000000
19685 530553086637/500000000000
19687 520211185179/500000000000
19689 42624614617/40000000000
19691 214161154333/200000000000
19693 520279604743/500000000000
19695 8121785309/7812500000
19697 523472384681/500000000000
19699 262875206521/250000000000
19701 26428475319/25000000000
19703 130024592683/125000000000
19705 1066578979583/1000000000000
19707 1060816628149/1000000000000
19709 1029638818871/1000000000000
19711 31837724637/31250000000
19713 16248822349/15625000000
19715 509945918709/500000000000
19717 128577239719/125000000000
19719 506238191043/500000000000
19721 1029824801157/1000000000000
19723 203162590789/200000000000
19725 106163616323/100000000000
19727 529537455397/500000000000
19729 1051640352991/1000000000000
19731 1063938002179/1000000000000
19733 534163679293/500000000000
19735 1038631397357/1000000000000
19737 16100158959/15625000000
19739 32809957949/31250000000
19741 518482713393/500000000000
19743 1038821412279/1000000000000
19745 255119084029/250000000000
19747 1050761991623/1000000000000
19749 1027798738847/1000000000000
19751 1034559221251/1000000000000
19753 1023913774147/1000000000000
19755 1036281304399/1000000000000
19757 255646358693/250000000000
19759 514402233163/500000000000
19761 79705453/78125000
19763 102545632081/100000000000
19765 1025803857519/1000000000000
19767 20185056217/20000000000
19769 201120808449/200000000000
19771 1011043883321/1000000000000
19773 1008747120411/1000000000000
19775 1009319810433/1000000000000
19777 1004947082759/1000000000000
19779 253115742577/250000000000
19781 1005226899343/1000000000000
19783 1034901304947/1000000000000
19785 64277944781/62500000000
19787 259610170397/250000000000
19789 1038114207669/1000000000000
19791 520119396399/500000000000
19793 1027404032209/1000000000000
19795 105173817621/100000000000
19797 128561224621/125000000000
19799 1594922453/1562500000
19801 252941923883/250000000000
19803 1027018524167/1000000000000
19805 203211379663/200000000000
19807 508938495603/500000000000
19809 502555967999/500000000000
19811 1019738071351/1000000000000
19813 1008008980361/1000000000000
19819 25909663639/25000000000
19821 127430691049/125000000000
19827 1021681738757/1000000000000
19833 1004872689627/1000000000000
19835 250442371249/250000000000
19841 1003630689659/1000000000000
19843 1000474743319/1000000000000
19845 1034477285423/1000000000000
19847 1018303287083/1000000000000
19849 16160960753/15625000000
19851 1021293678877/1000000000000
19853 52213410661/50000000000
19855 252981023827/250000000000
19857 259268781989/250000000000
19859 50946077783/50000000000
19861 1004537579177/1000000000000
19863 40078179551/40000000000
19865 1004441580013/1000000000000
19867 100007245937/100000000000
19869 500356562407/500000000000
19871 1001501580171/1000000000000
19873 1006186722063/1000000000000
19875 251041305019/250000000000
19933 40748399439/40000000000
19935 1027658217401/1000000000000
19937 511321125153/500000000000
19939 1019265150813/1000000000000
19941 253947696443/250000000000
19943 1023060803913/1000000000000
19945 1021827557541/1000000000000
19947 31891041603/31250000000
19949 40601651421/40000000000
19951 254720133817/250000000000
19953 1023059708319/1000000000000
19955 63602660937/62500000000
19957 1029157626761/1000000000000
19959 1017439141447/1000000000000
19961 102140384653/100000000000
19963 256109551179/250000000000
19965 1010167928777/1000000000000
19967 1015319513239/1000000000000
19969 504112219639/500000000000
19971 506473857719/500000000000
19973 31686928371/31250000000
19975 253973703709/250000000000
19977 1017511211633/1000000000000
19979 1026269255647/1000000000000
19981 508060880341/500000000000
19983 511388287559/500000000000
19985 1018981016563/1000000000000
19987 1020555403593/1000000000000
19989 103010232293/100000000000
19991 1030195341539/1000000000000
19993 1035852863189/1000000000000
19995 103637793701/100000000000
19997 1009022400547/1000000000000
19999 253298035903/250000000000
20001 253909981917/250000000000
20003 1017213325247/1000000000000
20005 1029495383181/1000000000000
20007 1018067239737/1000000000000
20009 258067062351/250000000000
20011 507837765937/500000000000
20013 1018848191477/1000000000000
20015 1023730787183/1000000000000
20017 103149559493/100000000000
20019 257974671109/250000000000
20021 517206098611/500000000000
20023 516911458593/500000000000
20025 203319541287/200000000000
20027 257350541219/250000000000
20029 1012206304527/1000000000000
20031 64468230977/62500000000
20033 1035593552507/1000000000000
20035 1042400845007/1000000000000
20037 41150347813/40000000000
20039 517568247557/500000000000
20041 20786786179/20000000000
20043 515953074621/500000000000
20045 1039556527621/1000000000000
20047 206713371427/200000000000
20049 520708621357/500000000000
20051 260767319677/250000000000
20053 1034555210541/1000000000000
20055 129553512341/125000000000
20057 1021674147997/1000000000000
20059 1028774965897/1000000000000
20061 1019039786187/1000000000000
20063 1019032748367/1000000000000
20065 1022034203261/1000000000000
20067 206107650373/200000000000
20069 1019042692139/1000000000000
20071 510351078019/500000000000
20073 514239261927/500000000000
20075 1025180271917/1000000000000
20077 510660011339/500000000000
20079 257542625791/250000000000
20081 128812891679/125000000000
20083 518601489217/500000000000
20085 102992206679/100000000000
20087 2580390601/2500000000
20089 1037493740811/1000000000000
20091 1031274693379/1000000000000
20093 1035139463/1000000000
20095 207030138953/200000000000
20097 1052649746979/1000000000000
20099 1054496598673/1000000000000
20101 1051587762431/1000000000000
20103 1056481392719/1000000000000
20105 1023234696651/1000000000000
20107 1025337700307/1000000000000
20109 205771978809/200000000000
20111 1029104025291/1000000000000
20113 104754663847/100000000000
20115 103304157537/100000000000
20117 210588341279/200000000000
20119 258646322609/250000000000
20121 1023008081831/1000000000000
20123 1038811255157/1000000000000
20125 1015554734739/1000000000000
20127 12902605649/12500000000
20129 1043315647417/1000000000000
20131 1054695112233/1000000000000
20133 1037339195619/1000000000000
20135 105301655541/100000000000
20137 129698117097/125000000000
20139 25804839803/25000000000
20141 130757002351/125000000000
20143 1034929592171/1000000000000
20145 1053504967211/1000000000000
20147 1034589413247/1000000000000
20149 26254534179/25000000000
20151 51712087169/50000000000
20153 129286306239/125000000000
20155 128145531349/125000000000
20157 206069384987/200000000000
20159 1020604067191/1000000000000
20161 1040288222863/1000000000000
20163 517512968413/500000000000
20165 104030486583/100000000000
20167 518930733369/500000000000
20169 1019066017549/1000000000000
20171 202450941/200000000
20173 203581361721/200000000000
20175 1015849296969/1000000000000
20177 1032485946721/1000000000000
20179 1021388114407/1000000000000
20181 208434712447/200000000000
20183 1032787026471/1000000000000
20185 257467826193/250000000000
20187 204646577283/200000000000
20189 1032249241513/1000000000000
20191 1028173008369/1000000000000
20193 4164081401/4000000000
20195 1044617774497/1000000000000
20197 1045170678863/1000000000000
20199 1051632583803/1000000000000
20201 255392456941/250000000000
20203 254091140187/250000000000
20205 1025435733883/1000000000000
20207 511028120181/500000000000
20209 203545853/195312500
20211 1032795573709/1000000000000
20213 1048840685403/1000000000000
20215 206780034633/200000000000
20217 1020364768161/1000000000000
20219 1025457562393/1000000000000
20221 1022977962557/1000000000000
20223 205601479411/200000000000
20225 103270688701/100000000000
20227 1030329146947/1000000000000
20229 129426983673/125000000000
20231 516203247373/500000000000
20233 128220091333/125000000000
20235 1016055154831/1000000000000
20237 1025186309049/1000000000000
20239 1018270675259/1000000000000
20241 509136971949/500000000000
20243 501910710527/500000000000
20245 1017076456377/1000000000000
20247 1007061304917/1000000000000
20249 2054769351/2000000000
20251 514462665137/500000000000
20253 514742694407/500000000000
20255 1027825252759/1000000000000
20257 1036086752387/1000000000000
20259 258211207377/250000000000
20261 129540235981/125000000000
20263 516546864587/500000000000
20265 1021789456053/1000000000000
20267 507855789801/500000000000
20269 509520434521/500000000000
20271 506745796029/500000000000
20273 205493792691/200000000000
20275 1010941516903/1000000000000
20277 129186328153/125000000000
20279 253638471823/250000000000
20285 10193804191/10000000000
20287 511521230073/500000000000
20293 517912824603/500000000000
20295 127316470153/125000000000
20301 64248027193/62500000000
20303 25366889451/25000000000
20309 202445419177/200000000000
20311 502518285823/500000000000
20313 102527813311/100000000000
20315 512667025019/500000000000
20317 102136827987/100000000000
20319 205272833303/200000000000
20321 206834000021/200000000000
20323 204350475649/200000000000
20325 1033228127763/1000000000000
20327 205079982029/200000000000
20329 1028904627419/1000000000000
20331 40664638979/40000000000
20333 1027810433291/1000000000000
20335 507869406287/500000000000
20337 1012378423379/1000000000000
20339 125419493721/125000000000
20341 203396411137/200000000000
20343 1001041013533/1000000000000
20409 1026274090603/1000000000000
20411 1014913068629/1000000000000
20413 254869355523/250000000000
20415 252205152577/250000000000
20417 1018831450117/1000000000000
20419 516858990113/500000000000
20421 206141956573/200000000000
20423 1011022668311/1000000000000
20425 507767556843/500000000000
20427 513382331853/500000000000
20429 205134008029/200000000000
20431 1048240611561/1000000000000
20433 526246973473/500000000000
20435 1031204723779/1000000000000
20437 525281616627/500000000000
20439 1040350505683/1000000000000
20441 51138374571/50000000000
20443 1040485739351/1000000000000
20445 50785100091/50000000000
20447 1006493901467/1000000000000
20449 25661801263/25000000000
20451 506643489179/500000000000
20453 260730171959/250000000000
20455 1048891014273/1000000000000
20457 1029988402169/1000000000000
20459 1033377263969/1000000000000
20461 261003176107/250000000000
20463 1023921179749/1000000000000
20465 1051056156251/1000000000000
20467 1033139605473/1000000000000
20469 513060449441/500000000000
20471 253267643253/250000000000
20473 519551361479/500000000000
20475 15964927861/15625000000
20477 127222364321/125000000000
20479 508403159019/500000000000
20481 206111297819/200000000000
20483 25484923109/25000000000
20485 1007971515587/1000000000000
20487 1003721971199/1000000000000
20489 40434542751/40000000000
20491 1005072535417/1000000000000
20493 1012935804327/1000000000000
20495 126163357583/125000000000
20497 126646492517/125000000000
20499 503668364323/500000000000
20501 520430553453/500000000000
20503 207340087701/200000000000
20505 1036295833989/1000000000000
20507 1025765280489/1000000000000
20509 523463681227/500000000000
20511 32041222931/31250000000
20513 1014924051571/1000000000000
20515 31403768701/31250000000
20517 203366874941/200000000000
20519 503871470941/500000000000
20521 1010873324977/1000000000000
20523 15698004711/15625000000
20525 203241098827/200000000000
20527 1009140080721/1000000000000
20529 62547193411/62500000000
20531 1002090241461/1000000000000
20533 250737268831/250000000000
20535 1000766111319/1000000000000
20537 31653255209/31250000000
20539 1003679301787/1000000000000
20541 1010490838269/1000000000000
20543 125868128061/125000000000
20545 250856122381/250000000000
20547 250626880993/250000000000
20549 15635614017/15625000000
20551 501606088007/500000000000
20553 1963942919/1953125000
20555 1006646351307/1000000000000
20557 1007396652151/1000000000000
20559 502666490757/500000000000
20561 1002630814651/1000000000000
20563 200662292257/200000000000
20565 252390957071/250000000000
20567 100955240251/100000000000
20569 1011342196571/1000000000000
20571 1009086913631/1000000000000
20573 1014187488423/1000000000000
20575 1014872603741/1000000000000
20577 1004311897937/1000000000000
20579 502010479211/500000000000
20581 1008991758249/1000000000000
20583 125895300531/125000000000
20585 1012221409721/1000000000000
20587 502272039887/500000000000
20589 506690607307/500000000000
20591 252184601633/250000000000
20597 50296192643/50000000000
20599 999978636743/1000000000000
20605 504181655609/500000000000
20607 126243433759/125000000000
20613 501800224141/500000000000
20615 256824560043/250000000000
20621 202160974873/200000000000
20623 251851161161/250000000000
20625 1002604475271/1000000000000
20627 1000315847659/1000000000000
20629 250149810593/250000000000
20631 500186953467/500000000000
20633 505367059771/500000000000
20635 253539058063/250000000000
20637 505081234961/500000000000
20639 1012352192547/1000000000000
20641 1001713298269/1000000000000
20643 31772911891/31250000000
20645 1000048875033/1000000000000
20647 40319425619/40000000000
20649 1012325799837/1000000000000
20651 1002830097369/1000000000000
20653 1005499454651/1000000000000
20655 1006113663791/1000000000000
20699 1028088965341/1000000000000
20701 1036724041527/1000000000000
20703 1048313089687/1000000000000
20705 210133629939/200000000000
20707 210624945129/200000000000
20709 1014137264159/1000000000000
20711 1020649781809/1000000000000
20713 507208021489/500000000000
20715 204301953197/200000000000
20717 103153111971/100000000000
20719 203726430531/200000000000
20721 63822716053/62500000000
20725 1033565087017/1000000000000
20729 518048182997/500000000000
20731 1029895289359/1000000000000
20733 63835101697/62500000000
20735 125928581747/125000000000
20737 128096456711/125000000000
20739 259372959609/250000000000
20763 1011160344139/1000000000000
20765 1026543020211/1000000000000
20769 254666116251/250000000000
20771 41153071061/40000000000
20773 1041046886239/1000000000000
20775 129958049929/125000000000
20777 1047063856023/1000000000000
20779 32028514121/31250000000
20781 1023921533423/1000000000000
20783 1035626113647/1000000000000
20785 1023145270447/1000000000000
20787 526378627157/500000000000
20789 1039790914677/1000000000000
20791 511814670951/500000000000
20793 1012364747789/1000000000000
20795 263406280581/250000000000
20797 129403933909/125000000000
20801 52016314043/50000000000
20803 128393288691/125000000000
20805 1015994570867/1000000000000
20807 507439801867/500000000000
20827 102450246611/100000000000
20829 64420404019/62500000000
20831 64687730193/62500000000
20833 1034198122393/1000000000000
20835 1034460744427/1000000000000
20837 1039730141351/1000000000000
20839 20688193723/20000000000
20841 264105350343/250000000000
20843 520632582769/500000000000
20845 105234916109/100000000000
20847 210280470833/200000000000
20849 261985108669/250000000000
20851 516581893447/500000000000
20853 1018913649113/1000000000000
20855 207281945303/200000000000
20857 63948263019/62500000000
20859 254776668009/250000000000
20861 127119201451/125000000000
20863 1036310451513/1000000000000
20865 1048058941409/1000000000000
20867 514880313569/500000000000
20869 130909606311/125000000000
20871 104921507587/100000000000
20873 255413436637/250000000000
20875 65643205057/62500000000
20877 32156434753/31250000000
20879 259091377383/250000000000
20881 258415899439/250000000000
20883 528193992583/500000000000
20885 101743048861/100000000000
20887 522144962639/500000000000
20889 1036549348283/1000000000000
20891 526064706159/500000000000
20893 260554194551/250000000000
20895 12573461283/12500000000
20897 250557959431/250000000000
20899 1010554735807/1000000000000
20901 1009239383251/1000000000000
20903 515523151453/500000000000
20905 102637551247/100000000000
20907 25925378641/25000000000
20909 1024810452217/1000000000000
20911 530648789419/500000000000
20913 104509284423/100000000000
20915 1069018606343/1000000000000
20917 103852010061/100000000000
20919 520023561949/500000000000
20921 505904730283/500000000000
20923 1010896612061/1000000000000
20925 63491609291/62500000000
20927 505524303953/500000000000
20929 1038325884061/1000000000000
20931 25823316509/25000000000
20933 1015372228641/1000000000000
20935 1009048169889/1000000000000
20937 508949689489/500000000000
20939 1023358243033/1000000000000
20941 8169929491/8000000000
20943 261053722743/250000000000
20945 516516326207/500000000000
20947 1044261255647/1000000000000
20949 1036683808499/1000000000000
20951 63950236049/62500000000
20953 204732385177/200000000000
20955 256289648331/250000000000
20957 15983673221/15625000000
20959 1026962161881/1000000000000
20961 1009768886767/1000000000000
20963 1031516105483/1000000000000
20965 201874882197/200000000000
20967 1023454165923/1000000000000
20969 257418275837/250000000000
20971 519311875667/500000000000
20973 1032615950583/1000000000000
20975 131334961771/125000000000
20977 1039895512923/1000000000000
20979 262561621267/250000000000
20981 1045068806367/1000000000000
20983 514421551843/500000000000
20985 25603258123/25000000000
20987 513044918173/500000000000
20989 1028055832187/1000000000000
20991 128966312731/125000000000
20993 50479823841/50000000000
20995 129123616831/125000000000
20997 505220641537/500000000000
21003 63174012979/62500000000
21005 1004637592603/1000000000000
21011 1006892213299/1000000000000
21013 255603037489/250000000000
21019 1001368505269/1000000000000
21021 202488221769/200000000000
21027 1037210386181/1000000000000
21029 202089328447/200000000000
21031 1008857453373/1000000000000
21033 1003969554491/1000000000000
21035 503262546239/500000000000
21037 1011532629303/1000000000000
21039 255345285503/250000000000
21041 258174232527/250000000000
21043 1034372336087/1000000000000
21045 1039994052939/1000000000000
21047 508624298007/500000000000
21049 1019763668493/1000000000000
21051 509174026743/500000000000
21053 513234221093/500000000000
21055 257927175153/250000000000
21057 63070678627/62500000000
21059 1028176512133/1000000000000
21061 503742943143/500000000000
21127 1025049313523/1000000000000
21129 1026576009039/1000000000000
21131 517763520743/500000000000
21133 1034479143541/1000000000000
21135 1037566885899/1000000000000
21137 102233147697/100000000000
21139 1023607473847/1000000000000
21141 512672776543/500000000000
21143 1026907812209/1000000000000
21145 1040862412483/1000000000000
21147 1054499929761/1000000000000
21149 258922136059/250000000000
21151 1045271173667/1000000000000
21153 1031251311023/1000000000000
21155 1034384219759/1000000000000
21157 512169221013/500000000000
21159 40999019617/40000000000
21161 506179234861/500000000000
21163 203071339437/200000000000
21165 202719949161/200000000000
21167 507417730803/500000000000
21169 103583192503/100000000000
21171 517846935191/500000000000
21173 206442251033/200000000000
21175 128957619363/125000000000
21177 1012301228017/1000000000000
21179 126892735699/125000000000
21181 505764409341/500000000000
21183 254104140739/250000000000
21185 1022637768977/1000000000000
21187 1026600352799/1000000000000
21189 1025579222289/1000000000000
21191 102777652473/100000000000
21193 1020529030343/1000000000000
21195 64392038191/62500000000
21197 513788895753/500000000000
21199 514342262269/500000000000
21201 1027475102699/1000000000000
21203 515644123741/500000000000
21205 1013993883023/1000000000000
21207 50577657277/50000000000
21209 127654464077/125000000000
21211 1049134600727/1000000000000
21213 1056735797081/1000000000000
21215 104524612783/100000000000
21217 131284178301/125000000000
21219 6492515809/6250000000
21221 523977757859/500000000000
21223 258546669407/250000000000
21225 1048690205883/1000000000000
21227 212318404137/200000000000
21229 1056295527161/1000000000000
21231 1059532508801/1000000000000
21233 1059449792857/1000000000000
21235 264925480163/250000000000
21237 131607485743/125000000000
21239 210602553421/200000000000
21241 263053799307/250000000000
21243 259306778057/250000000000
21245 10472322647/10000000000
21247 25862627791/25000000000
21249 1041364656371/1000000000000
21251 802331529/781250000
21253 103647314831/100000000000
21255 1023437160451/1000000000000
21257 513887101259/500000000000
21259 526132183813/500000000000
21261 262348843123/250000000000
21263 130518543937/125000000000
21265 208978102441/200000000000
21267 1039239453139/1000000000000
21269 1040372089027/1000000000000
21271 256598035361/250000000000
21273 1027681287213/1000000000000
21275 527911996363/500000000000
21277 20945451181/20000000000
21279 66177094311/62500000000
21281 1044008939537/1000000000000
21283 525576033753/500000000000
21285 1048374611863/1000000000000
21287 1036822775013/1000000000000
21289 256460254803/250000000000
21291 521895022683/500000000000
21293 1033120383221/1000000000000
21295 1032744022011/1000000000000
21297 204344712477/200000000000
21299 51850865109/50000000000
21301 1033316128407/1000000000000
21303 262452340889/250000000000
21305 1053050404063/1000000000000
21307 1060423342167/1000000000000
21309 131197029303/125000000000
21311 527317939121/500000000000
21313 1043618966889/1000000000000
21315 1048615390471/1000000000000
21317 530095762091/500000000000
21319 261026968633/250000000000
21321 1048726087473/1000000000000
21323 208334030709/200000000000
21325 1027354862789/1000000000000
21327 520474113977/500000000000
21329 511338624353/500000000000
21331 1016536710761/1000000000000
21333 515394949553/500000000000
21335 1024222238193/1000000000000
21337 4057259221/4000000000
21339 1017268310217/1000000000000
21341 1024902680113/1000000000000
21343 1026987428547/1000000000000
21345 202629448711/200000000000
21347 501448838943/500000000000
21349 254932406373/250000000000
21351 12577718929/12500000000
21353 253036571189/250000000000
21355 100340826919/100000000000
21357 201839144873/200000000000
21359 15710295307/15625000000
21361 65139549187/62500000000
21363 515745382601/500000000000
21365 1051775780963/1000000000000
21367 208337151753/200000000000
21369 208103411329/200000000000
21371 1031098075723/1000000000000
21373 105112707897/100000000000
21375 258695436677/250000000000
21377 1022360790973/1000000000000
21379 253201399839/250000000000
21381 1025377971347/1000000000000
21383 1020445695053/1000000000000
21385 1017832706727/1000000000000
21387 50332197337/50000000000
21389 1023763445307/1000000000000
21391 25298374291/25000000000
21393 202716047921/200000000000
21395 504501892159/500000000000
21397 1013296807789/1000000000000
21399 504579207639/500000000000
21401 1001781676043/1000000000000
21403 1004705822471/1000000000000
21405 502387009087/500000000000
21407 62696212487/62500000000
21409 1002968481617/1000000000000
21411 1002707934429/1000000000000
21413 1002386664527/1000000000000
21415 50090532571/50000000000
21417 1002712080701/1000000000000
21419 1002429219183/1000000000000
21421 100343301323/100000000000
21423 1004640727937/1000000000000
21425 254248725223/250000000000
21427 202483281471/200000000000
21429 127493318127/125000000000
21431 253353069203/250000000000
21433 504120993813/500000000000
21435 251654260081/250000000000
21437 1011365163167/1000000000000
21439 504007473347/500000000000
21441 200967400797/200000000000
21443 1002845855211/1000000000000
21445 504527644647/500000000000
21447 502232281859/500000000000
21449 1008922819543/1000000000000
21451 1002185995653/1000000000000
21453 1012326920081/1000000000000
21455 500626396777/500000000000
21461 505462300883/500000000000
21463 502987273107/500000000000
21469 1005808773387/1000000000000
21471 1001195766667/1000000000000
21477 1001154197797/1000000000000
21479 250469761121/250000000000
21485 502176192267/500000000000
21487 1005739265391/1000000000000
21489 1012342978379/1000000000000
21491 250981287621/250000000000
21493 1012458801549/1000000000000
21495 251676337621/250000000000
21497 1004726690627/1000000000000
21499 1000540709173/1000000000000
21501 501694250611/500000000000
21503 501263172097/500000000000
21505 40034218749/40000000000
21507 500808066771/500000000000
21509 1002326381617/1000000000000
21511 1001898519071/1000000000000
21513 1002931607673/1000000000000
21515 250166461693/250000000000
21517 250894055871/250000000000
21519 25034443219/25000000000
21585 1003986495231/1000000000000
21587 15702673233/15625000000
21589 1002879526249/1000000000000
21591 1005137126249/1000000000000
21593 1005137126249/1000000000000
21595 1003816198877/1000000000000
21597 1003816198877/1000000000000
21599 1003520602489/1000000000000
21601 1011458302489/1000000000000
21603 1003307802489/1000000000000
21605 1009693702489/1000000000000
21607 504291239741/500000000000
21609 999959739007/1000000000000
21611 1003753737977/1000000000000
21613 999959739007/1000000000000
21615 499979869503/500000000000
21617 1005934389343/1000000000000
21619 25059477311/25000000000
21621 502816153109/500000000000
21623 25059477311/25000000000
21625 1009675389343/1000000000000
21627 25193684811/25000000000
21629 1002869089297/1000000000000
21631 502154505643/500000000000
21633 1013461817967/1000000000000
21635 501231770217/500000000000
21637 500895820217/500000000000
21639 6258111453/6250000000
21641 6258111453/6250000000
21643 501374687031/500000000000
21645 501374687031/500000000000
21647 501374687031/500000000000
21649 1003858898087/1000000000000
21651 1003986495231/1000000000000
21653 1003986495231/1000000000000
21655 1003986495231/1000000000000
21657 125161732977/125000000000
21659 100404684889/100000000000
21661 250931025323/250000000000
21663 1009675389343/1000000000000
21665 251466358671/250000000000
21667 251466358671/250000000000
21669 1004494851821/1000000000000
21671 250925133671/250000000000
21673 1002876703011/1000000000000
21675 1002850803139/1000000000000
21677 501026435669/500000000000
21679 1001662303139/1000000000000
21681 250473833671/250000000000
21683 250429724791/250000000000
21685 8014220751/8000000000
21687 1001777583171/1000000000000
21689 1001777583171/1000000000000
21691 200905495641/200000000000
21693 501528785231/500000000000
21695 125643357977/125000000000
21697 256037281843/250000000000
21699 255077781843/250000000000
21701 1018853359903/1000000000000
21703 253737810679/250000000000
21705 1013350791737/1000000000000
21707 252794208531/250000000000
21709 252794208531/250000000000
21711 504736334199/500000000000
21713 63875799181/62500000000
21715 63875799181/62500000000
21719 1009517084449/1000000000000
21721 1009517084449/1000000000000
21723 1011968204759/1000000000000
21725 507904820469/500000000000
21727 15900412631/15625000000
21729 205279465243/200000000000
21741 201308965067/200000000000
21743 201282262419/200000000000
21745 201282262419/200000000000
21747 125220870989/125000000000
21749 125220870989/125000000000
21751 125220870989/125000000000
21753 250875248763/250000000000
21755 250875248763/250000000000
21757 251428173763/250000000000
21791 517269793517/500000000000
21793 259998401151/250000000000
21795 517370510049/500000000000
21797 515277055317/500000000000
21799 204462797823/200000000000
21801 104308020059/100000000000
21803 32438498133/31250000000
21805 1045469760173/1000000000000
21807 209408428743/200000000000
21809 104767958983/100000000000
21811 256338825813/250000000000
21813 507200456523/500000000000
21815 1024871675751/1000000000000
21817 510952374151/500000000000
21819 253765733849/250000000000
21821 203108673863/200000000000
21823 203282160759/200000000000
21825 50867717393/50000000000
21827 513605585753/500000000000
21829 206080026041/200000000000
21831 207279332999/200000000000
21833 206629415901/200000000000
21835 1019985943479/1000000000000
21837 1010249554749/1000000000000
21839 40733544937/40000000000
21841 1010158428681/1000000000000
21843 507198911877/500000000000
21845 255189290933/250000000000
21847 255011470199/250000000000
21849 1023556149769/1000000000000
21851 1023965268429/1000000000000
21853 32273331209/31250000000
21855 204495539651/200000000000
21857 205391573097/200000000000
21859 264856796967/250000000000
21861 509431376593/500000000000
21863 202652337153/200000000000
21865 1016775327519/1000000000000
21867 508134349217/500000000000
21869 1020629461381/1000000000000
21871 102726978053/100000000000
21873 1017741297011/1000000000000
21875 1025936895337/1000000000000
21877 540788721717/500000000000
21879 1018694771107/1000000000000
21881 129732856553/125000000000
21883 1022294051893/1000000000000
21885 1033595713197/1000000000000
21887 208891471833/200000000000
21889 65865344349/62500000000
21891 1035807126827/1000000000000
21893 130792902013/125000000000
21895 1020844954437/1000000000000
21897 32078875553/31250000000
21899 510073428901/500000000000
21901 204154006861/200000000000
21903 64425231391/62500000000
21905 260617606423/250000000000
21907 514188907233/500000000000
21909 517851206687/500000000000
21911 1051295868927/1000000000000
21913 519779214709/500000000000
21915 268798024393/250000000000
21917 1061884379887/1000000000000
21919 1056461601287/1000000000000
21921 132363464089/125000000000
21923 1058204010621/1000000000000
21925 16788329947/15625000000
21927 208441871883/200000000000
21929 514240730479/500000000000
21931 104150201197/100000000000
21933 263514481313/250000000000
21935 1049389292621/1000000000000
21937 1053183868849/1000000000000
21939 1058147270919/1000000000000
21941 1047584064391/1000000000000
21943 520858438883/500000000000
21945 32476329671/31250000000
21947 41508203189/40000000000
21949 1045958076633/1000000000000
21951 1049437977831/1000000000000
21953 211045834471/200000000000
21955 1045650567537/1000000000000
21957 1059592854767/1000000000000
21959 26235025561/25000000000
21963 1053771885077/1000000000000
21965 210136096873/200000000000
21967 529980436079/500000000000
21969 20983206581/20000000000
21973 258922843889/250000000000
21975 103957556763/100000000000
21977 1039389418127/1000000000000
21979 520609440641/500000000000
21981 129379951863/125000000000
21983 1034051091303/1000000000000
21985 1018148303101/1000000000000
21987 518100875053/500000000000
21989 512010089191/500000000000
21991 8127368929/7812500000
21993 514697776131/500000000000
21995 516993916263/500000000000
21997 1035645227471/1000000000000
21999 515924302221/500000000000
22001 518242935479/500000000000
22003 203801613723/200000000000
22005 204143693981/200000000000
22007 256434046517/250000000000
22009 1023950549223/1000000000000
22011 1014043729469/1000000000000
22013 25290515663/25000000000
22015 2036924733/2000000000
22017 203525438403/200000000000
22019 20275425727/20000000000
22021 1007029496359/1000000000000
22023 504567723749/500000000000
22025 125870233079/125000000000
22027 1005573995029/1000000000000
22029 250904394909/250000000000
22031 504453427851/500000000000
22033 506051989857/500000000000
22035 1026546070233/1000000000000
22037 515085789587/500000000000
22039 510322755281/500000000000
22041 51219835837/50000000000
22043 50983310439/50000000000
22045 512322903891/500000000000
22047 509463900661/500000000000
22049 1003817223103/1000000000000
22051 251853201629/250000000000
22053 254947680523/250000000000
22055 126184828559/125000000000
22057 1018894571573/1000000000000
22059 1014342924111/1000000000000
22061 1000961368623/1000000000000
22063 250342209361/250000000000
22065 1004443858257/1000000000000
22067 1002456669683/1000000000000
22069 1008346238699/1000000000000
22071 15863701303/15625000000
22073 63111090613/62500000000
22075 5056668383/5000000000
22077 100846844987/100000000000
22079 505503938547/500000000000
22081 125686124207/125000000000
22083 1007552328399/1000000000000
22085 1018431963921/1000000000000
22087 512312555103/500000000000
22089 50744629841/50000000000
22091 506758835489/500000000000
22093 789020287/781250000
22095 50263823301/50000000000
22097 20283185247/20000000000
22099 504624009487/500000000000
22101 507811887093/500000000000
22103 1010725620597/1000000000000
22105 126633502193/125000000000
22107 1012037899609/1000000000000
22109 62757359959/62500000000
22111 126508157983/125000000000
22113 1007714107459/1000000000000
22115 1013606771073/1000000000000
22117 101282242297/100000000000
22119 1015671938927/1000000000000
22121 100360534173/100000000000
22123 2515427157/2500000000
22125 250230949253/250000000000
22127 505117382841/500000000000
22129 1002088227537/1000000000000
22131 126041464647/125000000000
22133 506062142877/500000000000
22135 204882366279/200000000000
22137 1007677189397/1000000000000
22139 508994882097/500000000000
22141 1028231257879/1000000000000
22143 518214838257/500000000000
22145 31902339507/31250000000
22147 513928577467/500000000000
22149 207216214749/200000000000
22151 1043581601211/1000000000000
22153 515706260311/500000000000
22155 1038625043437/1000000000000
22157 501035101891/500000000000
22159 251232995813/250000000000
22161 1000433346529/1000000000000
22163 1001752702253/1000000000000
22165 201021828377/200000000000
22167 510182469293/500000000000
22169 40215839967/40000000000
22171 254067425387/250000000000
22173 126762880731/125000000000
22175 1018548005871/1000000000000
22177 202261494591/200000000000
22179 506577765509/500000000000
22181 6438276101/6250000000
22183 1035097234953/1000000000000
22185 255415543681/250000000000
22187 204020748631/200000000000
22189 507658406373/500000000000
22191 1025948357981/1000000000000
22193 1012506188273/1000000000000
22195 510866016999/500000000000
22197 514283493593/500000000000
22199 1038283574757/1000000000000
22201 255800682183/250000000000
22203 515624859749/500000000000
22205 1024313133147/1000000000000
22207 515226093571/500000000000
22209 1034394730049/1000000000000
22211 1036397798773/1000000000000
22213 130200046147/125000000000
22215 1040095723991/1000000000000
22217 522141610607/500000000000
22219 1043824101981/1000000000000
22221 251059104571/250000000000
22223 1009784563939/1000000000000
22225 500983124153/500000000000
22227 1008727089237/1000000000000
22229 1019828961719/1000000000000
22231 102859045333/100000000000
22233 40588414447/40000000000
22235 1026383722631/1000000000000
22237 257837963563/250000000000
22239 1043499979449/1000000000000
22241 103017887303/100000000000
22243 260606659681/250000000000
22245 1044281393097/1000000000000
22247 261520348461/250000000000
22249 1041380262987/1000000000000
22251 523301776499/500000000000
22253 20346276743/20000000000
22255 1012541328903/1000000000000
22257 1014303980641/1000000000000
22259 1014175994359/1000000000000
22261 521268972099/500000000000
22263 258560036007/250000000000
22265 259378637623/250000000000
22267 207016983017/200000000000
22269 40552931099/40000000000
22271 254997662509/250000000000
22273 102031415651/100000000000
22275 204198814113/200000000000
22277 1029226114951/1000000000000
22279 515617340851/500000000000
22281 514156838653/500000000000
22283 129165188843/125000000000
22285 102149677461/100000000000
22287 63689848873/62500000000
22289 510064285619/500000000000
22291 205516836989/200000000000
22293 259728588079/250000000000
22295 64650000919/62500000000
22297 517788585209/500000000000
22299 1035629841297/1000000000000
22301 1020816594553/1000000000000
22303 127909326183/125000000000
22305 1637184023/1600000000
22307 513188144983/500000000000
22309 258567450483/250000000000
22311 1035165914217/1000000000000
22313 1038157159687/1000000000000
22315 1037455817229/1000000000000
22321 515361864251/500000000000
22323 1023591375551/1000000000000
22325 1056418372419/1000000000000
22331 126569770443/125000000000
22333 504272814013/500000000000
22339 1025437147953/1000000000000
22341 1024288821471/1000000000000
22343 1020701648767/1000000000000
22345 1014772053353/1000000000000
22347 1017275946891/1000000000000
22349 202610807921/200000000000
22351 1036526466291/1000000000000
22353 260923263081/250000000000
22355 1047888223191/1000000000000
22357 1041500878423/1000000000000
22359 1014728838287/1000000000000
22361 253540634769/250000000000
22363 506077504461/500000000000
22365 1017219590409/1000000000000
22367 12989851073/12500000000
22369 258313659867/250000000000
22371 1039823175741/1000000000000
22373 258847524997/250000000000
22407 1017940582513/1000000000000
22409 255054417811/250000000000
22411 504986254887/500000000000
22413 204090651999/200000000000
22415 1014100270287/1000000000000
22417 504149630569/500000000000
22419 1015211475907/1000000000000
22421 25264418197/25000000000
22423 1010327577747/1000000000000
22425 507311565841/500000000000
22427 1013435368711/1000000000000
22429 1006029038901/1000000000000
22431 1009935711283/1000000000000
22433 521879089439/500000000000
22435 1041199001867/1000000000000
22437 63515238891/62500000000
22439 254497096317/250000000000
22441 126633460127/125000000000
22443 63708897207/62500000000
22445 1040139729219/1000000000000
22447 527597700971/500000000000
22449 258530570893/250000000000
22451 524157732219/500000000000
22453 1025050494133/1000000000000
22455 502878994521/500000000000
22457 126199214499/125000000000
22459 1010296253693/1000000000000
22461 1013845563139/1000000000000
22463 102891379757/100000000000
22465 1036317032019/1000000000000
22467 1016281612769/1000000000000
22469 1025449667743/1000000000000
22471 1055834315551/1000000000000
22473 131031847569/125000000000
22475 1042582061337/1000000000000
22477 1050757673033/1000000000000
22479 1045701962613/1000000000000
22481 104452521339/100000000000
22483 1032398045621/1000000000000
22485 1019119192803/1000000000000
22487 519863662469/500000000000
22489 1028778987417/1000000000000
22491 511122565067/500000000000
22493 514413008351/500000000000
22495 506886480649/500000000000
22497 1012114030629/1000000000000
22499 129392058597/125000000000
22501 1043577188857/1000000000000
22503 1025771519081/1000000000000
22505 1050155188343/1000000000000
22507 13174264743/12500000000
22509 1053903037821/1000000000000
22511 1033084760939/1000000000000
22513 508695097269/500000000000
22515 130085701237/125000000000
22517 515099889581/500000000000
22519 102075862041/100000000000
22521 251346702597/250000000000
22523 1028670529537/1000000000000
22525 202182311533/200000000000
22527 1012274809363/1000000000000
22529 252276994003/250000000000
22531 253315361133/250000000000
22533 504395798731/500000000000
22535 52372885767/50000000000
22537 104738137213/100000000000
22539 1036815486613/1000000000000
22541 1059358262471/1000000000000
22543 1046171467239/1000000000000
22545 102949139209/100000000000
22547 201654930471/200000000000
22549 514810372363/500000000000
22551 510338269077/500000000000
22553 503329984027/500000000000
22555 257019833623/250000000000
22557 1012373411631/1000000000000
22563 103165548363/100000000000
22569 1010491144721/1000000000000
22571 126297603919/125000000000
22577 1010251406059/1000000000000
22579 252417712163/250000000000
22585 101018241849/100000000000
22587 504747170303/500000000000
22589 1032767006489/1000000000000
22591 1016142273021/1000000000000
22593 1044616394623/1000000000000
22595 254951433399/250000000000
22597 203296465167/200000000000
22599 64094215953/62500000000
22601 1012642550723/1000000000000
22603 1020379637963/1000000000000
22605 251736901829/250000000000
22607 509780487913/500000000000
22609 1004061432339/1000000000000
22611 1009067460511/1000000000000
22613 1009762013019/1000000000000
22615 1009165929/1000000000
22617 2526147369/2500000000
22673 509855985663/500000000000
22677 1011160344139/1000000000000
22679 1008319203301/1000000000000
22685 517393327763/500000000000
22687 1032460668903/1000000000000
22689 524785364311/500000000000
22697 513038771181/500000000000
22699 206713424729/200000000000
22701 1027151883923/1000000000000
22703 2012020503/1953125000
22705 209042609013/200000000000
22707 515224764719/500000000000
22709 252595915771/250000000000
22711 1017725495733/1000000000000
22713 1006534502477/1000000000000
22715 254222794019/250000000000
22717 525503063393/500000000000
22719 32112050561/31250000000
22721 520536794493/500000000000
22723 16350760251/15625000000
22725 13097300093/12500000000
22727 1051514898193/1000000000000
22729 1047527254129/1000000000000
22731 258564327529/250000000000
22733 41269827437/40000000000
22735 1042245565463/1000000000000
22737 258865231409/250000000000
22739 526340951207/500000000000
22741 526993348443/500000000000
22743 103420870307/100000000000
22745 1052215940189/1000000000000
22747 211385131329/200000000000
22749 1053617757571/1000000000000
22751 1047217570239/1000000000000
22753 1043192113179/1000000000000
22755 1057835648819/1000000000000
22757 212383021181/200000000000
22759 534578616633/500000000000
22761 51250872101/50000000000
22763 1040770219093/1000000000000
22765 256643432111/250000000000
22767 103449785893/100000000000
22769 1050004272543/1000000000000
22771 104902354071/100000000000
22773 529512847983/500000000000
22775 522924979591/500000000000
22777 1032982377453/1000000000000
22779 1024714446291/1000000000000
22781 1042177015117/1000000000000
22783 257210441719/250000000000
22785 209396401293/200000000000
22787 260915950833/250000000000
22789 129581955881/125000000000
22791 50699314461/50000000000
22793 126061409503/125000000000
22795 204125093141/200000000000
22797 63283322473/62500000000
22799 1028641485059/1000000000000
22801 509582998209/500000000000
22803 206406345943/200000000000
22805 20610428321/20000000000
22807 210104320941/200000000000
22809 517084410303/500000000000
22811 264531088831/250000000000
22813 1044579841149/1000000000000
22815 1042209572373/1000000000000
22817 1053997353613/1000000000000
22819 1029091569791/1000000000000
22821 509287274817/500000000000
22823 128801650139/125000000000
22825 1028149326031/1000000000000
22827 1039453705097/1000000000000
22829 130208424959/125000000000
22831 262324971919/250000000000
22833 526175167367/500000000000
22839 207351328533/200000000000
22841 1019614895633/1000000000000
22845 1037795717593/1000000000000
22847 1037625102337/1000000000000
22853 506215399937/500000000000
22855 506611755637/500000000000
22861 1646871043/1600000000
22863 1012624859323/1000000000000
22865 1032937106597/1000000000000
22867 127723064141/125000000000
22869 51761934533/50000000000
22871 10268537381/10000000000
22873 1027419227633/1000000000000
22875 520876327937/500000000000
22877 520606734033/500000000000
22879 503861097543/500000000000
22881 251891300281/250000000000
22883 126801734297/125000000000
22885 125923279979/125000000000
22887 102551544191/100000000000
22889 31665871601/31250000000
22891 1026690220891/1000000000000
22893 1026392513017/1000000000000
22951 1043763697307/1000000000000
22953 129813869/125000000
22955 525004317937/500000000000
22957 105237263983/100000000000
22959 207135682117/200000000000
22961 32242260983/31250000000
22963 525288231/500000000
22965 1045821513179/1000000000000
22967 1049211701783/1000000000000
22969 533467152511/500000000000
22971 1052760360659/1000000000000
22973 1064986378341/1000000000000
22975 1026589106517/1000000000000
22977 102544283119/100000000000
22979 1036444258587/1000000000000
22981 512526141217/500000000000
22983 202568746343/200000000000
22985 1009072159999/1000000000000
22987 257369113661/250000000000
22989 1008737882051/1000000000000
22991 1022491273191/1000000000000
22993 127983513183/125000000000
22995 510043227439/500000000000
22997 40787484959/40000000000
22999 201134525509/200000000000
23001 201935473337/200000000000
23003 1009999517271/1000000000000
23005 252712056877/250000000000
23007 514999526977/500000000000
23009 505903147687/500000000000
23011 1039035050383/1000000000000
23013 1029263096557/1000000000000
23015 1031225279047/1000000000000
23017 209249653583/200000000000
23019 202045044091/200000000000
23021 1007803205001/1000000000000
23023 102206271389/100000000000
23025 1019600579147/1000000000000
23027 6378332771/6250000000
23029 516860648107/500000000000
23031 1011867454489/1000000000000
23033 31744636991/31250000000
23035 503158012319/500000000000
23037 504072276577/500000000000
23039 125927346691/125000000000
23041 8055045617/8000000000
23043 1008925040619/1000000000000
23045 503062038649/500000000000
23047 1024785563937/1000000000000
23049 1033107795417/1000000000000
23051 1019381807313/1000000000000
23053 1031833915203/1000000000000
23055 251346944377/250000000000
23057 1019161332691/1000000000000
23059 31503240099/31250000000
23061 508240551447/500000000000
23063 1002003338129/1000000000000
23065 20064250749/20000000000
23067 251092254309/250000000000
23069 1001447292117/1000000000000
23071 101336547607/100000000000
23073 504924371431/500000000000
23075 1025671278503/1000000000000
23077 102020026503/100000000000
23079 1010445940147/1000000000000
23081 509335354873/500000000000
23083 1006240119563/1000000000000
23085 50755262471/50000000000
23087 1013213364187/1000000000000
23089 1014673039983/1000000000000
23091 101802636401/100000000000
23093 128172116761/125000000000
23095 51461697/50000000
23097 1035692909941/1000000000000
23099 1026414917103/1000000000000
23101 1027861236161/1000000000000
23103 31652507207/31250000000
23105 512791927791/500000000000
23107 250940355239/250000000000
23109 101325001997/100000000000
23111 1040598400909/1000000000000
23113 522953975949/500000000000
23115 1032454591429/1000000000000
23117 520114050449/500000000000
23119 1043876759437/1000000000000
23121 259092838043/250000000000
23123 41834035881/40000000000
23125 1023233633119/1000000000000
23127 1026803858591/1000000000000
23129 254511897919/250000000000
23131 1024666077653/1000000000000
23133 1004214351093/1000000000000
23135 504559074489/500000000000
23137 125219751437/125000000000
23139 1009836555129/1000000000000
23141 1027274743417/1000000000000
23143 1041113506027/1000000000000
23145 1026474648997/1000000000000
23147 129747864917/125000000000
23149 1027334216887/1000000000000
23151 521380393479/500000000000
23153 1020192214683/1000000000000
23155 206759530071/200000000000
23157 1035968586439/1000000000000
23159 104255854307/100000000000
23161 517398601091/500000000000
23163 1044199952093/1000000000000
23165 104931563731/100000000000
23167 261665868447/250000000000
23169 258366382431/250000000000
23171 1024697847629/1000000000000
23173 260178475573/250000000000
23175 515765611221/500000000000
23177 129147279377/125000000000
23179 513199814179/500000000000
23181 1048387793719/1000000000000
23183 1037819980153/1000000000000
23185 1031172541297/1000000000000
23187 521114662107/500000000000
23189 205971664311/200000000000
23191 1039934739547/1000000000000
23193 2597476861/2500000000
23195 207713504601/200000000000
23197 1026774834927/1000000000000
23199 518453375161/500000000000
23201 262865838943/250000000000
23203 209045879741/200000000000
23205 130527671711/125000000000
23207 42086614941/40000000000
23209 8223286831/7812500000
23211 104391384449/100000000000
23213 513277879261/500000000000
23215 102532032847/100000000000
23217 257325505599/250000000000
23219 205755292793/200000000000
23221 514436029831/500000000000
23223 203740432743/200000000000
23225 519069514569/500000000000
23227 41041508793/40000000000
23229 12690619713/12500000000
23231 505242891967/500000000000
23233 203865411393/200000000000
23235 126503086229/125000000000
23237 20312329851/20000000000
23239 503509507863/500000000000
23241 20355246817/20000000000
23243 505681802139/500000000000
23245 64802748239/62500000000
23247 1033836512069/1000000000000
23249 1039203730629/1000000000000
23251 259197103403/250000000000
23253 261524742227/250000000000
23255 1033282646641/1000000000000
23257 520752609283/500000000000
23259 32087307163/31250000000
23261 1021672412007/1000000000000
23263 1030267643943/1000000000000
23265 20559825781/20000000000
23267 51098108623/50000000000
23269 202700066759/200000000000
23271 257469517809/250000000000
23273 203098889539/200000000000
23279 204850170241/200000000000
23281 1019909793581/1000000000000
23287 1020046310333/1000000000000
23289 1023502441941/1000000000000
23295 1013754709001/1000000000000
23297 252872430597/250000000000
23303 1016880161393/1000000000000
23305 504322996223/500000000000
23307 1026300451887/1000000000000
23309 51012892497/50000000000
23311 255693787801/250000000000
23313 511773212697/500000000000
23315 1021518152441/1000000000000
23317 511974224691/500000000000
23319 1025082569007/1000000000000
23321 255542595679/250000000000
23323 63486956183/62500000000
23325 101214699529/100000000000
23327 101728525483/100000000000
23329 1011341474727/1000000000000
23331 510052556681/500000000000
23333 505427735019/500000000000
23335 1017978877229/1000000000000
23337 101090411771/100000000000
23403 1003353573633/1000000000000
23405 1003353573633/1000000000000
23407 1003353573633/1000000000000
23409 1003812518981/1000000000000
23411 1001248318981/1000000000000
23413 8062923849/8000000000
23415 1010175184737/1000000000000
23417 505581442371/500000000000
23419 503616192371/500000000000
23421 503616192371/500000000000
23423 502713237161/500000000000
23425 124995357169/125000000000
23427 1001175931993/1000000000000
23429 999979631993/1000000000000
23431 40000283429/40000000000
23433 40000283429/40000000000
23435 1002551550139/1000000000000
23437 1000503062623/1000000000000
23439 1006186850139/1000000000000
23441 1000503062623/1000000000000
23443 1579764677/1562500000
23445 1005948476457/1000000000000
23447 101391865153/100000000000
23449 1010921376457/1000000000000
23451 1002961049971/1000000000000
23453 250503236889/250000000000
23455 499974352903/500000000000
23457 499974352903/500000000000
23459 252862411847/250000000000
23461 1010307084641/1000000000000
23463 500673293629/500000000000
23465 500673293629/500000000000
23467 125388323179/125000000000
23469 125388323179/125000000000
23471 1011386226937/1000000000000
23473 1011386226937/1000000000000
23475 1004035329087/1000000000000
23477 500288369479/500000000000
23479 500712619479/500000000000
23481 200704932897/200000000000
23483 1004297061593/1000000000000
23485 50124647707/50000000000
23487 50010582707/50000000000
23489 50010582707/50000000000
23491 50010582707/50000000000
23493 100005405513/100000000000
23495 50082822707/50000000000
23497 250151168403/250000000000
23499 500271131949/500000000000
23501 500271131949/500000000000
23503 500271131949/500000000000
23505 200192531033/200000000000
23507 250281858669/250000000000
23509 489175001/488281250
23511 3914556987/3906250000
23513 500288369479/500000000000
23515 500288369479/500000000000
23517 1016362415359/1000000000000
23519 253592557799/250000000000
23521 505812823961/500000000000
23523 1013622651569/1000000000000
23525 1012464987417/1000000000000
23527 252454565543/250000000000
23529 40347938341/40000000000
23531 251775415543/250000000000
23533 251222490543/250000000000
23535 50191607679/50000000000
23537 50112237679/50000000000
23539 125092721473/125000000000
23541 50154662679/50000000000
23543 100325755513/100000000000
23545 100325755513/100000000000
23547 100109265513/100000000000
23549 1035528055741/1000000000000
23551 204446714131/200000000000
23553 40650203201/40000000000
23555 206712995371/200000000000
23557 1011250396751/1000000000000
23559 1032214575171/1000000000000
23561 205535835371/200000000000
23563 510352588427/500000000000
23565 1021310580501/1000000000000
23583 1136138628977/1000000000000
23585 112403308183/100000000000
23587 523549670093/500000000000
23589 272960930397/250000000000
23591 1087177816977/1000000000000
23593 276941544379/250000000000
23595 1060652489789/1000000000000
23597 1064075054541/1000000000000
23599 13041908493/12500000000
23601 105350826063/100000000000
23603 1048066745393/1000000000000
23605 1060929071511/1000000000000
23607 1043087060121/1000000000000
23609 1076501819421/1000000000000
23611 107269778647/100000000000
23613 1075722193543/1000000000000
23615 53035901767/50000000000
23617 530808620047/500000000000
23619 1030185653987/1000000000000
23621 514689502913/500000000000
23623 1034320606891/1000000000000
23625 258288307381/250000000000
23627 1037404510299/1000000000000
23629 106867456121/100000000000
23631 518515931909/500000000000
23633 265027572887/250000000000
23635 129428252011/125000000000
23637 42608287313/40000000000
23639 1050016752269/1000000000000
23641 1043199220959/1000000000000
23643 1039966448947/1000000000000
23645 1043627242849/1000000000000
23647 531619135467/500000000000
23649 1067961597937/1000000000000
23651 213274254927/200000000000
23653 1052069192543/1000000000000
23655 533993603219/500000000000
23657 1065483547141/1000000000000
23659 130989766019/125000000000
23661 528941384297/500000000000
23663 1052631407127/1000000000000
23665 211255877469/200000000000
23667 1047490530431/1000000000000
23669 261076716571/250000000000
23671 1014868844629/1000000000000
23673 507524058131/500000000000
23675 128103612781/125000000000
23677 1025638169667/1000000000000
23679 1052743081999/1000000000000
23681 1052574822721/1000000000000
23683 529458459711/500000000000
23685 261914815069/250000000000
23687 259628010153/250000000000
23689 515768637641/500000000000
23691 1062470053239/1000000000000
23693 4072151229/3906250000
23695 259462499683/250000000000
23697 529102374871/500000000000
23699 262007500079/250000000000
23701 2599688751/2500000000
23703 1032795901441/1000000000000
23705 519607067737/500000000000
23707 259324422421/250000000000
23709 41929160573/40000000000
23711 518828804323/500000000000
23713 1047679638713/1000000000000
23715 128651600497/125000000000
23717 1040341456559/1000000000000
23719 1029955105879/1000000000000
23721 1027416879261/1000000000000
23723 1042449741223/1000000000000
23725 516668644159/500000000000
23727 510707417559/500000000000
23729 202526055123/200000000000
23731 1027840768717/1000000000000
23733 101828837477/100000000000
23735 40921713099/40000000000
23737 1029981207721/1000000000000
23739 1022916404199/1000000000000
23741 1026490313989/1000000000000
23743 507441238771/500000000000
23745 1011404950037/1000000000000
23747 507843349787/500000000000
23749 1019661932471/1000000000000
23751 1038102971999/1000000000000
23753 1051648506739/1000000000000
23755 515031702819/500000000000
23757 257069981161/250000000000
23759 1041677261203/1000000000000
23761 129179261407/125000000000
23763 205389623377/200000000000
23765 1030481886891/1000000000000
23767 508853546363/500000000000
23769 255259463487/250000000000
23771 1022664153401/1000000000000
23773 511696099279/500000000000
23775 505121984719/500000000000
23777 1004119271359/1000000000000
23779 15784696731/15625000000
23781 50229845763/50000000000
23783 1002831016887/1000000000000
23785 1003124459533/1000000000000
23787 1003831017259/1000000000000
23789 1003354201407/1000000000000
23791 1001318147601/1000000000000
23793 1006390238561/1000000000000
23795 1006285558073/1000000000000
23797 40500429833/40000000000
23799 31351312693/31250000000
23801 503236124903/500000000000
23803 503672469099/500000000000
23805 50334421399/50000000000
23807 1009823779447/1000000000000
23809 125270953167/125000000000
23811 255374914429/250000000000
23813 1010363846831/1000000000000
23815 1002803046843/1000000000000
23817 1001400412949/1000000000000
23819 501959284529/500000000000
23821 100672966769/100000000000
23823 505613978737/500000000000
23825 1021652624617/1000000000000
23827 31778987109/31250000000
23829 513923015779/500000000000
23831 253002089111/250000000000
23833 1016490907351/1000000000000
23835 1016237763191/1000000000000
23837 252819138799/250000000000
23839 200578484187/200000000000
23841 31270801867/31250000000
23843 50047561493/50000000000
23845 1000644660059/1000000000000
23847 1002017889341/1000000000000
23849 503520074857/500000000000
23851 501205381919/500000000000
23853 125808989321/125000000000
23855 501166713829/500000000000
23857 5024834237/5000000000
23859 250734677859/250000000000
23861 25098034079/25000000000
23863 1001063988417/1000000000000
23865 500442834693/500000000000
23867 1001972731357/1000000000000
23869 250227016723/250000000000
23871 125715261779/125000000000
23873 1002799261963/1000000000000
23875 125529690757/125000000000
23877 62717803817/62500000000
23879 501989302133/500000000000
23881 501708070477/500000000000
23883 125440602111/125000000000
23885 1001051358609/1000000000000
23887 200335711241/200000000000
23889 12519688967/12500000000
23891 250656236479/250000000000
23893 1003202422059/1000000000000
23895 1002714350181/1000000000000
23897 502321062917/500000000000
23899 1004713344819/1000000000000
23901 250142744323/250000000000
23903 512291585531/500000000000
23905 253023705787/250000000000
23907 1015209693897/1000000000000
23909 1005325001173/1000000000000
23911 523538413013/500000000000
23913 255629650161/250000000000
23915 64496659307/62500000000
23917 252995678123/250000000000
23919 505212507217/500000000000
23921 1002063903059/1000000000000
23923 62729272929/62500000000
23925 502721626469/500000000000
23927 1005504728257/1000000000000
23929 506297783341/500000000000
23931 1008262784171/1000000000000
23933 202057924837/200000000000
23935 50237600053/50000000000
23937 1004612292203/1000000000000
23939 502866033447/500000000000
23941 125315607823/125000000000
23943 1016619167611/1000000000000
23945 503235474481/500000000000
23947 503957440703/500000000000
23949 1005601875409/1000000000000
23951 125162193157/125000000000
23953 250672162751/250000000000
23955 200136601387/200000000000
23957 251255506507/250000000000
23959 20124791277/20000000000
23961 1003778472299/1000000000000
23963 1005002628273/1000000000000
23965 1001522184537/1000000000000
23967 267548373467/250000000000
23969 527351802323/500000000000
23971 52555252857/50000000000
23973 130393869443/125000000000
23975 257025367571/250000000000
23977 257947912743/250000000000
23979 64059357597/62500000000
23981 128466978663/125000000000
23983 531623440639/500000000000
23985 1024616542299/1000000000000
23987 128636957179/125000000000
23989 1019660066673/1000000000000
23991 1036903142031/1000000000000
23993 128522618779/125000000000
23995 1028559057527/1000000000000
23997 506980003677/500000000000
23999 255130774341/250000000000
24001 1025742060503/1000000000000
24003 1050782574621/1000000000000
24005 129919516689/125000000000
24007 259393136029/250000000000
24009 42419480591/40000000000
24011 542064753057/500000000000
24013 1059611843281/1000000000000
24015 1036909233289/1000000000000
24017 103230305571/100000000000
24021 1023667533427/1000000000000
24023 63598251607/62500000000
24025 1018210683313/1000000000000
24027 504532251687/500000000000
24029 201707474789/200000000000
24031 253654790873/250000000000
24033 1014520890567/1000000000000
24035 1020454287499/1000000000000
24037 1016085892307/1000000000000
24039 203962685799/200000000000
24041 511420600107/500000000000
24043 257389764857/250000000000
24045 510577952403/500000000000
24047 1003850364073/1000000000000
24049 252009808989/250000000000
24051 1006664761391/1000000000000
24053 1005790912159/1000000000000
24055 205849133647/200000000000
24057 64413929301/62500000000
24059 505326657791/500000000000
24061 1012581762941/1000000000000
24063 125684796631/125000000000
24065 503284683207/500000000000
24067 1010807884557/1000000000000
24069 201482705523/200000000000
24071 1007516838857/1000000000000
24073 1005254635687/1000000000000
24075 200738442979/200000000000
24077 250724363271/250000000000
24079 502536441043/500000000000
24081 1008621037047/1000000000000
24083 1063286469783/1000000000000
24085 1050134330271/1000000000000
24087 1025625442731/1000000000000
24089 1011841715053/1000000000000
24091 509579938917/500000000000
24093 505505666953/500000000000
24095 518250651387/500000000000
24097 1053451175447/1000000000000
24099 1028924494739/1000000000000
24101 104379513151/100000000000
24103 519150781517/500000000000
24105 524100123467/500000000000
24107 12888596939/12500000000
24109 1019031002047/1000000000000
24111 510135937099/500000000000
24113 1019657824993/1000000000000
24115 520121790561/500000000000
24117 258743677121/250000000000
24119 504992352687/500000000000
24121 1011656507641/1000000000000
24123 502880018091/500000000000
24125 63378874373/62500000000
24127 535252591401/500000000000
24129 1077273977323/1000000000000
24131 1060122917117/1000000000000
24133 1043288503433/1000000000000
24135 1059267253503/1000000000000
24137 264789457303/250000000000
24139 65318517909/62500000000
24141 52226785911/50000000000
24143 103261435209/100000000000
24145 1027498309523/1000000000000
24147 65643133091/62500000000
24149 264465994001/250000000000
24151 1057880857483/1000000000000
24157 534496095633/500000000000
24159 205779398181/200000000000
24161 132348772829/125000000000
24163 1027150246751/1000000000000
24165 1063297798227/1000000000000
24167 1035092522089/1000000000000
24195 528616141577/500000000000
24197 1049843715003/1000000000000
24199 211181231023/200000000000
24201 1042010854553/1000000000000
24203 130882716053/125000000000
24205 536023531189/500000000000
24207 526368022271/500000000000
24209 204396680153/200000000000
24211 1032130210963/1000000000000
24213 64861286829/62500000000
24215 1035424226279/1000000000000
24217 258414789247/250000000000
24219 1031936150887/1000000000000
24221 1030691860731/1000000000000
24223 1028190009261/1000000000000
24225 1046579885449/1000000000000
24227 210915280447/200000000000
24229 20669885259/20000000000
24231 514231639549/500000000000
24233 513513416549/500000000000
24235 1020536452533/1000000000000
24237 128665756177/125000000000
24239 1024635429319/1000000000000
24241 1012775893701/1000000000000
24243 1018194260481/1000000000000
24245 1012687071489/1000000000000
24247 6327764537/6250000000
24249 1027531379401/1000000000000
24251 1036610932329/1000000000000
24253 204020216119/200000000000
24255 1032067908501/1000000000000
24257 521803304381/500000000000
24259 513930929301/500000000000
24261 1027551665419/1000000000000
24263 205263852521/200000000000
24265 1029785700179/1000000000000
24267 1036086459769/1000000000000
24269 517233975251/500000000000
24271 1037117875837/1000000000000
24273 515497973483/500000000000
24275 5237260199/5000000000
24277 1048277367013/1000000000000
24279 1045600869307/1000000000000
24281 105319680241/100000000000
24283 524233187289/500000000000
24285 1051795545853/1000000000000
24287 1030464114181/1000000000000
24289 1038445891627/1000000000000
24291 507900804301/500000000000
24293 205334547089/200000000000
24295 1042153692913/1000000000000
24297 524707892011/500000000000
24299 518496723537/500000000000
24301 1044162936993/1000000000000
24307 1042436787963/1000000000000
24309 524429229169/500000000000
24311 261825438681/250000000000
24313 104215221603/100000000000
24327 1088962287433/1000000000000
24329 1074019286963/1000000000000
24331 27529302007/25000000000
24333 43446576573/40000000000
24335 1058874112037/1000000000000
24337 525585886007/500000000000
24339 1078938281717/1000000000000
24341 1062144026637/1000000000000
24343 1081677823379/1000000000000
24345 550876455657/500000000000
24347 265914129167/250000000000
24349 268052054167/250000000000
24351 521074231639/500000000000
24353 1029425271509/1000000000000
24355 261428329741/250000000000
24357 1037999176373/1000000000000
24359 105887570247/100000000000
24361 530199819971/500000000000
24363 263564258827/250000000000
24365 515522412069/500000000000
24367 1017576662109/1000000000000
24369 1038468565603/1000000000000
24371 1031667709993/1000000000000
24373 530796916351/500000000000
24375 1050510645461/1000000000000
24377 521027948327/500000000000
24379 52701180837/50000000000
24381 1046265686327/1000000000000
24383 132963350917/125000000000
24385 1063781250787/1000000000000
24387 1065203802857/1000000000000
24389 265481533743/250000000000
24391 521047744351/500000000000
24393 1039235151081/1000000000000
24395 1047273717751/1000000000000
24397 130842435399/125000000000
24399 209883897297/200000000000
24401 1054423383979/1000000000000
24403 1025926451487/1000000000000
24405 510077640479/500000000000
24407 1028507614313/1000000000000
24409 256987183551/250000000000
24411 529180978507/500000000000
24413 1030085495793/1000000000000
24415 42652387133/40000000000
24417 520656086347/500000000000
24419 1007570789709/1000000000000
24421 201006942683/200000000000
24423 1011545622881/1000000000000
24425 1008652648943/1000000000000
24427 101007389591/100000000000
24429 63095262437/62500000000
24431 256512967253/250000000000
24433 202557638819/200000000000
24435 518231536629/500000000000
24437 512929823977/500000000000
24439 1038947397963/1000000000000
24441 1027285967043/1000000000000
24443 531937331137/500000000000
24445 1053979603141/1000000000000
24447 1060870337739/1000000000000
24449 1059949485477/1000000000000
24451 508134138937/500000000000
24453 251432024281/250000000000
24455 1025720476223/1000000000000
24457 506019057787/500000000000
24459 520456578569/500000000000
24461 102296529751/100000000000
24463 52712433871/50000000000
24465 32176123641/31250000000
24467 250595229829/250000000000
24469 50363839857/50000000000
24471 201150624579/200000000000
24473 1006781383173/1000000000000
24475 504869987397/500000000000
24477 501859963137/500000000000
24479 1023582041927/1000000000000
24481 1009443225533/1000000000000
24483 1012147698689/1000000000000
24485 204859385457/200000000000
24487 101293840151/100000000000
24489 204541123347/200000000000
24491 252007997801/250000000000
24493 1011910312067/1000000000000
24495 1005272660897/1000000000000
24497 5007501983/5000000000
24499 15913361453/15625000000
24501 201871645509/200000000000
24503 510788636087/500000000000
24505 1018293898463/1000000000000
24507 1030722282021/1000000000000
24509 51209295407/50000000000
24511 13065929591/12500000000
24513 41010173529/40000000000
24515 1015969778181/1000000000000
24517 126894453573/125000000000
24519 1011246363301/1000000000000
24521 251820358597/250000000000
24523 1005537401747/1000000000000
24525 200306656667/200000000000
24527 1007896679379/1000000000000
24529 1004293235563/1000000000000
24531 502365039841/500000000000
24533 1008790570351/1000000000000
24535 1003552413833/1000000000000
24537 101098128267/100000000000
24539 1007739682701/1000000000000
24541 253309430281/250000000000
24543 250786398437/250000000000
24545 503888148517/500000000000
24547 203600792299/200000000000
24549 513301105939/500000000000
24551 40694829007/40000000000
24553 1027191515531/1000000000000
24555 127902791589/125000000000
24557 207138930517/200000000000
24559 203640765411/200000000000
24561 51627315069/50000000000
24563 1003112531677/1000000000000
24565 1008719038109/1000000000000
24567 1002336129051/1000000000000
24569 251707512919/250000000000
24571 62641015257/62500000000
24573 1002828249149/1000000000000
24575 250719863747/250000000000
24577 501481404169/500000000000
24579 1014652817199/1000000000000
24581 5114600987/5000000000
24583 253279327449/250000000000
24585 1023860457809/1000000000000
24587 202506818509/200000000000
24589 511062453297/500000000000
24591 1011861080983/1000000000000
24593 253913056971/250000000000
24595 512990640511/500000000000
24597 259185883727/250000000000
24599 509477461943/500000000000
24601 1028596515287/1000000000000
24603 525931187143/500000000000
24605 130798753373/125000000000
24607 129814636147/125000000000
24609 207271353847/200000000000
24611 207731183627/200000000000
24613 515384603593/500000000000
24615 1033538140041/1000000000000
24617 12951738271/12500000000
24619 1048371297611/1000000000000
24621 130217905281/125000000000
24623 26072552133/25000000000
24625 104872578739/100000000000
24627 50540741179/50000000000
24629 255375364737/250000000000
24631 202014276379/200000000000
24633 1016617546791/1000000000000
24635 513711141823/500000000000
24637 1027776963403/1000000000000
24639 126909610941/125000000000
24641 1020714381589/1000000000000
24643 1028358709899/1000000000000
24645 129463333663/125000000000
24647 1021922671403/1000000000000
24649 516162103521/500000000000
24651 517031832937/500000000000
24653 10463786579/10000000000
24655 128964319149/125000000000
24657 10445428919/10000000000
24663 523996102503/500000000000
24665 32475120361/31250000000
24673 516671489911/500000000000
24675 20615769617/20000000000
24681 516079924319/500000000000
24683 512070590871/500000000000
24685 518137791783/500000000000
24687 515582706909/500000000000
24689 10264517977/10000000000
24691 129047059597/125000000000
24693 26299980513/25000000000
24695 1043667703369/1000000000000
24697 1048065477351/1000000000000
24699 1031959520807/1000000000000
24701 1030386014651/1000000000000
24703 1035337279831/1000000000000
24705 1029642863161/1000000000000
24707 206903194557/200000000000
24709 1024999702073/1000000000000
24711 1034631941139/1000000000000
24713 205748607773/200000000000
24777 501380225423/500000000000
24779 250087014583/250000000000
24781 250087014583/250000000000
24783 251064189583/250000000000
24785 1003407801651/1000000000000
24787 1007316501651/1000000000000
24789 1007316501651/1000000000000
24791 1007316501651/1000000000000
24793 100339102701/100000000000
24795 100647732701/100000000000
24797 1001225127009/1000000000000
24799 1001225127009/1000000000000
24801 100067941483/100000000000
24803 500628150053/500000000000
24805 500209574909/500000000000
24807 999961183357/1000000000000
24809 250124927877/250000000000
24811 501243245617/500000000000
24813 250086202877/250000000000
24815 502518845617/500000000000
24817 250935777163/250000000000
24819 502759766067/500000000000
24821 250935777163/250000000000
24823 1024936339759/1000000000000
24825 502759766067/500000000000
24827 1026183940181/1000000000000
24829 1000274702911/1000000000000
24831 100438062827/100000000000
24833 100250543141/100000000000
24835 100250543141/100000000000
24837 100250543141/100000000000
24839 500256787567/500000000000
24841 500256787567/500000000000
24843 500256787567/500000000000
24845 125063946699/125000000000
24847 501110940539/500000000000
24849 1002194953687/1000000000000
24851 1000349594587/1000000000000
24853 1000349594587/1000000000000
24855 1012739794587/1000000000000
24857 501586456073/500000000000
24859 1004896986247/1000000000000
24861 200543483159/200000000000
24863 501341937979/500000000000
24865 501860137979/500000000000
24867 501877068567/500000000000
24869 501877068567/500000000000
24871 501877068567/500000000000
24873 1003328137133/1000000000000
24875 1003604020213/1000000000000
24877 1003604020213/1000000000000
24879 40104915529/40000000000
24881 31392990257/31250000000
24883 501255723237/500000000000
24885 501255723237/500000000000
24887 1002896853687/1000000000000
24889 256264953631/250000000000
24891 64297967099/62500000000
24893 256353978631/250000000000
24895 251044293209/250000000000
24897 50014841917/50000000000
24899 25750827707/25000000000
24901 251238710617/250000000000
24903 40011700761/40000000000
24905 500622821893/500000000000
24907 250274514453/250000000000
24909 250274511777/250000000000
24911 1000014347107/1000000000000
24913 1000014347107/1000000000000
24915 1000012547107/1000000000000
24917 1000014347107/1000000000000
24919 1000014347107/1000000000000
24921 250405909841/250000000000
24923 251280580823/250000000000
24925 1003652415549/1000000000000
24927 12577326989/12500000000
24929 25605295363/25000000000
24931 201233476587/200000000000
24933 25605295363/25000000000
24935 1008559228929/1000000000000
24937 512522809521/500000000000
24939 126196247867/125000000000
24941 1021842195227/1000000000000
24943 126196247867/125000000000
24945 1021842195227/1000000000000
24947 63220763771/62500000000
24949 1019097611953/1000000000000
24951 1012573222557/1000000000000
24953 1025142296861/1000000000000
24955 1012223146371/1000000000000
24957 511145998433/500000000000
24959 1015149346371/1000000000000
24961 10201623439/10000000000
24963 1014634337779/1000000000000
24965 8006203617/7812500000
24967 40572224581/40000000000
24969 256399445217/250000000000
24971 1016871137779/1000000000000
24973 40985138519/40000000000
24975 40725156581/40000000000
24977 1022587439897/1000000000000
24979 25517095207/25000000000
24981 256487995217/250000000000
24983 1021097108281/1000000000000
24985 512884836789/500000000000
24987 255744028631/250000000000
24989 1026665567469/1000000000000
24991 201701614821/200000000000
24993 1015450377449/1000000000000
24995 1006388836573/1000000000000
24997 1010402231791/1000000000000
24999 252455746177/250000000000
25001 1009823631791/1000000000000
25003 126300094621/125000000000
25005 1007079048517/1000000000000
25007 1013232528917/1000000000000
25009 127612837249/125000000000
25011 1017934027133/1000000000000
25013 40609679259/40000000000
25015 252944052671/250000000000
25017 251880248853/250000000000
25019 12559730171/12500000000
25021 1008306513679/1000000000000
25023 506738423003/500000000000
25025 1030819397993/1000000000000
25027 1028236197993/1000000000000
25029 1076961901561/1000000000000
25031 27122208973/25000000000
25033 1089186365641/1000000000000
25035 1068912025281/1000000000000
25037 1074321055841/1000000000000
25039 213771434033/200000000000
25041 545414825411/500000000000
25043 270375249939/250000000000
25045 26741537297/25000000000
25047 107405243823/100000000000
25049 535027247679/500000000000
25051 530673014507/500000000000
25053 270003543977/250000000000
25055 71283981007/62500000000
25057 1135545974313/1000000000000
25059 535194002873/500000000000
25061 214538228303/200000000000
25063 131244549921/125000000000
25065 1061811263209/1000000000000
25067 266299063487/250000000000
25069 264168401909/250000000000
25083 1037094031737/1000000000000
25085 4051075217/3906250000
25087 1056642878223/1000000000000
25089 209371646939/200000000000
25091 1038203445161/1000000000000
25093 1042035175721/1000000000000
25095 262380890191/250000000000
25097 525129157901/500000000000
25099 209823764773/200000000000
25101 533845166991/500000000000
25103 210495380549/200000000000
25105 1059966480693/1000000000000
25107 1033362021683/1000000000000
25109 1020199134717/1000000000000
25111 103039503189/100000000000
25113 1042349541043/1000000000000
25115 1032893114709/1000000000000
25117 254632279669/250000000000
25119 513650256823/500000000000
25121 255176929167/250000000000
25123 511196046961/500000000000
25125 522452197853/500000000000
25127 103191461629/100000000000
25129 525875561683/500000000000
25131 515133925197/500000000000
25133 1020784603079/1000000000000
25135 1023985774957/1000000000000
25137 1042508170061/1000000000000
25139 1033227934327/1000000000000
25141 1043044512553/1000000000000
25143 257663540151/250000000000
25145 128948433713/125000000000
25147 103347640699/100000000000
25149 516742632603/500000000000
25151 205692199889/200000000000
25153 260281907471/250000000000
25155 1028095152221/1000000000000
25157 207486276593/200000000000
25159 20559118169/20000000000
25161 517385027081/500000000000
25163 1039577962993/1000000000000
25165 128566187911/125000000000
25167 260168841723/250000000000
25169 1030007360317/1000000000000
25171 207921686629/200000000000
25173 533880144597/500000000000
25175 519297522293/500000000000
25177 257111614717/250000000000
25179 1021364451089/1000000000000
25181 205742681513/200000000000
25183 128262696737/125000000000
25185 1026065153289/1000000000000
25187 1002796693659/1000000000000
25189 1025145687267/1000000000000
25191 101046364057/100000000000
25193 1036214717243/1000000000000
25195 206377661573/200000000000
25197 1035642310847/1000000000000
25199 510240825677/500000000000
25201 209941298937/200000000000
25203 64666483109/62500000000
25205 1042548241543/1000000000000
25207 1024209835903/1000000000000
25209 8029813777/7812500000
25211 1027337308439/1000000000000
25213 1024949164549/1000000000000
25215 103262911577/100000000000
25217 16066977113/15625000000
25219 3183665367/3125000000
25221 205911231433/200000000000
25223 1018771275689/1000000000000
25225 1026518487811/1000000000000
25227 1024468636707/1000000000000
25229 514824185583/500000000000
25231 25585755191/25000000000
25233 21548737599/20000000000
25235 51167521163/50000000000
25237 125606642861/125000000000
25239 511378592797/500000000000
25241 125210490081/125000000000
25243 505277636671/500000000000
25245 257157788763/250000000000
25247 50334156269/50000000000
25249 207480429141/200000000000
25251 255950288603/250000000000
25253 129729809899/125000000000
25255 128041113449/125000000000
25257 535759788141/500000000000
25259 525707273109/500000000000
25261 508830633617/500000000000
25263 1010634463203/1000000000000
25265 1023910986099/1000000000000
25267 1002391316041/1000000000000
25269 1032190149259/1000000000000
25271 253141746777/250000000000
25273 1040930970083/1000000000000
25275 1007330443819/1000000000000
25277 1070967990867/1000000000000
25279 1043011020291/1000000000000
25281 524403307063/500000000000
25283 530945945347/500000000000
25285 1030601544569/1000000000000
25287 1062750904757/1000000000000
25289 212449206587/200000000000
25291 513376423013/500000000000
25293 1028969224169/1000000000000
25295 510389738839/500000000000
25297 205874902211/200000000000
25299 63505777163/62500000000
25301 1042743115027/1000000000000
25303 1057164330507/1000000000000
25305 528889168297/500000000000
25307 1065743298451/1000000000000
25313 262997501477/250000000000
25317 1082229733853/1000000000000
25359 64947865247/62500000000
25361 13038077709/12500000000
25363 514920450101/500000000000
25365 515166635153/500000000000
25367 512498259803/500000000000
25369 257830155571/250000000000
25371 516456750943/500000000000
25373 518674786421/500000000000
25375 1045434812599/1000000000000
25377 510789541191/500000000000
25379 51977230771/50000000000
25381 256303982229/250000000000
25383 10439464021/10000000000
25385 1023121618531/1000000000000
25387 127737044039/125000000000
25389 102806906969/100000000000
25391 102040005277/100000000000
25393 32520227849/31250000000
25395 258365186029/250000000000
25397 1047952119861/1000000000000
25399 205966847233/200000000000
25401 1024076967903/1000000000000
25403 256627573463/250000000000
25405 515919865567/500000000000
25407 1034602801541/1000000000000
25409 214179367389/200000000000
25411 103999233801/100000000000
25413 534747255557/500000000000
25415 1035591504703/1000000000000
25417 1035199123289/1000000000000
25419 518143164297/500000000000
25421 207134620943/200000000000
25423 128670686341/125000000000
25425 129185065831/125000000000
25427 256342679433/250000000000
25429 531713551861/500000000000
25431 516389015321/500000000000
25433 1055337408159/1000000000000
25435 514763050161/500000000000
25437 128592798183/125000000000
25439 205514502101/200000000000
25441 63915305149/62500000000
25443 256786768943/250000000000
25445 256071614779/250000000000
25447 257511204219/250000000000
25449 21810719079/20000000000
25451 1095000264027/1000000000000
25453 1103946322049/1000000000000
25455 537438026163/500000000000
25457 264953428277/250000000000
25459 1080499288699/1000000000000
25461 527078958659/500000000000
25463 1060961944007/1000000000000
25465 1048478141619/1000000000000
25467 525501120887/500000000000
25469 65297512817/62500000000
25471 258997747673/250000000000
25473 516884800113/500000000000
25475 1061205949669/1000000000000
25479 1070621901879/1000000000000
25481 1079480440491/1000000000000
25491 42394608477/40000000000
25493 265681965133/250000000000
25495 1064485171357/1000000000000
25497 13318469999/12500000000
25499 1067549798259/1000000000000
25501 1069641273659/1000000000000
25503 1061925249377/1000000000000
25505 66961775993/62500000000
25507 527826853073/500000000000
25509 206833952569/200000000000
25511 265791637607/250000000000
25513 2633124807/2500000000
25515 105582443817/100000000000
25517 1055610756113/1000000000000
25519 532177125469/500000000000
25521 522594705673/500000000000
25523 1061027133931/1000000000000
25525 1033526231309/1000000000000
25527 533735191461/500000000000
25529 511697833763/500000000000
25531 127326900951/125000000000
25533 520122864393/500000000000
25535 51497121381/50000000000
25537 1074517035803/1000000000000
25539 1055339493597/1000000000000
25541 1077161608559/1000000000000
25543 1066279416969/1000000000000
25545 1042094043563/1000000000000
25547 515757769977/500000000000
25549 65339892687/62500000000
25551 258129477461/250000000000
25553 1044593724447/1000000000000
25555 130733400043/125000000000
25557 8288093459/8000000000
25559 261651623063/250000000000
25561 1047068095011/1000000000000
25563 205963903431/200000000000
25565 1029373130303/1000000000000
25571 512922702027/500000000000
25573 31599822381/31250000000
25575 1036174579769/1000000000000
25577 1028029036891/1000000000000
25579 264682854921/250000000000
25599 219310336673/200000000000
25601 1112485227671/1000000000000
25603 557726349877/500000000000
25605 1098949732313/1000000000000
25607 542977924549/500000000000
25609 110623191819/100000000000
25611 17145485443/15625000000
25613 1110610334547/1000000000000
25615 1127323121833/1000000000000
25617 1119600796337/1000000000000
25619 1126273002879/1000000000000
25621 1054756885803/1000000000000
25623 1054684225863/1000000000000
25625 269430691803/250000000000
25627 1077585727033/1000000000000
25629 216450254377/200000000000
25631 528464445367/500000000000
25633 533729722573/500000000000
25635 67891549339/62500000000
25637 1098103862889/1000000000000
25639 134440041583/125000000000
25641 1088637138091/1000000000000
25643 10950002593/10000000000
25645 220235411861/200000000000
25647 1088578492423/1000000000000
25649 539209078559/500000000000
25651 1088581110133/1000000000000
25653 513412853711/500000000000
25655 1023326155339/1000000000000
25657 1030745371581/1000000000000
25659 1030672292117/1000000000000
25661 529316846901/500000000000
25663 1062369609177/1000000000000
25665 213172379407/200000000000
25667 134546349353/125000000000
25669 518495980489/500000000000
25671 1027167353469/1000000000000
25673 13063430183/12500000000
25675 205345296723/200000000000
25677 530379746549/500000000000
25679 530479733943/500000000000
25681 104473267687/100000000000
25683 520463196647/500000000000
25685 207080144563/200000000000
25687 1048389944643/1000000000000
25689 65176994529/62500000000
25691 537748038843/500000000000
25693 1083227094519/1000000000000
25695 1079384159183/1000000000000
25697 207008205803/200000000000
25699 516158049177/500000000000
25701 261437107283/250000000000
25703 533467460247/500000000000
25705 1054632674349/1000000000000
25707 544613884321/500000000000
25709 1074113768023/1000000000000
25711 507710908473/500000000000
25713 20233201997/20000000000
25715 51281587141/50000000000
25717 1010153508157/1000000000000
25719 515048816007/500000000000
25721 103122740501/100000000000
25723 1040509953687/1000000000000
25725 519731610603/500000000000
25727 1007595948231/1000000000000
25729 252136616273/250000000000
25731 503757470531/500000000000
25733 253336052351/250000000000
25735 516726216601/500000000000
25737 255499697083/250000000000
25739 521635554523/500000000000
25741 1032040143791/1000000000000
25743 1034836127767/1000000000000
25745 1021662116647/1000000000000
25747 1035209872567/1000000000000
25749 1030277478667/1000000000000
25751 1047496130697/1000000000000
25753 129718462787/125000000000
25755 528250180857/500000000000
25757 263485721543/250000000000
25759 505179327169/500000000000
25761 509571234931/500000000000
25763 1023470423487/1000000000000
25765 1021996275143/1000000000000
25767 261878935539/250000000000
25769 1045325257353/1000000000000
25771 1054693731401/1000000000000
25773 210822331699/200000000000
25775 1013040892373/1000000000000
25777 503591501993/500000000000
25779 1004813955117/1000000000000
25781 500814866463/500000000000
25783 206698242111/200000000000
25785 256339821679/250000000000
25787 1034348270257/1000000000000
25789 40896906927/40000000000
25791 1004967161399/1000000000000
25793 500792970783/500000000000
25795 1003453377031/1000000000000
25797 501422823191/500000000000
25799 501963259067/500000000000
25801 501663405557/500000000000
25803 504857330831/500000000000
25805 502506309771/500000000000
25807 502971473487/500000000000
25809 1006751312359/1000000000000
25811 1010266251331/1000000000000
25813 1004277901763/1000000000000
25815 129461245909/125000000000
25817 1028121015611/1000000000000
25819 1034436881813/1000000000000
25821 256653607289/250000000000
25823 504970282913/500000000000
25825 502233680049/500000000000
25827 1008628631119/1000000000000
25829 50404402599/50000000000
25831 202634759823/200000000000
25833 100504826301/100000000000
25835 510823017649/500000000000
25837 1010443614783/1000000000000
25839 256241945609/250000000000
25841 1029952418107/1000000000000
25843 5096390253/5000000000
25845 1027713337709/1000000000000
25847 254360840683/250000000000
25849 511814669263/500000000000
25851 1030947953137/1000000000000
25853 1022517295273/1000000000000
25855 50947286193/50000000000
25857 508487865147/500000000000
25859 1008587319201/1000000000000
25861 1009127173237/1000000000000
25863 519778267267/500000000000
25865 130853329841/125000000000
25867 256928785281/250000000000
25869 16101042687/15625000000
25871 512152379133/500000000000
25873 509349937799/500000000000
25875 1010148911561/1000000000000
25877 504984582211/500000000000
25879 259654976873/250000000000
25881 511772173981/500000000000
25883 1036845198443/1000000000000
25885 511435905673/500000000000
25887 503296697751/500000000000
25889 1003464675243/1000000000000
25891 1004775331333/1000000000000
25893 251633678319/250000000000
25895 202733898223/200000000000
25897 508243834961/500000000000
25899 1003154581639/1000000000000
25901 321867781/320000000
25907 1019465697333/1000000000000
25909 64044728559/62500000000
25915 1018227346329/1000000000000
25917 256698681953/250000000000
25923 32362544369/31250000000
25925 522529795831/500000000000
25929 1044146622527/1000000000000
25931 206835178807/200000000000
25933 20588546541/20000000000
25935 25880975239/25000000000
25937 1033110024679/1000000000000
25939 126733888087/125000000000
25941 63983488647/62500000000
25943 126516302527/125000000000
25945 1019869618727/1000000000000
25947 1021321854711/1000000000000
25949 1031824344711/1000000000000
25951 51255300809/50000000000
25953 205029569757/200000000000
25955 1041470503217/1000000000000
25957 523014325753/500000000000
25959 1061600892999/1000000000000
26021 200276504263/200000000000
26023 250368629417/250000000000
26025 250368629417/250000000000
26027 1003540393853/1000000000000
26029 1002155796477/1000000000000
26031 1002155796477/1000000000000
26033 500218493921/500000000000
26035 201715314949/200000000000
26037 200960054949/200000000000
26039 200960054949/200000000000
26041 1003947008541/1000000000000
26043 250272046679/250000000000
26045 251073771679/250000000000
26047 1002072789347/1000000000000
26049 250338271679/250000000000
26051 999991289347/1000000000000
26053 25049858007/25000000000
26055 125837691697/125000000000
26057 250756430071/250000000000
26059 1009089057391/1000000000000
26061 250756430071/250000000000
26063 1015592652073/1000000000000
26065 1008276674823/1000000000000
26067 1018852052073/1000000000000
26069 252637295233/250000000000
26071 1020534352073/1000000000000
26073 253921270233/250000000000
26075 3203390019/3125000000
26077 254787795233/250000000000
26079 1008655712567/1000000000000
26081 3145218837/3125000000
26083 3145218837/3125000000
26085 1575310981/1562500000
26087 1575310981/1562500000
26089 1575310981/1562500000
26091 502893317663/500000000000
26093 502893317663/500000000000
26095 1001189162461/1000000000000
26097 1001189162461/1000000000000
26099 62537098769/62500000000
26101 1003533804481/1000000000000
26103 502432424991/500000000000
26105 1012967253169/1000000000000
26107 251314022691/250000000000
26109 251170686087/250000000000
26111 251170686087/250000000000
26113 200981918549/200000000000
26115 200841538549/200000000000
26117 62753598489/62500000000
26119 62801085989/62500000000
26121 200905311757/200000000000
26123 200905311757/200000000000
26125 1002440857243/1000000000000
26127 250182548393/250000000000
26129 250182548393/250000000000
26131 1004093107337/1000000000000
26133 1004093107337/1000000000000
26135 1004093107337/1000000000000
26137 25032949579/25000000000
26139 502132688613/500000000000
26141 200033641781/200000000000
26143 502132688613/500000000000
26145 200033641781/200000000000
26147 1025377139683/1000000000000
26149 201085234201/200000000000
26151 125409366023/125000000000
26153 1031478628979/1000000000000
26155 1008145284599/1000000000000
26157 1003264136271/1000000000000
26159 1005098353841/1000000000000
26161 1004313571457/1000000000000
26163 501917034027/500000000000
26165 502607560923/500000000000
26167 10056218107/10000000000
26169 200787967387/200000000000
26171 4019337269/4000000000
26173 4016498869/4000000000
26175 4016498869/4000000000
26177 4016498869/4000000000
26179 62502632899/62500000000
26181 125165450733/125000000000
26183 500189823453/500000000000
26185 125159350733/125000000000
26187 500189823453/500000000000
26189 500465287567/500000000000
26191 1001119706063/1000000000000
26193 125159350733/125000000000
26195 1001053257343/1000000000000
26197 1000445181559/1000000000000
26199 500342811327/500000000000
26201 1000179290591/1000000000000
26203 20013712239/20000000000
26205 500525000007/500000000000
26207 25019770503/25000000000
26209 500525000007/500000000000
26211 500105967073/500000000000
26213 1001399739279/1000000000000
26215 500105967073/500000000000
26217 1000914279783/1000000000000
26219 1001534134141/1000000000000
26221 500499903459/500000000000
26223 1001534134141/1000000000000
26225 1000286360479/1000000000000
26227 40087502213/40000000000
26229 1001532860479/1000000000000
26231 125288955523/125000000000
26233 40061313991/40000000000
26235 125288955523/125000000000
26237 62504892759/62500000000
26239 1002903332309/1000000000000
26241 62646642759/62500000000
26243 1001985766161/1000000000000
26245 502407092829/500000000000
26247 1001985766161/1000000000000
26249 40143480041/40000000000
26251 500994021869/500000000000
26253 500716994269/500000000000
26255 500810825663/500000000000
26257 500729189973/500000000000
26259 1000191669483/1000000000000
26261 1000031239481/1000000000000
26263 1000191669483/1000000000000
26265 62502632899/62500000000
26267 125013550733/125000000000
26269 501090989973/500000000000
26271 500639550007/500000000000
26273 500922490253/500000000000
26275 504257577641/500000000000
26277 15741874853/15625000000
26279 502692696257/500000000000
26281 502692696257/500000000000
26283 501963270601/500000000000
26285 501963270601/500000000000
26287 1003178912027/1000000000000
26289 201000252143/200000000000
26291 200294632143/200000000000
26293 200294632143/200000000000
26295 200294632143/200000000000
26297 500653842829/500000000000
26299 1001303366343/1000000000000
26301 1002506466343/1000000000000
26303 1005451866161/1000000000000
26305 251969892371/250000000000
26307 200582195337/200000000000
26309 1004652125373/1000000000000
26321 1025128331977/1000000000000
26323 1023317531977/1000000000000
26325 1020572948703/1000000000000
26327 127492321027/125000000000
26329 127492321027/125000000000
26331 127210852441/125000000000
26333 63508523187/62500000000
26335 12694328649/12500000000
26337 12657663649/12500000000
26339 12609688649/12500000000
26341 503015254323/500000000000
26363 45519319813/40000000000
26365 1144917927627/1000000000000
26367 137180372273/125000000000
26369 1110298992063/1000000000000
26371 1096888399379/1000000000000
26373 1067582614407/1000000000000
26375 526999223839/500000000000
26377 1100998850197/1000000000000
26379 134908606119/125000000000
26381 1117871140597/1000000000000
26383 1049388722609/1000000000000
26385 1045975963753/1000000000000
26387 1063659235639/1000000000000
26389 1064957804819/1000000000000
26391 211408858367/200000000000
26393 64883636427/62500000000
26395 107495765347/100000000000
26397 43968265781/40000000000
26403 1022983246347/1000000000000
26405 506720737939/500000000000
26409 1019601473901/1000000000000
26411 1052488529267/1000000000000
26417 518743380493/500000000000
26421 516981968371/500000000000
26423 202815749207/200000000000
26425 522057150883/500000000000
26427 509395503593/500000000000
26429 1027663678101/1000000000000
26431 1032813821683/1000000000000
26433 509592112863/500000000000
26435 1046389045337/1000000000000
26437 529857239991/500000000000
26493 514096094869/500000000000
26495 518608808641/500000000000
26497 260204014027/250000000000
26499 64741244881/62500000000
26501 1032469410761/1000000000000
26503 1056356098083/1000000000000
26505 105695300029/100000000000
26507 211933720763/200000000000
26509 1058505233723/1000000000000
26511 515814981289/500000000000
26513 259517600459/250000000000
26515 519709733873/500000000000
26517 1049807779733/1000000000000
26519 511584500581/500000000000
26521 260644856359/250000000000
26523 1024178183047/1000000000000
26525 1054303363837/1000000000000
26527 1060854908993/1000000000000
26529 258872926689/250000000000
26531 1049054816753/1000000000000
26533 259770877833/250000000000
26535 207863389947/200000000000
26537 209099665473/200000000000
26539 1040993885161/1000000000000
26541 524492545573/500000000000
26543 261379891511/250000000000
26545 102155152211/100000000000
26547 517018722393/500000000000
26549 4105369221/4000000000
26551 211254889/200000000
26553 1019567300487/1000000000000
26555 256018474603/250000000000
26557 209815075791/200000000000
26559 13121667153/12500000000
26561 1048810904317/1000000000000
26563 519710659587/500000000000
26565 521726118409/500000000000
26567 1041083332577/1000000000000
26569 538530327949/500000000000
26571 1057427165019/1000000000000
26573 133968849909/125000000000
26575 1071614601669/1000000000000
26577 1049340686603/1000000000000
26579 1054415764037/1000000000000
26581 208539239849/200000000000
26583 1046980308127/1000000000000
26585 20953588041/20000000000
26587 1030720812619/1000000000000
26589 1044876912613/1000000000000
26591 1050914120287/1000000000000
26593 1051942762063/1000000000000
26595 209943514137/200000000000
26597 208953525097/200000000000
26599 1062202386639/1000000000000
26601 521062637163/500000000000
26603 264639934607/250000000000
26605 534861899997/500000000000
26607 52992036951/50000000000
26609 1059607329559/1000000000000
26611 263461635007/250000000000
26613 1011974165963/1000000000000
26615 51801299897/50000000000
26617 1045657421841/1000000000000
26619 1000795007889/1000000000000
26621 1024137415843/1000000000000
26623 125411410783/125000000000
26625 1063331624569/1000000000000
26627 262261291523/250000000000
26629 1087014517043/1000000000000
26631 1082419075623/1000000000000
26633 269429132623/250000000000
26635 1032327893719/1000000000000
26637 106385449981/100000000000
26639 129959817203/125000000000
26641 1019775503761/1000000000000
26643 212411626197/200000000000
26645 533994613083/500000000000
26647 137319551991/125000000000
26653 40878190561/40000000000
26659 253225770717/250000000000
26661 1008728167301/1000000000000
26665 812028267/781250000
26667 527152011699/500000000000
26673 1011477044003/1000000000000
26675 507114779089/500000000000
26677 101828844799/100000000000
26679 20551175303/20000000000
26681 509346081427/500000000000
26683 251480143841/250000000000
26685 258183434403/250000000000
26687 1006511021873/1000000000000
26689 525480949617/500000000000
26691 521441385909/500000000000
26693 1069802727929/1000000000000
26695 104482444229/100000000000
26697 214041418167/200000000000
26699 508496416957/500000000000
26701 1026976697133/1000000000000
26703 63589261781/62500000000
26705 1052915213503/1000000000000
26769 262492419367/250000000000
26771 527213639189/500000000000
26773 526012350631/500000000000
26775 263027501103/250000000000
26777 262765598439/250000000000
26779 1075160329159/1000000000000
26781 540703736949/500000000000
26783 133201506249/125000000000
26785 105875456537/100000000000
26787 1060205252323/1000000000000
26789 10868031753/10000000000
26791 1072541940413/1000000000000
26793 1061918456497/1000000000000
26795 1054145923787/1000000000000
26797 1071862607307/1000000000000
26799 1078870132573/1000000000000
26801 270684361631/250000000000
26803 537965493903/500000000000
26805 1073737006037/1000000000000
26807 212113619281/200000000000
26809 1072975159051/1000000000000
26811 528895726917/500000000000
26813 1064770900121/1000000000000
26815 1077265428959/1000000000000
26817 1048192057239/1000000000000
26839 519407773769/500000000000
26841 266997860397/250000000000
26843 265549210681/250000000000
26845 1033948593679/1000000000000
26847 517716181689/500000000000
26849 529948219337/500000000000
26851 1654315917/1562500000
26853 529097261277/500000000000
26855 528719172981/500000000000
26857 529890323971/500000000000
26859 521075211/488281250
26861 133201201707/125000000000
26863 532953565999/500000000000
26865 1059509925061/1000000000000
26867 265978993169/250000000000
26869 1064272235159/1000000000000
26871 106258249381/100000000000
26873 1057514116167/1000000000000
26875 212139215523/200000000000
26877 265605685411/250000000000
26879 13243087853/12500000000
26881 1060807610501/1000000000000
26883 1058496296251/1000000000000
26885 211302129959/200000000000
26887 211932052081/200000000000
26889 528762555463/500000000000
26891 1039046496831/1000000000000
26893 1054651732137/1000000000000
26895 259154945587/250000000000
26897 523132170239/500000000000
26899 1060308027897/1000000000000
26901 1067448953909/1000000000000
26903 1077597553781/1000000000000
26905 1040484309/976562500
26907 214315974923/200000000000
26909 207036056539/200000000000
26911 1028621575433/1000000000000
26913 64931947747/62500000000
26915 1034683434493/1000000000000
26917 1032231656323/1000000000000
26919 520229213479/500000000000
26921 1039825916199/1000000000000
26923 1049286205701/1000000000000
26925 1026378721299/1000000000000
26927 257510887693/250000000000
26929 260170224489/250000000000
26931 1039135092877/1000000000000
26933 524717514117/500000000000
26935 130089200671/125000000000
26937 1049280005001/1000000000000
26939 129452789733/125000000000
26941 527783529581/500000000000
26943 1040964728929/1000000000000
26945 264294368831/250000000000
26947 1036483195959/1000000000000
26949 1040551518007/1000000000000
26951 524547236781/500000000000
26953 262562413683/250000000000
26955 1068779229643/1000000000000
26957 1073188011331/1000000000000
26963 1012819806009/1000000000000
26965 31682814097/31250000000
26971 25682503863/25000000000
26973 128165759903/125000000000
26979 508474099651/500000000000
26981 1017396300043/1000000000000
26985 1022803083379/1000000000000
26987 1024047098009/1000000000000
26989 1017041446737/1000000000000
26991 206501165821/200000000000
26993 7996409237/7812500000
26995 7959299153/7812500000
26997 510068331583/500000000000
26999 1021110652787/1000000000000
27001 510016533093/500000000000
27003 1007480144257/1000000000000
27005 1012771343707/1000000000000
27007 1010262978941/1000000000000
27009 201621360757/200000000000
27011 511835371129/500000000000
27067 517665731231/500000000000
27069 1045273983967/1000000000000
27071 261051484797/250000000000
27073 8203252473/7812500000
27075 1057018092401/1000000000000
27077 1085450491171/1000000000000
27079 212180727109/200000000000
27081 1076515541159/1000000000000
27083 1054142402973/1000000000000
27085 528488852329/500000000000
27087 66366971273/62500000000
27089 1078714553671/1000000000000
27091 1039165336537/1000000000000
27093 212887133697/200000000000
27095 130406938229/125000000000
27097 526569451571/500000000000
27099 1077731521997/1000000000000
27101 136939167027/125000000000
27103 274008583239/250000000000
27105 1073883047749/1000000000000
27107 1076479750809/1000000000000
27109 539091661017/500000000000
27111 543026892271/500000000000
27113 271937754263/250000000000
27115 1093658437021/1000000000000
27117 1052071717893/1000000000000
27119 211886664111/200000000000
27121 131941605181/125000000000
27123 265065478711/250000000000
27125 1084144039417/1000000000000
27127 135341123247/125000000000
27129 1079624559697/1000000000000
27131 211718894249/200000000000
27133 270349697507/250000000000
27135 1100998254249/1000000000000
27137 274223987853/250000000000
27139 532234892341/500000000000
27141 211555846783/200000000000
27143 1055834091361/1000000000000
27145 1060398825371/1000000000000
27147 1061182105229/1000000000000
27149 134026532467/125000000000
27151 1062518140517/1000000000000
27153 259294592557/250000000000
27155 258023119071/250000000000
27157 1033747474931/1000000000000
27159 103984215949/100000000000
27161 530512732331/500000000000
27163 264665755843/250000000000
27165 1073742715459/1000000000000
27167 1068192435053/1000000000000
27169 266501631251/250000000000
27171 1057921963891/1000000000000
27173 65949177549/62500000000
27175 530177264143/500000000000
27177 533314569261/500000000000
27179 1064887544873/1000000000000
27181 537702051809/500000000000
27183 269776463659/250000000000
27185 52353879173/50000000000
27187 535983755707/500000000000
27189 270505402439/250000000000
27191 1072482938807/1000000000000
27193 1078363938157/1000000000000
27195 540791834837/500000000000
27197 52631806429/50000000000
27199 1037301372997/1000000000000
27201 1058922603639/1000000000000
27203 520489449879/500000000000
27205 1069026286701/1000000000000
27207 213434972541/200000000000
27209 1055047585133/1000000000000
27211 255884273901/250000000000
27213 505215053853/500000000000
27215 1028782892951/1000000000000
27217 1010334132477/1000000000000
27219 1035061407117/1000000000000
27221 519989429187/500000000000
27223 1058571742617/1000000000000
27225 210799526559/200000000000
27227 130577991843/125000000000
27229 1040936432547/1000000000000
27231 4257779929/4000000000
27233 528494020269/500000000000
27235 132241204103/125000000000
27237 265604215227/250000000000
27239 514476719363/500000000000
27241 255191637197/250000000000
27243 515791780803/500000000000
27245 1028957786447/1000000000000
27247 1047337512053/1000000000000
27249 1041984973457/1000000000000
27251 528294075657/500000000000
27253 1053346926599/1000000000000
27255 103463869129/100000000000
27257 206331551833/200000000000
27259 208570425763/200000000000
27261 1041174115937/1000000000000
27263 104619147539/100000000000
27265 523124682817/500000000000
27267 530908502773/500000000000
27269 212061517457/200000000000
27271 16177403623/15625000000
27273 503607562759/500000000000
27275 41084267001/40000000000
27277 101111203137/100000000000
27279 1026924028679/1000000000000
27281 1026944726957/1000000000000
27283 207453842283/200000000000
27285 260080060891/250000000000
27287 519511227073/500000000000
27289 1069276708079/1000000000000
27291 40749589121/40000000000
27293 1006737964293/1000000000000
27295 1019792317901/1000000000000
27297 252129118617/250000000000
27299 1032081744743/1000000000000
27301 1021762802211/1000000000000
27303 207095795881/200000000000
27305 512513904373/500000000000
27307 63233846933/62500000000
27309 507104699861/500000000000
27311 254420632121/250000000000
27313 40731318933/40000000000
27315 1018329812941/1000000000000
27317 5089058709/5000000000
27319 160881119/156250000
27321 31875028427/31250000000
27323 126945602547/125000000000
27325 51085724727/50000000000
27327 253796863413/250000000000
27329 1021194034073/1000000000000
27331 20440834479/20000000000
27333 1019333686363/1000000000000
27335 1024612745881/1000000000000
27337 127710258557/125000000000
27339 64243796019/62500000000
27341 511918769553/500000000000
27343 1033869769933/1000000000000
27345 128450625419/125000000000
27347 129153200063/125000000000
27349 1026007576371/1000000000000
27351 259096270047/250000000000
27353 1030759178133/1000000000000
27355 255642287169/250000000000
27357 20389197131/20000000000
27359 255530487429/250000000000
27361 1015216565013/1000000000000
27363 1027498357229/1000000000000
27365 207050460953/200000000000
27367 1029948936327/1000000000000
27369 1035466709111/1000000000000
27375 501499244133/500000000000
27377 1002409461063/1000000000000
27383 25186055923/25000000000
27385 1014492695579/1000000000000
27391 504085784007/500000000000
27393 1022326557527/1000000000000
27399 1011822930511/1000000000000
27401 252103882951/250000000000
27403 500852081131/500000000000
27405 251607081741/250000000000
27407 1009262716081/1000000000000
27409 1012318707023/1000000000000
27411 6307153743/6250000000
27413 1016686157757/1000000000000
27415 507417397749/500000000000
27417 253677343983/250000000000
27419 506048584003/500000000000
27421 40990770829/40000000000
27423 1018320717609/1000000000000
27425 1023006031143/1000000000000
27427 1012977133237/1000000000000
27429 50561443887/50000000000
27431 255487365833/250000000000
27433 506460766037/500000000000
27499 40444493611/40000000000
27501 40453769611/40000000000
27503 1007699542899/1000000000000
27505 504732022503/500000000000
27507 40365459381/40000000000
27509 1007474484527/1000000000000
27511 1003497861179/1000000000000
27513 1006835563559/1000000000000
27515 1001575393543/1000000000000
27517 1015324285963/1000000000000
27519 202269532523/200000000000
27521 1003333236969/1000000000000
27523 251944120759/250000000000
27525 999960467217/1000000000000
27527 126498461219/125000000000
27529 1007872906837/1000000000000
27531 1011323806837/1000000000000
27533 252853723341/250000000000
27535 1006375514323/1000000000000
27537 1017996806837/1000000000000
27539 126076489813/125000000000
27541 1006375514323/1000000000000
27543 1006375514323/1000000000000
27545 1006375514323/1000000000000
27547 1008911414323/1000000000000
27549 1008911414323/1000000000000
27551 1008911414323/1000000000000
27553 1008911414323/1000000000000
27555 202099883587/200000000000
27557 202148643587/200000000000
27559 202148643587/200000000000
27561 125850858827/125000000000
27563 201014038263/200000000000
27565 201521218263/200000000000
27567 1007099342463/1000000000000
27569 1007099342463/1000000000000
27571 1007099342463/1000000000000
27573 1009166945603/1000000000000
27575 251306019351/250000000000
27577 251306019351/250000000000
27579 251306019351/250000000000
27581 251306019351/250000000000
27583 503210171273/500000000000
27585 503210171273/500000000000
27587 503210171273/500000000000
27589 504338971273/500000000000
27591 126012779707/125000000000
27593 62891596877/62500000000
27595 63114546877/62500000000
27597 63114546877/62500000000
27599 257358139923/250000000000
27601 1029366376599/1000000000000
27603 1030296761799/1000000000000
27605 257518283873/250000000000
27607 1034832161799/1000000000000
27609 1032662715979/1000000000000
27611 1008118291129/1000000000000
27613 506510241083/500000000000
27615 1034336914793/1000000000000
27617 100864589113/100000000000
27619 10135708839/10000000000
27621 506903370917/500000000000
27623 1011019889049/1000000000000
27625 1010452512027/1000000000000
27627 1007001612027/1000000000000
27629 1009924712027/1000000000000
27631 1009658352927/1000000000000
27633 202381722457/200000000000
27635 505485882859/500000000000
27637 1009061429597/1000000000000
27639 1009061429597/1000000000000
27641 125370713507/125000000000
27643 1000167936733/1000000000000
27645 125370713507/125000000000
27647 1000167936733/1000000000000
27649 125370713507/125000000000
27651 500373178123/500000000000
27653 200322638227/200000000000
27655 500373178123/500000000000
27657 1000632059147/1000000000000
27659 1001796636733/1000000000000
27661 1000632059147/1000000000000
27663 1000437997909/1000000000000
27665 1000632059147/1000000000000
27667 100374229791/100000000000
27669 999960159147/1000000000000
27671 100374229791/100000000000
27673 200111581111/200000000000
27675 503239008711/500000000000
27677 200111581111/200000000000
27679 100739879791/100000000000
27681 250767445059/250000000000
27683 1006173171651/1000000000000
27685 250767445059/250000000000
27687 1008003980989/1000000000000
27689 502300938091/500000000000
27691 254615304169/250000000000
27693 1025131097509/1000000000000
27695 102552288357/100000000000
27697 251878913923/250000000000
27699 1006439872009/1000000000000
27701 252428979217/250000000000
27703 125403033509/125000000000
27705 1002304848707/1000000000000
27707 125403033509/125000000000
27709 1001351960549/1000000000000
27711 1002933899373/1000000000000
27713 1000069125499/1000000000000
27715 1002933899373/1000000000000
27717 62500345131/62500000000
27719 1003978962527/1000000000000
27721 1001351960549/1000000000000
27723 1003033199031/1000000000000
27725 501487530273/500000000000
27727 100060089937/100000000000
27729 62607163881/62500000000
27731 1001857160549/1000000000000
27733 1004524330183/1000000000000
27737 7975929191/7812500000
27739 1001729723263/1000000000000
27741 1001729723263/1000000000000
27743 1001729723263/1000000000000
27745 500124582391/500000000000
27747 500124582391/500000000000
27749 500124582391/500000000000
27751 1001867298121/1000000000000
27753 500835137177/500000000000
27755 500835137177/500000000000
27757 500781325503/500000000000
27759 500781325503/500000000000
27761 200611475301/200000000000
27763 125620534611/125000000000
27765 252296763343/250000000000
27767 1007061725499/1000000000000
27769 63052645131/62500000000
27781 1005099222797/1000000000000
27783 1003305136823/1000000000000
27785 1003305136823/1000000000000
27787 1003305136823/1000000000000
27789 1003305136823/1000000000000
27791 1003305136823/1000000000000
27793 125447168431/125000000000
27795 125447168431/125000000000
27797 125447168431/125000000000
27799 500955496023/500000000000
27801 500955496023/500000000000
27839 42971980657/40000000000
27841 54141470021/50000000000
27843 107811953761/100000000000
27845 128752085617/125000000000
27847 261795458659/250000000000
27849 1045747037559/1000000000000
27851 133536292883/125000000000
27853 127106281187/125000000000
27855 130322277517/125000000000
27857 132501991409/125000000000
27859 13444190503/12500000000
27861 1061364307377/1000000000000
27863 42792325343/40000000000
27865 1065983291171/1000000000000
27867 1091213353591/1000000000000
27869 10551635177/10000000000
27871 138464256551/125000000000
27877 252033247219/250000000000
27879 25448523357/25000000000
27885 1015678594263/1000000000000
27891 255161924249/250000000000
27893 1039756880437/1000000000000
27897 204026706931/200000000000
27899 1025954680903/1000000000000
27901 506776425687/500000000000
27903 255870520423/250000000000
27905 507153764581/500000000000
27907 1002514198803/1000000000000
27909 1033819655393/1000000000000
27911 525089440583/500000000000
27913 64675950969/62500000000
27971 226114787221/200000000000
27973 281270963507/250000000000
27975 1075633732783/1000000000000
27977 1152135104517/1000000000000
27979 35896532179/31250000000
27981 1103410760433/1000000000000
27983 534352079483/500000000000
27985 261385200531/250000000000
27987 268878293069/250000000000
27989 1055513284073/1000000000000
27991 1120170966113/1000000000000
27993 1109099748929/1000000000000
27995 1149502124487/1000000000000
27997 229294151491/200000000000
27999 142414029/125000000
28001 1092989929407/1000000000000
28003 1020576220001/1000000000000
28005 1020824235931/1000000000000
28007 510698742351/500000000000
28009 204811927379/200000000000
28011 1039634057553/1000000000000
28013 1093848563937/1000000000000
28015 1045388842011/1000000000000
28017 515755250343/500000000000
28019 8460764173/7812500000
28021 104030960177/100000000000
28023 1039472367449/1000000000000
28025 68000239717/62500000000
28027 136281535591/125000000000
28029 256780499389/250000000000
28031 509784960547/500000000000
28033 128855141617/125000000000
28035 63667332531/62500000000
28037 1026633555547/1000000000000
28039 1055406341851/1000000000000
28041 513531721039/500000000000
28043 269129074843/250000000000
28045 203652117549/200000000000
28047 13217892611/12500000000
28049 1019404049827/1000000000000
28051 266377896137/250000000000
28053 265396314279/250000000000
28055 1061384540249/1000000000000
28057 33873587721/31250000000
28059 1027812184689/1000000000000
28061 101261330687/100000000000
28063 1024860580261/1000000000000
28065 1015538980841/1000000000000
28067 1021448161839/1000000000000
28069 1049152913119/1000000000000
28071 10271916289/10000000000
28073 106341854499/100000000000
28075 505142365841/500000000000
28077 1059269367421/1000000000000
28079 1020416528319/1000000000000
28081 1066823380869/1000000000000
28083 1095977142583/1000000000000
28089 51382742731/50000000000
28091 51759317399/50000000000
28097 1019780982609/1000000000000
28099 1012129708053/1000000000000
28105 1019303375829/1000000000000
28107 63601440437/62500000000
28113 514529839641/500000000000
28115 509114381383/500000000000
28117 1032048650789/1000000000000
28119 128634936819/125000000000
28121 1035288094151/1000000000000
28123 1026513647389/1000000000000
28125 31854061609/31250000000
28127 254401296077/250000000000
28129 1023375314079/1000000000000
28131 1022656832859/1000000000000
28133 101950550743/100000000000
28135 1019849642809/1000000000000
28137 1012735300717/1000000000000
28139 1011133898919/1000000000000
28141 260848593543/250000000000
28143 256749984899/250000000000
28145 262986581481/250000000000
28147 103078167611/100000000000
28213 252565419233/250000000000
28215 1058777317319/1000000000000
28217 63994592103/62500000000
28219 103432553121/100000000000
28221 50936934693/50000000000
28223 129871980467/125000000000
28225 105358829201/100000000000
28227 525028488587/500000000000
28229 207065744883/200000000000
28231 1039953306747/1000000000000
28233 1024397887899/1000000000000
28235 130870159859/125000000000
28237 1024592138317/1000000000000
28239 1037310607019/1000000000000
28241 1025558177373/1000000000000
28243 256408035951/250000000000
28245 1020372238011/1000000000000
28247 1019067979789/1000000000000
28249 1013006209939/1000000000000
28251 43085547569/40000000000
28253 1047749208889/1000000000000
28255 1045202582067/1000000000000
28257 102249844611/100000000000
28259 1032590848601/1000000000000
28261 508643536837/500000000000
28263 526272643611/500000000000
28265 103148734841/100000000000
28267 1022655137209/1000000000000
28269 253831630379/250000000000
28271 255797880489/250000000000
28273 260052661793/250000000000
28275 535110323161/500000000000
28277 1068669176809/1000000000000
28279 265162766311/250000000000
28281 518334250631/500000000000
28283 1021837661449/1000000000000
28285 1039795238889/1000000000000
28287 1069335227153/1000000000000
28289 8286129759/7812500000
28291 1066889700473/1000000000000
28293 269165096387/250000000000
28295 1061008272853/1000000000000
28297 540589487153/500000000000
28299 52835419589/50000000000
28301 257772223029/250000000000
28303 257371077313/250000000000
28305 1041461354513/1000000000000
28307 1035676006519/1000000000000
28309 1032612426377/1000000000000
28311 206163041371/200000000000
28313 535715975231/500000000000
28315 1032229355397/1000000000000
28317 519202887983/500000000000
28319 1038466422911/1000000000000
28321 516861674701/500000000000
28323 5264081393/5000000000
28325 1025857121387/1000000000000
28327 26074903113/25000000000
28329 264841964267/250000000000
28331 209302502779/200000000000
28333 530263462387/500000000000
28335 1030165756839/1000000000000
28337 25391455069/25000000000
28339 257643582659/250000000000
28341 1027742921931/1000000000000
28343 201629641641/200000000000
28345 1025242870677/1000000000000
28347 505238370391/500000000000
28349 1042502033373/1000000000000
28351 261321947893/250000000000
28353 209184563323/200000000000
28355 125505162933/125000000000
28357 255097064703/250000000000
28359 1005098628069/1000000000000
28361 1059645776681/1000000000000
28363 1032865614961/1000000000000
28365 526372675573/500000000000
28367 1022591513719/1000000000000
28369 202751303731/200000000000
28371 1024473333951/1000000000000
28373 515584315217/500000000000
28375 527714383697/500000000000
28377 1069143384159/1000000000000
28379 1061129041883/1000000000000
28381 522167008463/500000000000
28383 53828743083/50000000000
28385 509644528819/500000000000
28387 1018534160157/1000000000000
28389 127681896283/125000000000
28391 6348351981/6250000000
28393 257784396503/250000000000
28395 127414244563/125000000000
28397 513399636941/500000000000
28399 20373410437/20000000000
28401 40632043391/40000000000
28403 1007562519187/1000000000000
28405 1010852406041/1000000000000
28407 1014833952463/1000000000000
28409 502317641377/500000000000
28411 507021655817/500000000000
28413 200005780081/200000000000
28415 1021933033277/1000000000000
28417 126610092547/125000000000
28419 1023896008997/1000000000000
28421 513327966257/500000000000
28423 512172627661/500000000000
28425 101378299033/100000000000
28427 102056114781/100000000000
28429 505845182367/500000000000
28431 128045632799/125000000000
28433 40398863739/40000000000
28435 15813460153/15625000000
28437 1026331915357/1000000000000
28439 1000401489973/1000000000000
28441 31468267237/31250000000
28443 1002887968179/1000000000000
28445 512453377311/500000000000
28451 514035669979/500000000000
28453 1021672889659/1000000000000
28459 257449359927/250000000000
28461 10298810359/10000000000
28467 1020817454441/1000000000000
28469 127791602659/125000000000
28475 102971268533/100000000000
28477 1010692097319/1000000000000
28479 1024759019563/1000000000000
28481 1020295265889/1000000000000
28483 20459838039/20000000000
28485 511130475843/500000000000
28487 1029919621999/1000000000000
28489 516472132571/500000000000
28491 1032265777131/1000000000000
28493 1029266056259/1000000000000
28495 204022664621/200000000000
28497 1018602912767/1000000000000
28499 1021021523189/1000000000000
28501 1015157177353/1000000000000
28503 128361597557/125000000000
28505 504369448437/500000000000
28507 202871952249/200000000000
28509 1008088108187/1000000000000
28575 102430826193/100000000000
28577 1050076425199/1000000000000
28579 1057767397611/1000000000000
28581 1047723160743/1000000000000
28583 208055579309/200000000000
28585 1030994734767/1000000000000
28587 262027909057/250000000000
28589 521164449767/500000000000
28591 132074632063/125000000000
28593 263585189549/250000000000
28595 52405120111/50000000000
28597 105888481331/100000000000
28599 1081282090839/1000000000000
28601 1068526677213/1000000000000
28603 522042888771/500000000000
28605 66637650523/62500000000
28607 1064983912571/1000000000000
28609 209432282897/200000000000
28611 531495304463/500000000000
28613 8461521219/8000000000
28615 128840329869/125000000000
28617 1035623552037/1000000000000
28619 1030536574663/1000000000000
28621 528614880219/500000000000
28623 255816258389/250000000000
28625 1028297753961/1000000000000
28627 1036942667783/1000000000000
28633 1024386648377/1000000000000
28635 12752403913/12500000000
28641 1017934211399/1000000000000
28643 1024305039977/1000000000000
28645 1049662267097/1000000000000
28651 1021020285603/1000000000000
28653 102556530271/100000000000
28655 1032087645191/1000000000000
28657 205959982299/200000000000
28659 102300809091/100000000000
28661 101964853111/100000000000
28663 1021142457697/1000000000000
28665 1015352276313/1000000000000
28667 203406176597/200000000000
28669 40704950039/40000000000
28731 4110563819/4000000000
28733 511850462897/500000000000
28735 1034400378011/1000000000000
28737 508748558523/500000000000
28739 1052820910391/1000000000000
28741 254115839123/250000000000
28743 105292131897/100000000000
28745 50918766327/50000000000
28747 256682966759/250000000000
28749 65658184591/62500000000
28751 1019781219521/1000000000000
28753 1013335132353/1000000000000
28755 508441392539/500000000000
28761 1027802718951/1000000000000
28763 539406599441/500000000000
28765 203123078359/200000000000
28767 52077836097/50000000000
28787 519452904503/500000000000
28789 132390263113/125000000000
28791 1058920817271/1000000000000
28795 32293036843/31250000000
28797 1077018889267/1000000000000
28799 536904405481/500000000000
28801 1062306331593/1000000000000
28805 1033948593679/1000000000000
28811 1038277302641/1000000000000
28813 131589754243/125000000000
28815 51421861759/50000000000
28817 203908414079/200000000000
28819 1039694567801/1000000000000
28821 1042377764443/1000000000000
28823 1052627496501/1000000000000
28825 6378763387/6250000000
28827 1053823617391/1000000000000
28829 1043729002059/1000000000000
28831 65865751417/62500000000
28833 1052045939959/1000000000000
28835 104583181559/100000000000
28837 1052062717107/1000000000000
28839 1042891381759/1000000000000
28841 1032029670907/1000000000000
28843 206935165603/200000000000
28845 1046162505461/1000000000000
28847 523712000683/500000000000
28849 265088727533/250000000000
28851 1052256932459/1000000000000
28855 1040405426349/1000000000000
28861 104256877329/100000000000
28865 208323265573/200000000000
28867 1087742456071/1000000000000
28869 1049396263307/1000000000000
28871 103661993199/100000000000
28873 1048911300521/1000000000000
28875 133627241183/125000000000
28877 540150792033/500000000000
28879 106951942353/100000000000
28881 212990471513/200000000000
28883 42311156357/40000000000
28915 534400586853/500000000000
28917 103615568567/100000000000
28919 105887146113/100000000000
28921 523793284241/500000000000
28923 133205067043/125000000000
28925 512841858933/500000000000
28927 519308575553/500000000000
28929 532996815151/500000000000
28931 215351023051/200000000000
28933 1071875181383/1000000000000
28935 265305255597/250000000000
28937 216068024461/200000000000
28939 134688120419/125000000000
28941 51515476717/50000000000
28943 1030822309259/1000000000000
28945 514417978629/500000000000
28947 51831417991/50000000000
28949 500146305853/500000000000
28951 100825103423/100000000000
28953 1566453951/1562500000
28955 1010616942431/1000000000000
28957 1028811244959/1000000000000
28959 520392385233/500000000000
28961 51859267923/50000000000
28963 1047920724833/1000000000000
28965 1025519907671/1000000000000
28967 1029582922149/1000000000000
28969 1030699745167/1000000000000
28971 208240012157/200000000000
28973 259519234971/250000000000
28975 1048760221279/1000000000000
28977 129910811141/125000000000
28979 525783241331/500000000000
28981 1005144801747/1000000000000
28983 1010146624953/1000000000000
28985 505473231037/500000000000
28987 51354066033/50000000000
28989 1047111308657/1000000000000
28991 3302191903/3125000000
28993 1058859141787/1000000000000
28995 533439580723/500000000000
28997 1040335013259/1000000000000
28999 131174294877/125000000000
29001 20933119783/20000000000
29003 507992301/500000000
29005 127952486477/125000000000
29007 507941893649/500000000000
29009 1029755091307/1000000000000
29011 50636141383/50000000000
29013 202243511357/200000000000
29015 201832299111/200000000000
29017 201508709863/200000000000
29019 517006410147/500000000000
29021 258302156297/250000000000
29023 12944777151/12500000000
29025 517916003081/500000000000
29027 1012431111941/1000000000000
29029 1031940598563/1000000000000
29031 253039677749/250000000000
29033 1026903151491/1000000000000
29035 12760449903/12500000000
29037 256864569037/250000000000
29039 1024981840629/1000000000000
29041 16040214889/15625000000
29043 500838352201/500000000000
29045 1013464896233/1000000000000
29047 62519724921/62500000000
29049 1008518666161/1000000000000
29051 1033168629301/1000000000000
29053 64989316411/62500000000
29055 1032310842153/1000000000000
29057 52054896197/50000000000
29059 509042434377/500000000000
29061 255314721577/250000000000
29063 509459735501/500000000000
29065 1021415332889/1000000000000
29071 254770275219/250000000000
29073 507875290447/500000000000
29079 1028105685911/1000000000000
29081 206646322609/200000000000
29087 10183990137/10000000000
29089 1024035014691/1000000000000
29095 515380750601/500000000000
29097 1018527697097/1000000000000
29099 1017003796691/1000000000000
29101 1016899981897/1000000000000
29103 15884011233/15625000000
29105 1024918054233/1000000000000
29107 511236083053/500000000000
29109 1024849041743/1000000000000
29111 1019439226131/1000000000000
29113 254957213911/250000000000
29115 1024585952923/1000000000000
29117 1029828342961/1000000000000
29119 514908994617/500000000000
29121 32142295149/31250000000
29123 128503445573/125000000000
29125 205070156607/200000000000
29127 32001154191/31250000000
29129 515563820321/500000000000
29195 1084432330761/1000000000000
29197 106761636033/100000000000
29199 1084583229247/1000000000000
29201 537246119481/500000000000
29203 212939460241/200000000000
29205 265064418409/250000000000
29207 26647616773/25000000000
29209 532870249061/500000000000
29211 213831729989/200000000000
29213 271050814921/250000000000
29215 211006458187/200000000000
29217 33111488943/31250000000
29219 66508367007/62500000000
29221 529220618803/500000000000
29223 52661307231/50000000000
29225 545264665201/500000000000
29227 217945242801/200000000000
29229 522192237771/500000000000
29231 1041230863097/1000000000000
29233 1042693813531/1000000000000
29235 519386767439/500000000000
29237 1068828809037/1000000000000
29239 66511845187/62500000000
29241 53046761899/50000000000
29243 1057568410109/1000000000000
29245 1051419602743/1000000000000
29247 26390840689/25000000000
29249 65846585903/62500000000
29251 1078786627021/1000000000000
29253 520691110711/500000000000
29255 1031980651581/1000000000000
29257 1045809540703/1000000000000
29259 518980112113/500000000000
29261 530831692849/500000000000
29263 530730067799/500000000000
29265 1091155414893/1000000000000
29267 851822323/800000000
29269 1067281216673/1000000000000
29271 1067542302479/1000000000000
29273 531576366361/500000000000
29275 1090464793133/1000000000000
29277 27125663781/25000000000
29279 1076529143647/1000000000000
29281 134798388859/125000000000
29283 1078603935849/1000000000000
29285 132897779657/125000000000
29287 1060129280613/1000000000000
29289 1077528656181/1000000000000
29291 107193658679/100000000000
29293 268862577737/250000000000
29295 1065611979177/1000000000000
29297 21549116117/20000000000
29299 65452929663/62500000000
29301 265389404833/250000000000
29303 529520768181/500000000000
29305 536365023569/500000000000
29307 1027712948567/1000000000000
29309 1027564560101/1000000000000
29311 102952056727/100000000000
29313 1041519063437/1000000000000
29315 256358171167/250000000000
29317 207526762687/200000000000
29319 1031182817103/1000000000000
29321 1038880076351/1000000000000
29323 1041448865253/1000000000000
29325 26192161093/25000000000
29327 526722070697/500000000000
29329 105198982219/100000000000
29331 1046308383777/1000000000000
29333 1057064152319/1000000000000
29335 528408196637/500000000000
29337 1038947719511/1000000000000
29339 65077600417/62500000000
29341 1053952268111/1000000000000
29343 211913432433/200000000000
29345 515777454609/500000000000
29347 262506972321/250000000000
29349 1041666522477/1000000000000
29351 21108289919/20000000000
29353 210542946631/200000000000
29355 1063119352553/1000000000000
29357 264421261783/250000000000
29359 213497196531/200000000000
29361 511440836293/500000000000
29363 509329225483/500000000000
29365 256423464181/250000000000
29367 1017970962753/1000000000000
29369 508349648503/500000000000
29371 1023289866883/1000000000000
29373 1017977944069/1000000000000
29375 514527457717/500000000000
29377 506157971861/500000000000
29379 1011809617571/1000000000000
29381 203192697041/200000000000
29383 1021768361269/1000000000000
29385 25675279009/25000000000
29387 1031976618829/1000000000000
29389 518409947171/500000000000
29391 517723808229/500000000000
29393 512263834731/500000000000
29395 1020682907593/1000000000000
29397 1026276470597/1000000000000
29399 512474729159/500000000000
29401 1020577943747/1000000000000
29403 25915696733/25000000000
29405 63784910029/62500000000
29407 1038582208531/1000000000000
29409 1021537784771/1000000000000
29411 1028422206139/1000000000000
29413 1029184674767/1000000000000
29415 259079095369/250000000000
29417 1040025005751/1000000000000
29419 1040384390219/1000000000000
29421 261242721453/250000000000
29423 1045077999449/1000000000000
29429 1014635125843/1000000000000
29431 1011577374077/1000000000000
29437 1017744037851/1000000000000
29439 507518453589/500000000000
29445 1003477127491/1000000000000
29447 1005448276431/1000000000000
29453 1010216747479/1000000000000
29455 1013940055333/1000000000000
29457 254781518403/250000000000
29459 1012574342083/1000000000000
29461 1017888173203/1000000000000
29463 1016937309421/1000000000000
29465 1017565795777/1000000000000
29467 1017378452461/1000000000000
29469 509708727019/500000000000
29471 1020570464989/1000000000000
29473 161050343/160000000
29475 1004058926469/1000000000000
29477 1005360013809/1000000000000
29479 251411861691/250000000000
29481 126770871337/125000000000
29483 1021406940477/1000000000000
29485 51158627549/50000000000
29487 41103908613/40000000000
29553 125492397909/125000000000
29555 503168135407/500000000000
29557 503468007657/500000000000
29559 503468007657/500000000000
29561 503468007657/500000000000
29563 503468007657/500000000000
29565 503468007657/500000000000
29567 1002696060619/1000000000000
29569 1002900288177/1000000000000
29571 503155071839/500000000000
29573 125110092639/125000000000
29575 125026012607/125000000000
29577 501357127689/500000000000
29579 501357127689/500000000000
29581 100044239717/100000000000
29583 1000168415819/1000000000000
29585 1000168415819/1000000000000
29587 500208135017/500000000000
29589 500208135017/500000000000
29591 1002437622217/1000000000000
29593 1002437622217/1000000000000
29595 1002696060619/1000000000000
29597 1002696060619/1000000000000
29599 1002696060619/1000000000000
29601 1002696060619/1000000000000
29603 1002696060619/1000000000000
29605 512290926949/500000000000
29607 1022584774613/1000000000000
29609 64154965553/62500000000
29611 1008568235107/1000000000000
29613 1009974258001/1000000000000
29615 1009974258001/1000000000000
29617 201644348303/200000000000
29619 125822227969/125000000000
29621 1006686818973/1000000000000
29623 201052404517/200000000000
29625 62966561659/62500000000
29627 200814057309/200000000000
29629 200814057309/200000000000
29631 1003342403359/1000000000000
29633 1003342403359/1000000000000
29635 1003342403359/1000000000000
29637 502072453429/500000000000
29639 501693447817/500000000000
29641 501819892943/500000000000
29643 502249582863/500000000000
29645 1007640457107/1000000000000
29647 100805486323/100000000000
29649 504293877873/500000000000
29651 1022059386667/1000000000000
29653 502991082261/500000000000
29655 510403089331/500000000000
29657 10056166219/10000000000
29659 253113635761/250000000000
29661 1017253002929/1000000000000
29663 1005674975431/1000000000000
29665 1014465654121/1000000000000
29667 508194840929/500000000000
29669 1005674975431/1000000000000
29671 20330220529/20000000000
29673 101376456593/100000000000
29675 1005674975431/1000000000000
29677 1010248053141/1000000000000
29679 1005674975431/1000000000000
29681 25153466639/25000000000
29683 1005674975431/1000000000000
29685 100803626051/100000000000
29687 1008568235107/1000000000000
29689 62908608377/62500000000
29691 501613834291/500000000000
29693 1006043503471/1000000000000
29695 1006368959963/1000000000000
29699 1011571479361/1000000000000
29701 502822865253/500000000000
29703 500176888239/500000000000
29705 250895372189/250000000000
29707 500176888239/500000000000
29709 500176888239/500000000000
29711 132216668783/125000000000
29713 132216668783/125000000000
29715 1033273763929/1000000000000
29717 1031398567069/1000000000000
29727 1091768524411/1000000000000
29729 1087316041753/1000000000000
29731 125731150083/125000000000
29733 507312031247/500000000000
29735 1007711497163/1000000000000
29737 250892556039/250000000000
29739 501506820873/500000000000
29761 1113530266227/1000000000000
29763 526515451473/500000000000
29765 1085078091153/1000000000000
29767 212505788831/200000000000
29769 66036968353/62500000000
29773 216986749033/200000000000
29775 502705659177/500000000000
29777 41963491951/40000000000
29779 501314519011/500000000000
29781 105567307199/100000000000
29783 26707239847/25000000000
29785 1059359469187/1000000000000
29787 130948610303/125000000000
29789 1061270510263/1000000000000
29791 251025826773/250000000000
29793 20734877037/20000000000
29795 1007449761103/1000000000000
29797 208136961473/200000000000
29799 1026967297987/1000000000000
29801 1021832146409/1000000000000
29803 517560707821/500000000000
29805 518677805239/500000000000
29807 1021850734327/1000000000000
29809 508478064791/500000000000
29811 1055538722853/1000000000000
29813 503339529843/500000000000
29815 260645015517/250000000000
29817 100614567183/100000000000
29819 130314270787/125000000000
29821 520079761973/500000000000
29823 1048757263991/1000000000000
29825 8375939911/8000000000
29827 132103031431/125000000000
29829 1037052645691/1000000000000
29831 211226822647/200000000000
29833 1063720381131/1000000000000
29839 1010661632729/1000000000000
29841 1011650154639/1000000000000
29847 1030635158461/1000000000000
29853 1012998984607/1000000000000
29855 509312548877/500000000000
29857 1060932843539/1000000000000
29859 31999978543/31250000000
29861 1016769816973/1000000000000
29863 512833057253/500000000000
29865 1016337164963/1000000000000
29867 202469000799/200000000000
29869 526943040427/500000000000
29871 7928821491/7812500000
29873 1041591109311/1000000000000
29875 1028974254579/1000000000000
29877 201467518447/200000000000
29879 127174303309/125000000000
29881 1051891615497/1000000000000
29931 1013978917117/1000000000000
29933 1060372171683/1000000000000
29935 1013572751963/1000000000000
29937 1009005827243/1000000000000
29939 20788772441/20000000000
29941 100731951739/100000000000
29943 1012811851263/1000000000000
29945 1004913414411/1000000000000
29947 10231126327/10000000000
29949 501836799629/500000000000
29951 1060252525909/1000000000000
29953 201623351623/200000000000
29955 1044990641319/1000000000000
29957 276494755293/250000000000
29959 1091759234889/1000000000000
29961 502163486703/500000000000
29963 258538542889/250000000000
29965 500148848397/500000000000
29967 537836682101/500000000000
29969 511825163419/500000000000
29971 1049028542613/1000000000000
29973 1035836014501/1000000000000
29975 1013915410847/1000000000000
29977 1027600576561/1000000000000
29979 31529669763/31250000000
29981 500023428853/500000000000
29983 505724634083/500000000000
29985 500218949407/500000000000
29987 50061984631/50000000000
29989 1011107917231/1000000000000
29991 1056827927023/1000000000000
29993 254860274583/250000000000
29995 33215663529/31250000000
29997 520088749677/500000000000
29999 1054678421361/1000000000000
30001 1042201128857/1000000000000
30003 1051271735799/1000000000000
30005 101728172959/100000000000
30007 520500557669/500000000000
30009 1019036719793/1000000000000
30011 200134808641/200000000000
30013 500448145573/500000000000
30015 20003244097/20000000000
30017 15721369807/15625000000
30019 1021630471511/1000000000000
30021 1071443750797/1000000000000
30023 1031716257689/1000000000000
30025 272056489671/250000000000
30027 1045566777361/1000000000000
30029 529363859243/500000000000
30031 211851747393/200000000000
30033 260263220557/250000000000
30035 1056723692833/1000000000000
30037 41358809373/40000000000
30039 1010401666899/1000000000000
30041 1018247746401/1000000000000
30043 40341487329/40000000000
30045 101285565051/100000000000
30047 40867155691/40000000000
30049 515967908373/500000000000
30051 128464858611/125000000000
30053 1034981317131/1000000000000
30055 516536565293/500000000000
30057 1013921231911/1000000000000
30059 129110280231/125000000000
30061 51625202191/50000000000
30063 26290626907/25000000000
30065 102123260733/100000000000
30067 521400161721/500000000000
30069 63702647399/62500000000
30071 250709134819/250000000000
30073 63415562739/62500000000
30075 40153679487/40000000000
30077 1012598017263/1000000000000
30079 513467667947/500000000000
30081 1050114246979/1000000000000
30083 256910340699/250000000000
30085 131299760689/125000000000
30087 1031229567963/1000000000000
30089 1031012932039/1000000000000
30091 1038457321449/1000000000000
30093 1039954179713/1000000000000
30099 1061437407219/1000000000000
30101 1035687752017/1000000000000
30107 1012298284841/1000000000000
30109 103324418057/100000000000
30115 102971116543/100000000000
30117 41176807253/40000000000
30123 251148531461/250000000000
30125 1005363484321/1000000000000
30127 213576929033/200000000000
30129 1041958974049/1000000000000
30131 1062439265167/1000000000000
30133 1046194755437/1000000000000
30135 203075791601/200000000000
30137 1032963990737/1000000000000
30139 1013645798853/1000000000000
30141 1023936231261/1000000000000
30143 513639503357/500000000000
30145 102967892177/100000000000
30147 1026395694729/1000000000000
30149 1030249900223/1000000000000
30151 126841766429/125000000000
30153 500470715949/500000000000
30155 252232493677/250000000000
30157 250978238173/250000000000
30223 56102597199/50000000000
30225 45654778583/40000000000
30227 1107505288703/1000000000000
30229 1160172078749/1000000000000
30231 1157861712907/1000000000000
30233 139287414949/125000000000
30235 135281183121/125000000000
30237 206843101229/200000000000
30239 135691465803/125000000000
30241 1059155257339/1000000000000
30243 1004304638891/1000000000000
30245 505574908391/500000000000
30247 8218545213/8000000000
30249 1091559829897/1000000000000
30251 283710157553/250000000000
30253 1131505485089/1000000000000
30255 570242546727/500000000000
30257 571391119411/500000000000
30259 6327720637/6250000000
30261 501469191841/500000000000
30263 1008753205603/1000000000000
30265 125422650197/125000000000
30267 205224499283/200000000000
30269 1016627368633/1000000000000
30271 101814986291/100000000000
30273 1019899691091/1000000000000
30275 1003854345347/1000000000000
30277 1024470164493/1000000000000
30279 135478164279/125000000000
30281 200600437523/200000000000
30283 15674472951/15625000000
30285 1000070376157/1000000000000
30287 1065043341819/1000000000000
30289 506309693241/500000000000
30291 1115202088469/1000000000000
30293 506157229797/500000000000
30295 27705947339/25000000000
30297 266410565377/250000000000
30299 541741452063/500000000000
30301 531604203987/500000000000
30303 1057192156973/1000000000000
30305 2076294979/2000000000
30307 107015080893/100000000000
30309 524415050087/500000000000
30311 1033003739367/1000000000000
30313 256989407689/250000000000
30315 1031850947769/1000000000000
30317 519972582673/500000000000
30319 1049614402489/1000000000000
30321 553142446557/500000000000
30323 263687969227/250000000000
30325 528947338341/500000000000
30327 102139632449/100000000000
30329 1029056827999/1000000000000
30331 50475351231/50000000000
30333 52860810307/50000000000
30335 209173662451/200000000000
30337 103764686489/100000000000
30339 64011933159/62500000000
30341 1020540623061/1000000000000
30343 131146087793/125000000000
30345 31594954641/31250000000
30347 13429566793/12500000000
30349 1070007119747/1000000000000
30351 1112059046751/1000000000000
30353 1099161074467/1000000000000
30355 216380101667/200000000000
30357 216301558049/200000000000
30359 262974186753/250000000000
30361 267376153931/250000000000
30363 103949315789/100000000000
30365 211870119041/200000000000
30367 258166751177/250000000000
30369 1035698333417/1000000000000
30371 1020048642423/1000000000000
30373 102880858817/100000000000
30375 1028883031621/1000000000000
30377 1089308542521/1000000000000
30379 27756270241/25000000000
30381 542433519981/500000000000
30383 10750532053/10000000000
30385 1094316814279/1000000000000
30387 134592141647/125000000000
30389 212193954811/200000000000
30391 207062405111/200000000000
30393 1051497520553/1000000000000
30395 1035678834699/1000000000000
30397 41716348429/40000000000
30399 514685340969/500000000000
30401 1038868980053/1000000000000
30403 257246137139/250000000000
30405 545059298863/500000000000
30407 218070762931/200000000000
30409 53254005041/50000000000
30411 1081087011471/1000000000000
30413 1059488895179/1000000000000
30415 10427105957/10000000000
30417 533224352823/500000000000
30419 520880788453/500000000000
30421 213551250091/200000000000
30423 206450675119/200000000000
30425 1058976118583/1000000000000
30427 206279013111/200000000000
30429 557591121099/500000000000
30431 1089982155923/1000000000000
30433 544584441469/500000000000
30435 1072022895241/1000000000000
30437 536060125341/500000000000
30439 1061449687491/1000000000000
30441 521335323279/500000000000
30443 532211438401/500000000000
30445 522474820227/500000000000
30447 259582721209/250000000000
30449 101673155993/100000000000
30451 207752327583/200000000000
30453 1019395138463/1000000000000
30455 1083609247447/1000000000000
30461 539741414009/500000000000
30463 13388766381/12500000000
30469 265657637619/250000000000
30471 1037730676363/1000000000000
30477 66155378337/62500000000
30479 1021841723557/1000000000000
30481 217612638013/200000000000
30483 54122351539/50000000000
30485 541703515281/500000000000
30487 539107272833/500000000000
30489 1056808778059/1000000000000
30491 1038092591253/1000000000000
30493 105747396597/100000000000
30495 1043296456407/1000000000000
30497 66486752639/62500000000
30499 51907706237/50000000000
30501 266833384069/250000000000
30503 258937506957/250000000000
30555 511064769287/500000000000
30557 1020941191517/1000000000000
30559 1028259989041/1000000000000
30561 101372756679/100000000000
30563 128209307137/125000000000
30565 1046064029507/1000000000000
30567 1050107922417/1000000000000
30569 1042334924407/1000000000000
30571 42231931323/40000000000
30573 1013711656061/1000000000000
30575 256679286989/250000000000
30577 1015136703259/1000000000000
30579 207178311989/200000000000
30581 519677955669/500000000000
30583 500193147133/500000000000
30585 250163722681/250000000000
30587 40016960023/40000000000
30589 1015981555897/1000000000000
30591 1000507030461/1000000000000
30593 1015238895113/1000000000000
30595 251437377899/250000000000
30597 1031466046687/1000000000000
30599 103630260421/100000000000
30601 1031003348993/1000000000000
30603 129651390587/125000000000
30605 536145622623/500000000000
30607 506259376717/500000000000
30609 1018450176827/1000000000000
30611 508612581137/500000000000
30613 129714162789/125000000000
30615 1055123956541/1000000000000
30617 544537615129/500000000000
30619 1099311207071/1000000000000
30621 1041887194369/1000000000000
30623 1044918370443/1000000000000
30625 132977730821/125000000000
30627 27557572777/25000000000
30629 1095810007089/1000000000000
30631 1024750178881/1000000000000
30633 1000376015447/1000000000000
30635 251729749997/250000000000
30637 250115218679/250000000000
30639 254276771143/250000000000
30641 1000371712791/1000000000000
30643 1001534957351/1000000000000
30645 8003634989/8000000000
30647 500024041069/500000000000
30649 1001263874683/1000000000000
30651 1001062038291/1000000000000
30653 1025356538149/1000000000000
30655 50101879131/50000000000
30657 6464384647/6250000000
30659 250380293161/250000000000
30661 1001760700309/1000000000000
30663 1000476803917/1000000000000
30665 1002886864333/1000000000000
30667 200258093557/200000000000
30669 1003182803119/1000000000000
30671 125131894083/125000000000
30673 1001068549869/1000000000000
30675 250970448883/250000000000
30677 100096712543/100000000000
30679 12547391659/12500000000
30681 520049173569/500000000000
30683 1003913398943/1000000000000
30685 506134793869/500000000000
30687 1020545100863/1000000000000
30689 252986731487/250000000000
30691 1012793497657/1000000000000
30693 532477832409/500000000000
30695 519077257619/500000000000
30697 105362160677/100000000000
30699 1029513555269/1000000000000
30701 1013356915107/1000000000000
30703 1024517389471/1000000000000
30705 25293834881/25000000000
30707 1022515624937/1000000000000
30709 207037284973/200000000000
30711 515027074773/500000000000
30713 1016327537897/1000000000000
30715 514579692747/500000000000
30717 254310732223/250000000000
30719 1011131479459/1000000000000
30721 7940003527/7812500000
30723 1003688196827/1000000000000
30725 1052580602067/1000000000000
30727 25434020321/25000000000
30729 130471062833/125000000000
30731 125251070971/125000000000
30733 1004675745239/1000000000000
30735 1017289945039/1000000000000
30737 125432429869/125000000000
30739 1012819626089/1000000000000
30741 504884963973/500000000000
30743 20301790989/20000000000
30745 100289379781/100000000000
30747 251811691221/250000000000
30749 1046246628909/1000000000000
30751 528381975831/500000000000
30753 511903939599/500000000000
30755 1034642324047/1000000000000
30757 554670409879/500000000000
30759 218018471767/200000000000
30761 1094643071977/1000000000000
30763 132511693919/125000000000
30765 516704871283/500000000000
30767 1051927574649/1000000000000
30769 515298306867/500000000000
30771 1065267116711/1000000000000
30773 1035912913987/1000000000000
30775 1061336480087/1000000000000
30777 1035519091979/1000000000000
30779 209939369591/200000000000
30781 521110080407/500000000000
30783 1038487759991/1000000000000
30785 518061798071/500000000000
30787 219810597991/200000000000
30789 4282835127/3906250000
30791 1090076069861/1000000000000
30793 544351383139/500000000000
30795 521188744631/500000000000
30797 1027862688533/1000000000000
30799 20645028131/20000000000
30801 1035843921787/1000000000000
30803 528084643043/500000000000
30805 26051722009/25000000000
30807 1052974903309/1000000000000
30809 520399328041/500000000000
30811 69497071017/62500000000
30813 546136656237/500000000000
30815 273087961431/250000000000
30817 546331742961/500000000000
30819 1064569853189/1000000000000
30821 1023114139137/1000000000000
30823 1064650157361/1000000000000
30825 1026141393781/1000000000000
30827 1065928212159/1000000000000
30829 103672891419/100000000000
30831 132789139251/125000000000
30833 1033967524763/1000000000000
30835 532762325039/500000000000
30837 542334124379/500000000000
30839 137300604227/125000000000
30841 1065317305979/1000000000000
30843 128526629599/125000000000
30845 266175190529/250000000000
30847 128792167099/125000000000
30849 266368718409/250000000000
30851 1029306837491/1000000000000
30853 1061596880191/1000000000000
30855 206539280533/200000000000
30861 545428401713/500000000000
30863 1077084301999/1000000000000
30867 1073779897159/1000000000000
30873 263714754723/250000000000
30875 517432908511/500000000000
30881 528085686073/500000000000
30883 1034451304623/1000000000000
30885 1083174825049/1000000000000
30887 277566522377/250000000000
30889 1078798750887/1000000000000
30891 135510511767/125000000000
30893 42244162737/40000000000
30895 64594031353/62500000000
30897 531720574629/500000000000
30899 103005196121/100000000000
30901 1057648340511/1000000000000
30903 128968963821/125000000000
30905 1067968252683/1000000000000
30907 1036509255669/1000000000000
30965 1015785332169/1000000000000
30967 1028100069063/1000000000000
30969 1065389882001/1000000000000
30971 508679973251/500000000000
30973 1008961803543/1000000000000
30975 255340340803/250000000000
30977 1010297006779/1000000000000
30979 208609827311/200000000000
30981 1011284745071/1000000000000
30983 3184488293/3125000000
30985 1007726678711/1000000000000
30987 1019143052529/1000000000000
30989 510624014757/500000000000
30991 1001899211491/1000000000000
30993 1009616971299/1000000000000
30995 203656648079/200000000000
30997 204874988487/200000000000
30999 1026892931897/1000000000000
31001 1029333786301/1000000000000
31003 1033619548477/1000000000000
31005 63204842721/62500000000
31007 503660228061/500000000000
31009 201448133107/200000000000
31011 125550692071/125000000000
31013 1022311010159/1000000000000
31015 20833722989/20000000000
31017 517217588801/500000000000
31019 1036232424157/1000000000000
31021 253743770217/250000000000
31023 31902218011/31250000000
31025 202472994221/200000000000
31027 1026208058897/1000000000000
31029 101424879203/100000000000
31031 1018269988543/1000000000000
31033 1018107648869/1000000000000
31035 510744657903/500000000000
31037 253611585451/250000000000
31039 505849527577/500000000000
31041 203446113521/200000000000
31043 201124563273/200000000000
31045 512545886751/500000000000
31047 1007494341121/1000000000000
31049 25557033759/25000000000
31051 1006860019847/1000000000000
31053 511073853517/500000000000
31055 1005711463161/1000000000000
31057 250813035007/250000000000
31059 202762200019/200000000000
31061 3136948531/3125000000
31063 63780579567/62500000000
31065 1044937709639/1000000000000
31067 1012641496559/1000000000000
31069 1020091313691/1000000000000
31071 62664249361/62500000000
31073 102656358307/100000000000
31075 50000923889/50000000000
31077 203275061229/200000000000
31079 1054575964873/1000000000000
31081 1046896895669/1000000000000
31083 258733836393/250000000000
31085 203202317863/200000000000
31087 50320932007/50000000000
31089 511161607003/500000000000
31091 1019897339203/1000000000000
31093 1012941695261/1000000000000
31095 506632839951/500000000000
31097 506774571583/500000000000
31099 1011214876957/1000000000000
31101 502781521289/500000000000
31103 1018573492731/1000000000000
31105 1016878757051/1000000000000
31107 1027495993477/1000000000000
31109 256595531539/250000000000
31111 1025863227173/1000000000000
31113 204959155457/200000000000
31115 1026118655839/1000000000000
31117 1000570373343/1000000000000
31119 1000295239901/1000000000000
31121 1002717923331/1000000000000
31123 1000683469721/1000000000000
31125 518463640417/500000000000
31127 524968250387/500000000000
31129 129209774681/125000000000
31131 20845188487/20000000000
31133 200984090309/200000000000
31135 1034990452039/1000000000000
31137 8044453009/8000000000
31139 207147783739/200000000000
31141 1041686135473/1000000000000
31143 1028624846339/1000000000000
31145 1039673095649/1000000000000
31147 1033148183793/1000000000000
31149 1001962638609/1000000000000
31151 501282020619/500000000000
31153 1002779028751/1000000000000
31155 1003296293357/1000000000000
31157 1023016761771/1000000000000
31159 1024423930329/1000000000000
31161 510493965391/500000000000
31163 506917597137/500000000000
31165 502349482617/500000000000
31167 1016599483453/1000000000000
31169 1000491490703/1000000000000
31171 7866693763/7812500000
31173 209432378209/200000000000
31175 209531220389/200000000000
31177 516866374821/500000000000
31179 1052353123859/1000000000000
31185 1586045893/1562500000
31187 513552827211/500000000000
31193 532261992179/500000000000
31195 530356789387/500000000000
31201 1017514605871/1000000000000
31203 1012201129917/1000000000000
31209 519599187357/500000000000
31211 1029034713019/1000000000000
31213 1006610456409/1000000000000
31215 253369147109/250000000000
31217 62745574813/62500000000
31219 101015427397/100000000000
31221 534005346317/500000000000
31223 264210731107/250000000000
31225 210257439973/200000000000
31227 1057322655117/1000000000000
31229 1017650752329/1000000000000
31231 25442797269/25000000000
31233 205919898469/200000000000
31235 206299748507/200000000000
31237 524768181841/500000000000
31239 206586280943/200000000000
31241 524747816073/500000000000
31243 1033898125481/1000000000000
31309 1059897990467/1000000000000
31311 524706395803/500000000000
31313 525089741459/500000000000
31315 106069929323/100000000000
31317 8533940317/8000000000
31319 517229584191/500000000000
31321 106418210777/100000000000
31323 1036787707861/1000000000000
31325 516057824449/500000000000
31327 209614894199/200000000000
31329 1046273249821/1000000000000
31331 1022806124779/1000000000000
31333 1021714709429/1000000000000
31335 1031230209931/1000000000000
31337 1030095971529/1000000000000
31339 25895851803/25000000000
31341 32412641077/31250000000
31343 20926905867/20000000000
31345 1029726130079/1000000000000
31347 40135733273/40000000000
31349 250608315123/250000000000
31351 200050539013/200000000000
31353 250563697321/250000000000
31355 52241745977/50000000000
31357 1045740789059/1000000000000
31359 6477591529/6250000000
31361 1032301209733/1000000000000
31363 520956031931/500000000000
31365 208616257183/200000000000
31367 1042787038309/1000000000000
31369 1011207559213/1000000000000
31371 63280300713/62500000000
31373 205225048727/200000000000
31375 25488049987/25000000000
31377 508694581997/500000000000
31379 1024599905137/1000000000000
31381 509397025429/500000000000
31383 1004230627119/1000000000000
31385 125040765549/125000000000
31387 1010560916443/1000000000000
31389 251279414859/250000000000
31391 63025952217/62500000000
31393 100904813801/100000000000
31395 507886689221/500000000000
31397 253798312047/250000000000
31399 200054916627/200000000000
31401 1000955460437/1000000000000
31403 1000898201621/1000000000000
31405 201416384647/200000000000
31407 128532009553/125000000000
31409 1020807576549/1000000000000
31411 206739551951/200000000000
31413 1026324562463/1000000000000
31415 1013099598961/1000000000000
31417 505058610099/500000000000
31419 1019695185049/1000000000000
31421 507461553653/500000000000
31423 1015771545419/1000000000000
31425 255312395373/250000000000
31427 1027297409893/1000000000000
31429 1027305723653/1000000000000
31431 200636040009/200000000000
31433 100447910987/100000000000
31435 1005839090773/1000000000000
31437 250373447781/250000000000
31443 202286220039/200000000000
31445 63174012979/62500000000
31451 501868555091/500000000000
31453 1001368505269/1000000000000
31459 1005972986433/1000000000000
31461 1006892213299/1000000000000
31467 254155548533/250000000000
31469 518605193091/500000000000
31471 1012332575213/1000000000000
31473 1015246418477/1000000000000
31475 506434332999/500000000000
31477 254043987661/250000000000
31479 125366917209/125000000000
31481 1001626491493/1000000000000
31483 200454050961/200000000000
31485 1002561735587/1000000000000
31487 1011095717167/1000000000000
31489 1002563482059/1000000000000
31491 1011426276707/1000000000000
31493 500899342701/500000000000
31495 251061788223/250000000000
31497 508798322177/500000000000
31499 1001361030917/1000000000000
31501 1006615778763/1000000000000
31567 1041823408941/1000000000000
31569 262623530561/250000000000
31571 1049108008123/1000000000000
31573 1043094760501/1000000000000
31575 210965605061/200000000000
31577 130226696227/125000000000
31579 1047884060907/1000000000000
31581 1054206956999/1000000000000
31583 1039737320069/1000000000000
31585 16468524529/15625000000
31587 1035498699607/1000000000000
31589 525128439051/500000000000
31591 519999384873/500000000000
31593 526869444533/500000000000
31595 1065316078243/1000000000000
31597 106052238661/100000000000
31599 65493884191/62500000000
31601 1060310587767/1000000000000
31603 6570501279/6250000000
31605 1049284920797/1000000000000
31607 527510344149/500000000000
31609 1028298290009/1000000000000
31611 1033263346159/1000000000000
31613 1038093217139/1000000000000
31615 1044052024959/1000000000000
31617 1020269345677/1000000000000
31619 1024376015129/1000000000000
31621 1022211231551/1000000000000
31623 1032000544681/1000000000000
31625 1038696626599/1000000000000
31627 1060436208393/1000000000000
31629 1057808291393/1000000000000
31631 1021916112633/1000000000000
31633 1020290018291/1000000000000
31635 205317907137/200000000000
31637 10287342373/10000000000
31639 1061964697/1000000000
31641 128820795353/125000000000
31643 258141295379/250000000000
31645 1037986755193/1000000000000
31647 213730551871/200000000000
31649 262175408623/250000000000
31651 528169618009/500000000000
31657 1027892936549/1000000000000
31659 103528263409/100000000000
31665 506411719203/500000000000
31667 202327742629/200000000000
31673 128774812567/125000000000
31679 203771690467/200000000000
31681 514645120807/500000000000
31683 512707963991/500000000000
31685 516638475921/500000000000
31687 205822752499/200000000000
31689 517334021169/500000000000
31691 40746470927/40000000000
31693 1016832985739/1000000000000
31695 203695817851/200000000000
31697 1017767245163/1000000000000
31699 522701320399/500000000000
31701 1046309764743/1000000000000
31703 1031764002621/1000000000000
31705 1020401487471/1000000000000
31707 1030247215693/1000000000000
31709 25715501337/25000000000
31711 1030656198973/1000000000000
31773 1052600681013/1000000000000
31775 526416686417/500000000000
31777 1058738241671/1000000000000
31779 262192733049/250000000000
31781 1050629974067/1000000000000
31783 534181986563/500000000000
31785 1025766377391/1000000000000
31787 1032732216941/1000000000000
31789 1021460045033/1000000000000
31791 257830798411/250000000000
31793 13052193899/12500000000
31795 105876429387/100000000000
31797 1672117717/1600000000
31799 527410436749/500000000000
31801 1048503100011/1000000000000
31803 207292392659/200000000000
31805 259356783267/250000000000
31807 522962613653/500000000000
31809 1042245583433/1000000000000
31811 104690485001/100000000000
31813 527657014617/500000000000
31815 1041433098389/1000000000000
31817 3258038941/3125000000
31819 26418465799/25000000000
31821 207866553651/200000000000
31823 1046560846821/1000000000000
31825 524793175253/500000000000
31827 533069214413/500000000000
31829 1043961691937/1000000000000
31831 1061416231807/1000000000000
31833 268007291039/250000000000
31835 518660761029/500000000000
31837 1045639308363/1000000000000
31839 1029279572869/1000000000000
31841 104579420573/100000000000
31843 208460493287/200000000000
31845 1060427281321/1000000000000
31847 1036926835647/1000000000000
31849 1065152820619/1000000000000
31851 1069701906839/1000000000000
31853 1047807906909/1000000000000
31855 213549083273/200000000000
31857 4135249057/3906250000
31859 52826528469/50000000000
31861 523249011251/500000000000
31863 1058717398723/1000000000000
31865 210259973767/200000000000
31867 531620079433/500000000000
31873 1042108870923/1000000000000
31875 210538988403/200000000000
31877 1049275623143/1000000000000
31879 104509095723/100000000000
31899 1049817714893/1000000000000
31901 523716530701/500000000000
31903 131943421611/125000000000
31905 20914866371/20000000000
31907 105482130207/100000000000
31909 6659193463/6250000000
31911 530838444403/500000000000
31913 10298793621/10000000000
31915 51462721719/50000000000
31917 1029231124801/1000000000000
31919 256116333661/250000000000
31921 204828824071/200000000000
31923 205976686367/200000000000
31925 510773152203/500000000000
31927 1030096172701/1000000000000
31929 518946982443/500000000000
31931 1037623411939/1000000000000
31933 1035111424297/1000000000000
31935 260725383043/250000000000
31937 521809489077/500000000000
31939 517647124221/500000000000
31941 26024376253/25000000000
31943 208404181351/200000000000
31945 519972754823/500000000000
31947 32316163687/31250000000
31949 1040724092489/1000000000000
31951 513097963741/500000000000
31953 260381664969/250000000000
31955 1022583819449/1000000000000
31957 41602170203/40000000000
31959 509198848791/500000000000
31961 1034372636023/1000000000000
31963 210884261953/200000000000
31965 1052114580281/1000000000000
31967 104795520307/100000000000
31969 508812413741/500000000000
31971 1034372295997/1000000000000
31973 1022457302619/1000000000000
31975 1034003775483/1000000000000
31977 1017060502527/1000000000000
31979 205180275603/200000000000
31981 204548451333/200000000000
31983 1027692952459/1000000000000
31985 525350866321/500000000000
31987 519291192389/500000000000
31989 519963536467/500000000000
31991 1044946521677/1000000000000
31993 1054566451261/1000000000000
31995 525080212533/500000000000
31997 104842521687/100000000000
31999 261402381467/250000000000
32001 1052268108431/1000000000000
32003 520917788369/500000000000
32005 526348405437/500000000000
32007 103198135177/100000000000
32009 261275756533/250000000000
32011 212376631453/200000000000
32017 258506232261/250000000000
32021 207633960077/200000000000
32023 256399240167/250000000000
32025 64415955527/62500000000
32039 1049926891447/1000000000000
32041 1070106251051/1000000000000
32043 213419095273/200000000000
32045 107298875891/100000000000
32047 523717208531/500000000000
32049 533619487709/500000000000
32051 214603404893/200000000000
32053 1043031560269/1000000000000
32055 1057295490487/1000000000000
32057 261554251303/250000000000
32059 259554305849/250000000000
32061 525484559611/500000000000
32063 530675484747/500000000000
32065 265288807943/250000000000
32067 1060569756123/1000000000000
32069 261773221943/250000000000
32071 41848955609/40000000000
32073 1057027370547/1000000000000
32075 1016270480233/1000000000000
32077 1021663777861/1000000000000
32079 204854265297/200000000000
32081 205165082793/200000000000
32083 1025514313131/1000000000000
32085 102809231783/100000000000
32087 129562245457/125000000000
32089 519178627549/500000000000
32091 25643799581/25000000000
32093 207339188403/200000000000
32095 1030504179427/1000000000000
32097 1040223472261/1000000000000
32099 521547474503/500000000000
32101 1044619181727/1000000000000
32103 511902025863/500000000000
32105 1032153030251/1000000000000
32107 1032080761527/1000000000000
32109 520239112267/500000000000
32111 523333307673/500000000000
32113 1049786022427/1000000000000
32115 263709833663/250000000000
32117 1054019313747/1000000000000
32119 206999307203/200000000000
32121 261612015689/250000000000
32123 209865229823/200000000000
32129 502093171643/500000000000
32131 31682814097/31250000000
32137 253987270949/250000000000
32139 1017396300043/1000000000000
32145 511304198827/500000000000
32147 128165759903/125000000000
32149 1022803083379/1000000000000
32151 1015078312767/1000000000000
32153 50689647651/50000000000
32155 505475487969/500000000000
32157 507080033203/500000000000
32159 505982749459/500000000000
32161 25518526397/25000000000
32163 254196933569/250000000000
32165 509102486587/500000000000
32167 509895218387/500000000000
32169 1031145479409/1000000000000
32171 513048181317/500000000000
32173 1029954653477/1000000000000
32175 1020576004823/1000000000000
32177 1286969803/1250000000
32179 206446272857/200000000000
32233 109036629907/100000000000
32235 53086809939/50000000000
32237 1044272095951/1000000000000
32239 104810810993/100000000000
32241 1053008857643/1000000000000
32243 530667415139/500000000000
32245 267152533713/250000000000
32247 544894640689/500000000000
32249 1034593586391/1000000000000
32251 107094270399/100000000000
32253 1062688013691/1000000000000
32255 8438110717/8000000000
32257 16207723241/15625000000
32259 1046513357953/1000000000000
32261 512822007149/500000000000
32263 202634377313/200000000000
32265 1030285682713/1000000000000
32267 511319123651/500000000000
32269 255193281811/250000000000
32271 1020686900221/1000000000000
32273 509200178329/500000000000
32275 1022019239583/1000000000000
32277 16136235217/15625000000
32279 1040316760769/1000000000000
32281 1020962931269/1000000000000
32283 1029665702909/1000000000000
32285 1025819175263/1000000000000
32287 1039053319759/1000000000000
32289 101592361569/100000000000
32291 203700703749/200000000000
32293 1013538638223/1000000000000
32295 1022317276337/1000000000000
32297 1045711227787/1000000000000
32299 1055925859431/1000000000000
32301 1051322659599/1000000000000
32303 1062370701513/1000000000000
32305 1024758929099/1000000000000
32307 261779682191/250000000000
32309 517028923209/500000000000
32311 33011660137/31250000000
32313 8249495113/8000000000
32315 130591812507/125000000000
32317 1030393697227/1000000000000
32319 527587968299/500000000000
32321 50702374469/50000000000
32323 1027439659669/1000000000000
32325 513982171681/500000000000
32327 519502093013/500000000000
32329 1062074301603/1000000000000
32331 533298846823/500000000000
32333 1066044219211/1000000000000
32335 1046841707569/1000000000000
32337 104151216801/100000000000
32339 210364480937/200000000000
32345 507875290447/500000000000
32347 128101210379/125000000000
32353 1024035014691/1000000000000
32355 2559980607/2500000000
32361 206857202609/200000000000
32363 1041814524281/1000000000000
32369 1018527697097/1000000000000
32371 1023180405057/1000000000000
32373 1018096886971/1000000000000
32375 256155708257/250000000000
32377 1021382212649/1000000000000
32379 1026721502313/1000000000000
32381 1023052478869/1000000000000
32383 508980742379/500000000000
32385 1019453160201/1000000000000
32387 1016555359901/1000000000000
32389 104124799691/100000000000
32391 1047187202969/1000000000000
32393 260505483351/250000000000
32395 1046602181041/1000000000000
32397 101967961557/100000000000
32399 256730621197/250000000000
32401 102121978533/100000000000
32403 516967740003/500000000000
32469 1000546952629/1000000000000
32471 40994694601/40000000000
32473 50160017651/50000000000
32475 1027830476613/1000000000000
32477 251359464037/250000000000
32479 513690493127/500000000000
32481 521715080173/500000000000
32483 105480955389/100000000000
32485 1008499297811/1000000000000
32487 1008621984179/1000000000000
32489 257332207913/250000000000
32491 104810779953/100000000000
32493 204639653509/200000000000
32495 1004251176441/1000000000000
32497 126483861301/125000000000
32499 1012760532543/1000000000000
32501 1029359161057/1000000000000
32503 1036739074139/1000000000000
32505 1032184755813/1000000000000
32507 260480766813/250000000000
32509 250444182719/250000000000
32511 1014145553533/1000000000000
32513 10163562951/10000000000
32515 1032457177841/1000000000000
32517 1037129858891/1000000000000
32519 1031565273313/1000000000000
32521 523063175067/500000000000
32523 507565064629/500000000000
32525 1015966931907/1000000000000
32527 255080714941/250000000000
32529 204896328827/200000000000
32531 1000865632911/1000000000000
32533 509492796213/500000000000
32535 1019992995331/1000000000000
32537 1039324489709/1000000000000
32539 1052868300543/1000000000000
32541 262660287293/250000000000
32543 213847976697/200000000000
32545 52247798113/50000000000
32547 525444400857/500000000000
32549 255433918121/250000000000
32551 261551504823/250000000000
32553 1005034876931/1000000000000
32555 514980430687/500000000000
32557 255114470963/250000000000
32559 1021867872243/1000000000000
32561 509042685293/500000000000
32563 202285195849/200000000000
32565 1009079091081/1000000000000
32567 125007546079/125000000000
32569 1001372917259/1000000000000
32571 252952792481/250000000000
32573 1005025717219/1000000000000
32575 504254943609/500000000000
32577 1006955248031/1000000000000
32579 1036781770309/1000000000000
32581 1958992759/1953125000
32583 128310500571/125000000000
32585 40125547187/40000000000
32587 509653026087/500000000000
32589 40575622641/40000000000
32591 63796244581/62500000000
32593 204637210751/200000000000
32595 1001324938551/1000000000000
32597 501930807801/500000000000
32599 125072822529/125000000000
32601 126425989621/125000000000
32603 1014843785591/1000000000000
32605 1013521238981/1000000000000
32607 516741310849/500000000000
32609 1019455428523/1000000000000
32611 268830572789/250000000000
32613 526645784539/500000000000
32615 16772270027/15625000000
32617 524674656747/500000000000
32619 1035473566523/1000000000000
32621 209795287379/200000000000
32623 1051100358577/1000000000000
32625 1049181116451/1000000000000
32627 513781357647/500000000000
32629 1015152096209/1000000000000
32631 31893645231/31250000000
32633 20323886517/20000000000
32635 130258757901/125000000000
32637 255405546521/250000000000
32639 1033759962809/1000000000000
32641 502463349061/500000000000
32643 1066271605223/1000000000000
32645 1044513259157/1000000000000
32647 530716171197/500000000000
32649 205750369177/200000000000
32651 209830876627/200000000000
32653 260306812897/250000000000
32655 1040597501439/1000000000000
32657 206088769199/200000000000
32659 206088513643/200000000000
32661 511854673509/500000000000
32663 1014901381021/1000000000000
32665 1011608272809/1000000000000
32667 1016899327699/1000000000000
32669 1001306320503/1000000000000
32671 506130282363/500000000000
32673 100166125321/100000000000
32677 1067311482599/1000000000000
32683 1055672944137/1000000000000
32685 208604872343/200000000000
32691 211134588827/200000000000
32693 511459897353/500000000000
32699 1034750548677/1000000000000
32701 1023759672389/1000000000000
32703 1073006999409/1000000000000
32705 539113190069/500000000000
32707 1061617545463/1000000000000
32709 206273619597/200000000000
32711 261241355317/250000000000
32713 1032340729567/1000000000000
32715 1048180567351/1000000000000
32717 1046969885653/1000000000000
32719 204594458031/200000000000
32721 64696180457/62500000000
32723 1015360964883/1000000000000
32725 64736393933/62500000000
32727 1034084168101/1000000000000
32729 1043615838297/1000000000000
32731 206561020243/200000000000
32795 261623818237/250000000000
32797 210076715517/200000000000
32799 20869474731/20000000000
32801 260957911247/250000000000
32803 531233676147/500000000000
32805 211629639379/200000000000
32807 530791017127/500000000000
32809 529476024513/500000000000
32811 1035293237717/1000000000000
32813 519511884739/500000000000
32815 209684186163/200000000000
32817 1050020213423/1000000000000
32819 508661564349/500000000000
32821 1063282979691/1000000000000
32823 1036580493861/1000000000000
32825 134537085137/125000000000
32827 1010285045679/1000000000000
32829 212514681739/200000000000
32831 204766349631/200000000000
32833 264922934819/250000000000
32835 1064501438693/1000000000000
32837 211822340971/200000000000
32839 1051896035241/1000000000000
32841 268914608737/250000000000
32843 533845984011/500000000000
32845 526702737083/500000000000
32847 212675255941/200000000000
32849 261386627881/250000000000
32851 105228354219/100000000000
32853 16339872803/15625000000
32855 208939135321/200000000000
32857 1055908062307/1000000000000
32859 1044948443833/1000000000000
32861 263726312503/250000000000
32863 1050891278583/1000000000000
32865 212564213689/200000000000
32867 529536946043/500000000000
32869 1026189789353/1000000000000
32871 509509997843/500000000000
32873 1015673563479/1000000000000
32875 253408832139/250000000000
32877 1015915350803/1000000000000
32879 1014235493221/1000000000000
32881 126453666509/125000000000
32883 202443086171/200000000000
32885 1023623600753/1000000000000
32887 105735809791/100000000000
32889 102661850041/100000000000
32891 1068789768431/1000000000000
32893 1032027348397/1000000000000
32895 108139052811/100000000000
32897 1048925541051/1000000000000
32899 109283644233/100000000000
32901 1009921155661/1000000000000
32903 252390438957/250000000000
32905 505334998619/500000000000
32907 519126908199/500000000000
32909 31286618721/31250000000
32911 1021994935849/1000000000000
32913 251080417327/250000000000
32915 1034403011303/1000000000000
32917 523557389081/500000000000
32919 534613253131/500000000000
32921 540573039133/500000000000
32923 1091475434193/1000000000000
32925 1083270877309/1000000000000
32927 545214171001/500000000000
32929 267608014821/250000000000
32931 1053918672713/1000000000000
32933 1058512929279/1000000000000
32935 1043766671787/1000000000000
32937 1053426233967/1000000000000
32939 1041270954263/1000000000000
32941 521128668617/500000000000
32943 51612924983/50000000000
32945 1042665797809/1000000000000
32947 41583367697/40000000000
32949 1034944561083/1000000000000
32951 1042673788293/1000000000000
32953 128047753971/125000000000
32955 1034323450559/1000000000000
32957 1026725604709/1000000000000
32959 518246711613/500000000000
32961 262175442153/250000000000
32963 1033404623949/1000000000000
32965 512291493947/500000000000
32967 2553039697/2500000000
32969 517500324269/500000000000
32971 1020954173799/1000000000000
32973 1025088729599/1000000000000
32975 1023865079101/1000000000000
32977 1024849986257/1000000000000
32979 526561305109/500000000000
32981 1027302369421/1000000000000
32983 33117776413/31250000000
32985 1033277042239/1000000000000
32987 263939701821/250000000000
32989 1037291001521/1000000000000
32991 533110567443/500000000000
32993 533906230283/500000000000
32995 218492098551/200000000000
32997 1056078741501/1000000000000
32999 1094155428669/1000000000000
33001 1057652279421/1000000000000
33003 263533979207/250000000000
33005 206639353503/200000000000
33007 210494314573/200000000000
33009 52175477177/50000000000
33011 518129073627/500000000000
33013 101688255969/100000000000
33015 520127554903/500000000000
33017 511002914557/500000000000
33019 1082577447013/1000000000000
33021 53050773441/50000000000
33023 268448535827/250000000000
33025 264217547871/250000000000
33027 213957082929/200000000000
33029 265336726577/250000000000
33031 1065878865669/1000000000000
33033 1050656103119/1000000000000
33035 209036606891/200000000000
33037 517535667491/500000000000
33039 1045685962943/1000000000000
33041 1037160186779/1000000000000
33043 1032703479279/1000000000000
33045 1022265987373/1000000000000
33047 255832383463/250000000000
33049 1026786760319/1000000000000
33051 13276589857/12500000000
33053 212714253831/200000000000
33055 1055887969507/1000000000000
33057 1020787925959/1000000000000
33059 105509426343/100000000000
33061 1027706470117/1000000000000
33063 104620833241/100000000000
33065 63695267441/62500000000
33067 3241237583/3125000000
33069 508794817063/500000000000
33071 1077650592451/1000000000000
33073 1077575056067/1000000000000
33075 1057094511609/1000000000000
33077 31927735917/31250000000
33079 526423835431/500000000000
33081 1030591090767/1000000000000
33083 32602384531/31250000000
33085 1026709109443/1000000000000
33087 129436035751/125000000000
33089 1018811557907/1000000000000
33093 222328754123/200000000000
33095 1084076383741/1000000000000
33099 527137434167/500000000000
33101 507597337061/500000000000
33107 1052093974607/1000000000000
33109 205271398813/200000000000
33111 108074852193/100000000000
33113 548130230173/500000000000
33115 1067696672693/1000000000000
33117 5111541013/5000000000
33119 1051206924893/1000000000000
33121 509717968463/500000000000
33123 105260203011/100000000000
33125 255170693749/250000000000
33127 525426663369/500000000000
33129 204795908611/200000000000
33161 1044566573877/1000000000000
33163 502893576143/500000000000
33165 1003303406309/1000000000000
33167 1042074403473/1000000000000
33169 1001432116997/1000000000000
33171 1003303406309/1000000000000
33173 1039566339721/1000000000000
33175 1004498684051/1000000000000
33177 250950307449/250000000000
33179 1035170387029/1000000000000
33181 1004498684051/1000000000000
33183 1000612737473/1000000000000
33185 516315398901/500000000000
33187 1002491266279/1000000000000
33189 500499639497/500000000000
33191 255996596597/250000000000
33193 1003336955591/1000000000000
33195 500139507261/500000000000
33197 101262016207/100000000000
33199 1003336955591/1000000000000
33201 500075307091/500000000000
33203 1006996528741/1000000000000
33205 1000821597539/1000000000000
33207 1000032962181/1000000000000
33209 250132564577/250000000000
33211 1002181691891/1000000000000
33213 250132564577/250000000000
33215 1001923253489/1000000000000
33217 202058832333/200000000000
33219 251003480069/250000000000
33221 503848776603/500000000000
33223 1002181691891/1000000000000
33225 1000741642641/1000000000000
33227 254118772061/250000000000
33229 1001863311757/1000000000000
33231 1000741642641/1000000000000
33233 32061776199/31250000000
33235 1001863311757/1000000000000
33237 200302859353/200000000000
33239 51715453199/50000000000
33241 1001863311757/1000000000000
33243 1001328994907/1000000000000
33245 104179731729/100000000000
33247 200770222931/200000000000
33249 250000983949/250000000000
33251 262898205647/250000000000
33253 40320727251/40000000000
33255 100104439813/100000000000
33257 52464485903/50000000000
33259 62526802351/62500000000
33261 1047427320769/1000000000000
33263 523387243403/500000000000
33265 1042813484797/1000000000000
33267 1039864644743/1000000000000
33269 205428440719/200000000000
33271 1022741693103/1000000000000
33273 1020304409483/1000000000000
33275 1015269663023/1000000000000
33277 6263678773/6250000000
33279 1073551040543/1000000000000
33281 200320974671/200000000000
33283 501323055133/500000000000
33285 16721192821/15625000000
33287 1001923253489/1000000000000
33289 512964801709/500000000000
33291 260090693323/250000000000
33293 133407361471/125000000000
33295 1057887839581/1000000000000
33297 1055754204319/1000000000000
33299 1033932228811/1000000000000
33301 509907649/500000000
33303 509907649/500000000
33305 505713238647/500000000000
33307 505713238647/500000000000
33309 5039863747/5000000000
33311 67932940037/62500000000
33313 250269001357/250000000000
33315 250269001357/250000000000
33317 1000834659283/1000000000000
33319 1000834659283/1000000000000
33321 1000834659283/1000000000000
33323 1002811919659/1000000000000
33325 1000176097953/1000000000000
33327 270151018651/250000000000
33329 500992006457/500000000000
33331 1000176097953/1000000000000
33333 269494635737/250000000000
33335 251003480069/250000000000
33337 1023068940427/1000000000000
33339 1023068940427/1000000000000
33341 510190494079/500000000000
33343 256360331431/250000000000
33345 256360331431/250000000000
33347 506942349603/500000000000
33349 505696264401/500000000000
33351 1012458313833/1000000000000
33353 505141390639/500000000000
33355 4027667617/4000000000
33357 20142491591/20000000000
33359 1002669763103/1000000000000
33361 1002669763103/1000000000000
33363 1049831086191/1000000000000
33365 1082716600681/1000000000000
33367 26834756543/25000000000
33369 212441157731/200000000000
33371 26477616557/25000000000
33373 1056467656013/1000000000000
33375 1055986178273/1000000000000
33377 207870195101/200000000000
33379 259679845211/250000000000
33381 1141433975611/1000000000000
33383 559498445327/500000000000
33385 556871034377/500000000000
33387 275636534731/250000000000
33389 16903180029/15625000000
33391 546995023943/500000000000
33393 1066084272517/1000000000000
33395 561434462629/500000000000
33397 111291057527/100000000000
33399 54591166933/50000000000
33401 1081314991757/1000000000000
33403 550651109503/500000000000
33405 553806020633/500000000000
33407 213619676989/200000000000
33409 538206253603/500000000000
33411 143713475901/125000000000
33413 1133877655537/1000000000000
33415 1112888867/976562500
33417 1124618885463/1000000000000
33419 226062583967/200000000000
33421 1097679879103/1000000000000
33423 139061583277/125000000000
33425 290625197737/250000000000
33427 1169758018843/1000000000000
33429 291986485733/250000000000
33431 114995380893/100000000000
33433 286518843287/250000000000
33435 1155950125727/1000000000000
33437 582091662863/500000000000
33439 142253083903/125000000000
33441 1148035907119/1000000000000
33443 1188876864177/1000000000000
33445 1182922615503/1000000000000
33447 589207341453/500000000000
33449 1182951996999/1000000000000
33451 73047441963/62500000000
33453 1151855450123/1000000000000
33455 1139881887031/1000000000000
33457 1184649766059/1000000000000
33459 576995747603/500000000000
33461 1178677347159/1000000000000
33463 143207049133/125000000000
33465 1173508018843/1000000000000
33467 288129249169/250000000000
33469 1168899276881/1000000000000
33471 47881440717/40000000000
33473 29142978301/25000000000
33475 146903167139/125000000000
33477 1142687487859/1000000000000
33479 240774580533/200000000000
33481 1771363529/1562500000
33483 238962272299/200000000000
33485 286252138491/250000000000
33487 7025590991/6250000000
33489 118022455011/100000000000
33499 244022282149/200000000000
33501 1214061974567/1000000000000
33503 291885597909/250000000000
33505 603445929021/500000000000
33507 1186225804943/1000000000000
33509 1234887855841/1000000000000
33511 1254257177777/1000000000000
33513 1201103246683/1000000000000
33515 1211992245609/1000000000000
33517 28556933859/25000000000
33519 579379405283/500000000000
33521 299055502299/250000000000
33523 24037009069/20000000000
33525 12106834431/10000000000
33527 523001760611/500000000000
33529 1074918294921/1000000000000
33531 1043938644119/1000000000000
33533 212680277791/200000000000
33535 1074115439151/1000000000000
33537 212727533939/200000000000
33539 533904316401/500000000000
33541 210137355617/200000000000
33543 1030205339133/1000000000000
33545 1057277307927/1000000000000
33547 529720029639/500000000000
33549 1053558077449/1000000000000
33551 1088472682327/1000000000000
33553 1086053608563/1000000000000
33555 1097735878609/1000000000000
33557 1079363968673/1000000000000
33559 134405847163/125000000000
33561 1038689709647/1000000000000
33563 104840529827/100000000000
33565 1037319533983/1000000000000
33567 1049173735309/1000000000000
33569 537700797909/500000000000
33571 1675755691/1600000000
33573 1074278820347/1000000000000
33575 201557887147/200000000000
33577 127118368923/125000000000
33579 1020452712859/1000000000000
33581 507736091199/500000000000
33583 1045887152089/1000000000000
33585 523228300909/500000000000
33587 211152870953/200000000000
33589 209362262877/200000000000
33591 509222608567/500000000000
33593 512291208567/500000000000
33595 208372389209/200000000000
33597 261929627657/250000000000
33599 215011100821/200000000000
33601 1075337447661/1000000000000
33603 20486606933/20000000000
33605 1014280327527/1000000000000
33607 52163822167/50000000000
33609 1022676060989/1000000000000
33611 1057147498923/1000000000000
33613 266704182099/250000000000
33615 1078979792721/1000000000000
33617 1053750140079/1000000000000
33619 1051183044683/1000000000000
33621 1080461540107/1000000000000
33623 534938205619/500000000000
33625 548718708383/500000000000
33631 1012816449867/1000000000000
33633 1010209642591/1000000000000
33639 514196310101/500000000000
33641 8201441927/7812500000
33647 1015692535127/1000000000000
33649 1030551365137/1000000000000
33653 210532064031/200000000000
33655 1012331587767/1000000000000
33657 127713473663/125000000000
33659 1007922321179/1000000000000
33661 101576074129/100000000000
33663 513664880269/500000000000
33665 523755130871/500000000000
33667 1031377053779/1000000000000
33669 4140447177/4000000000
33671 507950874941/500000000000
33673 102385115833/100000000000
33675 502399782441/500000000000
33677 518111002141/500000000000
33679 218552853277/200000000000
33681 1049581477747/1000000000000
33683 550429675927/500000000000
33727 4495796591/3906250000
33729 1174465734957/1000000000000
33731 237693232231/200000000000
33733 1195644790251/1000000000000
33735 1210017126813/1000000000000
33737 1201626268911/1000000000000
33739 608042811399/500000000000
33741 609887323443/500000000000
33743 123261670773/100000000000
33745 563324785823/500000000000
33747 571703339443/500000000000
33749 150245218463/125000000000
33751 142249397809/125000000000
33753 1149867023487/1000000000000
33755 145576605183/125000000000
33757 1071476522133/1000000000000
33759 1097384533837/1000000000000
33761 130718302129/125000000000
33763 528091396083/500000000000
33765 512341550603/500000000000
33767 505803160797/500000000000
33769 514492270869/500000000000
33771 101710303581/100000000000
33773 104637823261/100000000000
33775 1052385066533/1000000000000
33777 552451597871/500000000000
33779 54349826077/50000000000
33781 212802934973/200000000000
33783 264400792691/250000000000
33785 519478494919/500000000000
33787 206231002403/200000000000
33789 1026302803971/1000000000000
33791 1040235784479/1000000000000
33793 102798260999/100000000000
33795 1048927306427/1000000000000
33797 1000806333673/1000000000000
33799 534719988471/500000000000
33801 203878472471/200000000000
33803 1566851249/1562500000
33805 1007300145221/1000000000000
33807 1010270797649/1000000000000
33809 501931637291/500000000000
33811 1000806333673/1000000000000
33813 32670575389/31250000000
33815 1001967550329/1000000000000
33817 21132826177/20000000000
33819 1048723910473/1000000000000
33821 1031288553389/1000000000000
33823 1065923146569/1000000000000
33825 1042970663659/1000000000000
33827 1025593457319/1000000000000
33829 1053602275193/1000000000000
33831 201290744843/200000000000
33833 200720810209/200000000000
33835 506185937361/500000000000
33837 15755076533/15625000000
33839 102384437543/100000000000
33841 26647078589/25000000000
33843 131694169761/125000000000
33845 221472682473/200000000000
33847 1029360871309/1000000000000
33849 253970350613/250000000000
33851 1033124896339/1000000000000
33853 508562686427/500000000000
33855 62597648541/62500000000
33857 1000499685877/1000000000000
33859 503561935883/500000000000
33861 15667215053/15625000000
33863 500751332821/500000000000
33865 200043791319/200000000000
33867 1005590582951/1000000000000
33869 1003504864403/1000000000000
33871 256838955431/250000000000
33873 515274876871/500000000000
33875 254607256521/250000000000
33877 1037539768399/1000000000000
33879 1033764881411/1000000000000
33881 509923609473/500000000000
33883 32334812199/31250000000
33885 1023072024213/1000000000000
33887 1013005416579/1000000000000
33889 502040826367/500000000000
33891 513942436401/500000000000
33893 1000427388309/1000000000000
33895 250704381203/250000000000
33897 1000129810817/1000000000000
33899 1004451234583/1000000000000
33901 502194053689/500000000000
33903 1011933116339/1000000000000
33905 261150728609/250000000000
33907 1005783704497/1000000000000
33909 523674306587/500000000000
33915 204811595321/200000000000
33917 1016532424627/1000000000000
33923 200850505293/200000000000
33925 256736344359/250000000000
33931 1007384968583/1000000000000
33933 1018278391097/1000000000000
33939 1011327193227/1000000000000
33941 203012769643/200000000000
33943 205674143589/200000000000
33945 1013299572497/1000000000000
33947 1028861362749/1000000000000
33949 202726554157/200000000000
33951 1001539298579/1000000000000
33953 1016628100061/1000000000000
33955 125063888587/125000000000
33957 1010360085489/1000000000000
33959 251446371041/250000000000
33961 40368479089/40000000000
33963 502965177999/500000000000
33965 1006402309441/1000000000000
33967 512597289753/500000000000
33969 507477525859/500000000000
33971 1032416997169/1000000000000
33973 1012072530499/1000000000000
34039 1150383647739/1000000000000
34041 226213788357/200000000000
34043 1141418995839/1000000000000
34045 582797804661/500000000000
34047 594447251167/500000000000
34049 1169411229771/1000000000000
34051 238616225931/200000000000
34053 149999888919/125000000000
34055 612046825379/500000000000
34057 1110834241449/1000000000000
34059 1055032267007/1000000000000
34061 103184350649/100000000000
34063 41207717629/40000000000
34065 205711599449/200000000000
34067 506621793339/500000000000
34069 278467676593/250000000000
34071 1111995926561/1000000000000
34073 1097142456429/1000000000000
34075 564360967971/500000000000
34077 528392554647/500000000000
34079 525156407269/500000000000
34081 1050989057193/1000000000000
34083 1043772568487/1000000000000
34085 218842199593/200000000000
34087 66688225809/62500000000
34089 523980686027/500000000000
34091 507327470309/500000000000
34093 251832244029/250000000000
34095 1013857312277/1000000000000
34097 62522031671/62500000000
34099 209305573583/200000000000
34101 518142500597/500000000000
34103 1053724137879/1000000000000
34105 1047688031921/1000000000000
34107 1055430235687/1000000000000
34109 207861076689/200000000000
34111 1061543671293/1000000000000
34113 521963379373/500000000000
34115 1045485581763/1000000000000
34117 100960588251/100000000000
34119 125712434977/125000000000
34121 508447366947/500000000000
34123 1010261087063/1000000000000
34125 1028944246791/1000000000000
34127 263733430077/250000000000
34129 282840623379/250000000000
34131 106412984121/100000000000
34133 216392392997/200000000000
34135 266009908481/250000000000
34137 133788498679/125000000000
34139 213550202931/200000000000
34141 1060541724737/1000000000000
34143 211750538383/200000000000
34145 106596680597/100000000000
34147 514037176187/500000000000
34149 1058474582411/1000000000000
34151 1026716897941/1000000000000
34153 1030890953277/1000000000000
34155 502435833047/500000000000
34157 64395521787/62500000000
34159 1007074119683/1000000000000
34161 531812896939/500000000000
34163 1066746853827/1000000000000
34165 264672275877/250000000000
34167 1056329440493/1000000000000
34169 533536839487/500000000000
34171 106482534087/100000000000
34173 1068528622827/1000000000000
34175 266884372017/250000000000
34177 519619489677/500000000000
34179 1012221467883/1000000000000
34181 512684821633/500000000000
34183 1006614734051/1000000000000
34185 518421512733/500000000000
34187 1015328079619/1000000000000
34189 1041139683911/1000000000000
34191 1025180377291/1000000000000
34193 65426508403/62500000000
34195 1044202066233/1000000000000
34197 530145479879/500000000000
34199 210786310903/200000000000
34201 526379448801/500000000000
34203 515330781053/500000000000
34205 125931821401/125000000000
34207 128940911869/125000000000
34209 503079554767/500000000000
34211 1098138959739/1000000000000
34213 533882050761/500000000000
34215 529933988121/500000000000
34217 53325209581/50000000000
34219 1052841261679/1000000000000
34221 1050631787529/1000000000000
34223 536980914007/500000000000
34225 262218868083/250000000000
34227 1017921813069/1000000000000
34229 16273024279/15625000000
34231 10074865101/10000000000
34233 108045561119/100000000000
34235 1086517173437/1000000000000
34237 102820251527/100000000000
34239 102812905787/100000000000
34241 103149988027/100000000000
34243 1030187954379/1000000000000
34245 67065577413/62500000000
34247 510930942641/500000000000
34249 25318525939/25000000000
34251 128112779419/125000000000
34253 1017380345823/1000000000000
34255 1032455876491/1000000000000
34257 257654318373/250000000000
34259 52048641931/50000000000
34261 1036699769257/1000000000000
34263 1066157214443/1000000000000
34265 1020647679393/1000000000000
34267 1015538985409/1000000000000
34269 514832357627/500000000000
34271 1010850106983/1000000000000
34275 536630750393/500000000000
34281 1044696944423/1000000000000
34283 262665507471/250000000000
34289 536978677609/500000000000
34291 107565769269/100000000000
34297 51228751721/50000000000
34299 1015418523543/1000000000000
34301 1078104306867/1000000000000
34303 102076870667/100000000000
34305 205199373789/200000000000
34307 512380929389/500000000000
34309 1021095271861/1000000000000
34311 1076889955117/1000000000000
34313 513899402053/500000000000
34315 50711856937/50000000000
34317 513411726013/500000000000
34319 254460232981/250000000000
34371 202877973317/200000000000
34373 62660049221/62500000000
34375 125650773289/125000000000
34377 1002699254199/1000000000000
34379 550457804249/500000000000
34381 210472327547/200000000000
34383 69012272171/62500000000
34385 200262536453/200000000000
34387 220405155303/200000000000
34389 1067919001611/1000000000000
34391 252224427603/250000000000
34393 1016706689649/1000000000000
34395 1014147176671/1000000000000
34397 211007869423/200000000000
34399 1072574079127/1000000000000
34401 276818900639/250000000000
34403 1053151005979/1000000000000
34405 1017273398553/1000000000000
34407 516043498983/500000000000
34409 103883163657/100000000000
34411 1024340716221/1000000000000
34413 51350182199/50000000000
34415 259637182457/250000000000
34417 1037773463133/1000000000000
34419 514024303041/500000000000
34421 25652987541/25000000000
34423 1020648721941/1000000000000
34425 1000273551539/1000000000000
34427 502464415693/500000000000
34429 1000464985943/1000000000000
34431 1014750107147/1000000000000
34433 1000657783791/1000000000000
34435 503240746503/500000000000
34437 200310599493/200000000000
34439 1016940328897/1000000000000
34441 1015953548977/1000000000000
34443 203870805043/200000000000
34445 502308104407/500000000000
34447 1023139098657/1000000000000
34449 101340181393/100000000000
34451 128484654403/125000000000
34453 10087937967/10000000000
34455 250105130533/250000000000
34457 500613125661/500000000000
34459 200261617409/200000000000
34461 1026000565513/1000000000000
34463 501186150819/500000000000
34465 1009111895643/1000000000000
34467 1001463159659/1000000000000
34469 1073497064061/1000000000000
34471 1073203815389/1000000000000
34473 1063352932697/1000000000000
34475 1062485642909/1000000000000
34477 271936782127/250000000000
34479 1095893713419/1000000000000
34481 3338051223/3125000000
34483 1090171518299/1000000000000
34485 538168463393/500000000000
34487 526757264223/500000000000
34489 1076658383209/1000000000000
34491 519861953939/500000000000
34493 1088066237407/1000000000000
34495 16338027421/15625000000
34497 132927432561/125000000000
34499 258659262969/250000000000
34501 525803541003/500000000000
34503 211859347703/200000000000
34505 260437179421/250000000000
34507 52474944803/50000000000
34509 531907333149/500000000000
34511 1078263682739/1000000000000
34513 42190583821/40000000000
34515 213053318759/200000000000
34517 1058611995603/1000000000000
34519 1017852668237/1000000000000
34521 516964742571/500000000000
34523 1008627289029/1000000000000
34525 1050840578259/1000000000000
34527 205127045211/200000000000
34529 128718326387/125000000000
34531 505826086981/500000000000
34533 110303544741/100000000000
34535 1112034710063/1000000000000
34537 1099406101907/1000000000000
34539 1094714399867/1000000000000
34541 1097558176801/1000000000000
34543 545814340791/500000000000
34545 273341200449/250000000000
34547 138806488291/125000000000
34549 1119297457223/1000000000000
34551 1104708919197/1000000000000
34553 1097160305601/1000000000000
34555 552380066643/500000000000
34557 544951057789/500000000000
34559 110331662271/100000000000
34561 554644773391/500000000000
34563 1089652423277/1000000000000
34565 549330110883/500000000000
34567 1085416525081/1000000000000
34569 1093734808019/1000000000000
34571 214180457181/200000000000
34573 542717972319/500000000000
34575 1102300577851/1000000000000
34577 1089002420557/1000000000000
34579 217776951313/200000000000
34581 1069593653767/1000000000000
34583 109744199583/100000000000
34585 1069626335309/1000000000000
34587 1084701497623/1000000000000
34589 1055141678553/1000000000000
34591 1112398201937/1000000000000
34593 8876072297/8000000000
34595 44500986907/40000000000
34597 1109622011697/1000000000000
34599 554925439627/500000000000
34601 1113546996241/1000000000000
34603 27906572931/25000000000
34605 274670795369/250000000000
34607 109887257137/100000000000
34609 139164513473/125000000000
34611 556185019359/500000000000
34613 1121411163901/1000000000000
34615 1114189612389/1000000000000
34627 31541929121/31250000000
34629 500344236919/500000000000
34631 1032302238803/1000000000000
34633 514119612111/500000000000
34635 1010561369673/1000000000000
34637 1000465517313/1000000000000
34639 1002986313993/1000000000000
34641 125082093403/125000000000
34643 101282437009/100000000000
34645 62667944841/62500000000
34647 1058081326227/1000000000000
34649 508230283719/500000000000
34651 508126112669/500000000000
34653 205313208059/200000000000
34655 102403372071/100000000000
34657 100011271043/100000000000
34659 500007481729/500000000000
34661 1000242904517/1000000000000
34663 40313298587/40000000000
34665 1016903651973/1000000000000
34667 252059152623/250000000000
34669 6366866279/6250000000
34671 31662082479/31250000000
34673 20356330391/20000000000
34675 253978801971/250000000000
34677 128402926643/125000000000
34679 515237611243/500000000000
34681 40989169413/40000000000
34683 102777067277/100000000000
34685 204495822509/200000000000
34687 1000604610737/1000000000000
34689 251702072237/250000000000
34691 1000411141109/1000000000000
34693 513949447771/500000000000
34695 1007937933649/1000000000000
34697 1016766400213/1000000000000
34699 200849680691/200000000000
34701 1017229529667/1000000000000
34703 1016991519151/1000000000000
34705 1029692010791/1000000000000
34707 1036871288023/1000000000000
34709 12723875357/12500000000
34711 1028727189119/1000000000000
34713 50873332201/50000000000
34715 2516550221/2500000000
34717 125765616829/125000000000
34719 1606540821/1600000000
34721 12776379363/12500000000
34723 1001307153369/1000000000000
34725 200567055669/200000000000
34727 1002222739983/1000000000000
34729 1000379440569/1000000000000
34731 501905886577/500000000000
34733 208100823041/200000000000
34735 1036045621203/1000000000000
34737 258755513477/250000000000
34739 1034284884683/1000000000000
34741 1060355148307/1000000000000
34743 531514837927/500000000000
34745 1057036297807/1000000000000
34747 132257629051/125000000000
34749 20818609351/20000000000
34751 521230203613/500000000000
34753 515884622781/500000000000
34755 13083716921/12500000000
34757 106590047181/100000000000
34759 264171843991/250000000000
34761 1063715517923/1000000000000
34763 517181014083/500000000000
34765 516659074423/500000000000
34767 205568857423/200000000000
34769 513836648819/500000000000
34771 1026960900639/1000000000000
34773 1040718762883/1000000000000
34775 52311549533/50000000000
34777 41563188289/40000000000
34779 521715375963/500000000000
34781 1036045892691/1000000000000
34783 1033325483831/1000000000000
34785 1033047123759/1000000000000
34787 253479601217/250000000000
34789 105483373143/100000000000
34791 127732992897/125000000000
34793 208110263689/200000000000
34795 252587098699/250000000000
34797 1072098250223/1000000000000
34799 212918057451/200000000000
34801 66271620391/62500000000
34803 2112107047/2000000000
34805 1097447268993/1000000000000
34807 109631127541/100000000000
34809 1087726853221/1000000000000
34811 540991895807/500000000000
34813 1054451873119/1000000000000
34815 207997427359/200000000000
34817 523202016939/500000000000
34819 518917421593/500000000000
34821 1080390174971/1000000000000
34823 1073638094087/1000000000000
34825 1080365260647/1000000000000
34827 1071535495527/1000000000000
34829 529509043551/500000000000
34831 5236614647/5000000000
34833 26145859499/25000000000
34835 1041679363297/1000000000000
34837 135087947121/125000000000
34839 1078435884187/1000000000000
34841 133767648447/125000000000
34843 53587383323/50000000000
34845 65448179859/62500000000
34847 1037761903089/1000000000000
34849 261158928677/250000000000
34851 521571262481/500000000000
34853 215521276589/200000000000
34855 268201757883/250000000000
34857 1073117358147/1000000000000
34859 1061164532659/1000000000000
34861 275038658673/250000000000
34863 1090146645147/1000000000000
34865 545477849309/500000000000
34867 1086548589617/1000000000000
34869 11170188097/10000000000
34871 27549982331/25000000000
34873 13700339721/12500000000
34875 1058684307681/1000000000000
34877 1037943661459/1000000000000
34879 26440261559/25000000000
34881 259081959839/250000000000
34883 271743685819/250000000000
34885 220902910639/200000000000
34887 1090272488621/1000000000000
34889 17350761571/15625000000
34891 269606655637/250000000000
34893 1079660489949/1000000000000
34895 1072040775679/1000000000000
34897 67039822999/62500000000
34899 1087200384249/1000000000000
34901 272234227691/250000000000
34903 271273129217/250000000000
34905 213207733791/200000000000
34907 523325728427/500000000000
34909 42498090159/40000000000
34911 104501264871/100000000000
34913 21859590549/20000000000
34915 13770230557/12500000000
34917 542922263991/500000000000
34919 43596680993/40000000000
34921 70516415673/62500000000
34923 220184286751/200000000000
34925 1082773271401/1000000000000
34927 1130442937931/1000000000000
34929 565308859057/500000000000
34931 112947973651/100000000000
34933 539929449913/500000000000
34935 1096890495467/1000000000000
34937 1094415248251/1000000000000
34939 557608258339/500000000000
34941 1096219975097/1000000000000
34943 1079799270887/1000000000000
34945 136616313531/125000000000
34947 861385587/800000000
34949 139522479299/125000000000
34951 1117852132281/1000000000000
34953 69826381539/62500000000
34955 8875882157/8000000000
34957 1064185357993/1000000000000
34959 532774403731/500000000000
34961 1060368446619/1000000000000
34963 263455639529/250000000000
34965 1121236945909/1000000000000
34967 35430173897/31250000000
34971 276231595309/250000000000
34973 139025663017/125000000000
34975 1132016939419/1000000000000
34979 1092989132573/1000000000000
34981 1116962196011/1000000000000
34983 561223790039/500000000000
34985 280550350607/250000000000
34987 1117328501209/1000000000000
34989 564917140047/500000000000
34991 1135490188069/1000000000000
34993 218977003399/200000000000
34995 139346639737/125000000000
35013 520822557199/500000000000
35015 1043019549783/1000000000000
35017 519768920847/500000000000
35019 1043540575733/1000000000000
35021 1040502009423/1000000000000
35023 1043216521987/1000000000000
35025 258436731561/250000000000
35027 41456126783/40000000000
35029 1034675119637/1000000000000
35031 258448895393/250000000000
35033 1608247207/1562500000
35035 255586784109/250000000000
35037 527053408069/500000000000
35039 1061313310603/1000000000000
35041 1053519695553/1000000000000
35043 1059460545879/1000000000000
35045 127244121367/125000000000
35047 506630287731/500000000000
35049 205440197311/200000000000
35051 128919174159/125000000000
35053 1062704189503/1000000000000
35055 534587799591/500000000000
35057 1063275262403/1000000000000
35059 509579323301/500000000000
35061 505025970083/500000000000
35063 522330760437/500000000000
35065 523394941613/500000000000
35067 1024308777/976562500
35069 1050161714889/1000000000000
35071 526145475753/500000000000
35073 1050520607311/1000000000000
35075 1053323823219/1000000000000
35077 523801316751/500000000000
35079 524713232551/500000000000
35081 529491041571/500000000000
35083 26466932863/25000000000
35085 1053514033373/1000000000000
35087 524021519567/500000000000
35089 258341586709/250000000000
35091 1037774240519/1000000000000
35093 524155178459/500000000000
35095 130997682699/125000000000
35097 251548042783/250000000000
35099 1004241806139/1000000000000
35101 125505119893/125000000000
35103 1004971122257/1000000000000
35105 1041301025319/1000000000000
35107 209428126857/200000000000
35109 1054124360537/1000000000000
35111 211158147083/200000000000
35113 100192212693/100000000000
35115 252965854403/250000000000
35117 503196701411/500000000000
35119 1008685292529/1000000000000
35121 210468959469/200000000000
35123 1061148262039/1000000000000
35125 209954539223/200000000000
35127 1057821648283/1000000000000
35129 1017286625363/1000000000000
35131 3968334071/3906250000
35133 257038537337/250000000000
35135 1035722553543/1000000000000
35137 264552641689/250000000000
35139 26671728171/25000000000
35141 1058859576177/1000000000000
35143 1064575914547/1000000000000
35145 31790521117/31250000000
35147 508532265979/500000000000
35149 20764062133/20000000000
35151 1044790435787/1000000000000
35153 1013592990389/1000000000000
35155 126109974113/125000000000
35157 1011987393607/1000000000000
35159 101465550491/100000000000
35161 1013484080881/1000000000000
35163 506927340079/500000000000
35165 1005838267689/1000000000000
35167 505420376863/500000000000
35169 1014194638611/1000000000000
35171 254169541517/250000000000
35173 507722346623/500000000000
35175 507451969189/500000000000
35177 503240423169/500000000000
35179 1010267059013/1000000000000
35181 62581350279/62500000000
35183 100552330887/100000000000
35185 254764404061/250000000000
35187 254190113239/250000000000
35189 1023551305791/1000000000000
35191 1026124031887/1000000000000
35193 1003539428737/1000000000000
35195 1007482267301/1000000000000
35197 1002977358353/1000000000000
35199 1004905076919/1000000000000
35201 511972150963/500000000000
35203 63920331099/62500000000
35205 258275327743/250000000000
35207 1035390244237/1000000000000
35209 501921210109/500000000000
35211 502788882021/500000000000
35213 250312004637/250000000000
35215 50268846017/50000000000
35217 201076429021/200000000000
35219 1012156577023/1000000000000
35221 125444942567/125000000000
35223 252284598877/250000000000
35225 519885601773/500000000000
35227 1027041635201/1000000000000
35229 517346833667/500000000000
35231 1019969656729/1000000000000
35233 202243296793/200000000000
35235 100480295779/100000000000
35237 507150693511/500000000000
35239 126533968219/125000000000
35241 255730441199/250000000000
35243 257068435947/250000000000
35245 1018618631323/1000000000000
35247 204388618361/200000000000
35249 1005968952607/1000000000000
35251 100349161251/100000000000
35253 31562042391/31250000000
35255 1003964181561/1000000000000
35257 205419177253/200000000000
35259 253908597641/250000000000
35261 511635816553/500000000000
35263 201951534609/200000000000
35265 506504829579/500000000000
35267 505975049581/500000000000
35269 201496522957/200000000000
35271 1014683272681/1000000000000
35273 5043864409/5000000000
35275 1016075930357/1000000000000
35277 503526921623/500000000000
35279 1012966067849/1000000000000
35281 502523539673/500000000000
35283 502407370573/500000000000
35285 200255046561/200000000000
35287 1006929121119/1000000000000
35289 528727608351/500000000000
35291 1050846744779/1000000000000
35293 1052979932289/1000000000000
35295 262956463429/250000000000
35297 1006591448421/1000000000000
35299 250695484093/250000000000
35301 31509056153/31250000000
35303 500444094649/500000000000
35305 525092520703/500000000000
35307 521184313103/500000000000
35309 524758186389/500000000000
35311 258962004299/250000000000
35313 251517983011/250000000000
35315 1008813057679/1000000000000
35317 1003168995161/1000000000000
35319 1007916761041/1000000000000
35321 1046437995083/1000000000000
35323 1048630097553/1000000000000
35325 520723381409/500000000000
35327 519061427021/500000000000
35329 251553450909/250000000000
35331 100347773679/100000000000
35333 8043401367/8000000000
35335 250513335769/250000000000
35337 208737734893/200000000000
35339 516630947201/500000000000
35341 1034608883463/1000000000000
35343 128882923629/125000000000
35349 503735040953/500000000000
35351 25124130239/25000000000
35357 532015459727/500000000000
35359 33162437273/31250000000
35365 502201814281/500000000000
35367 503876470613/500000000000
35373 211371985757/200000000000
35375 535886131591/500000000000
35377 1005578075787/1000000000000
35379 503689877441/500000000000
35381 1005536946617/1000000000000
35383 201339446133/200000000000
35385 1067531342059/1000000000000
35387 1060148104513/1000000000000
35389 1065166951349/1000000000000
35391 1054818849281/1000000000000
35393 251959438923/250000000000
35395 1004045239359/1000000000000
35397 251623715203/250000000000
35399 1000825830613/1000000000000
35401 1046901236479/1000000000000
35403 1046044514353/1000000000000
35405 1049621997361/1000000000000
35407 261365073347/250000000000
35473 207811462317/200000000000
35475 1040378773533/1000000000000
35477 209099427463/200000000000
35479 210424978051/200000000000
35481 104057607511/100000000000
35483 520897226011/500000000000
35485 103884069227/100000000000
35487 104546844521/100000000000
35489 1053965969757/1000000000000
35491 1062938487043/1000000000000
35493 1046605674299/1000000000000
35495 33118453087/31250000000
35497 26202897207/25000000000
35499 518648249843/500000000000
35501 520592727733/500000000000
35503 1038602839771/1000000000000
35505 208698874827/200000000000
35507 521061377957/500000000000
35509 105294613823/100000000000
35511 521623269189/500000000000
35513 262947865063/250000000000
35515 1047349810579/1000000000000
35517 209791373417/200000000000
35519 1045692098139/1000000000000
35521 26159677739/25000000000
35523 211168649403/200000000000
35525 265227126721/250000000000
35527 42002751867/40000000000
35529 517954679959/500000000000
35531 260136978779/250000000000
35533 1038497458363/1000000000000
35535 521731129271/500000000000
35537 1039226697939/1000000000000
35539 209186326651/200000000000
35541 1039604108933/1000000000000
35543 522698085267/500000000000
35545 1041433324589/1000000000000
35547 524012838323/500000000000
35549 65365117177/62500000000
35551 1053748138687/1000000000000
35553 1054833547643/1000000000000
35555 1053889575281/1000000000000
35557 265076914859/250000000000
35559 1059923977601/1000000000000
35561 1066116000889/1000000000000
35563 1063167033009/1000000000000
35565 532573193547/500000000000
35567 33211864833/31250000000
35569 1060594174527/1000000000000
35571 1065401608863/1000000000000
35573 42700061873/40000000000
35575 1068119858873/1000000000000
35577 1047407696537/1000000000000
35579 527022104183/500000000000
35581 16300928523/15625000000
35583 1046677944699/1000000000000
35585 1046765989641/1000000000000
35587 530372078093/500000000000
35589 52362100143/50000000000
35591 1057890107749/1000000000000
35593 106179823819/100000000000
35595 528088118619/500000000000
35597 527891744311/500000000000
35599 1057387738493/1000000000000
35601 53117764771/50000000000
35603 212289586961/200000000000
35605 106080116957/100000000000
35607 66576447081/62500000000
35609 1040297580803/1000000000000
35611 262862172459/250000000000
35613 1052033337201/1000000000000
35615 528204556827/500000000000
35617 105597889161/100000000000
35619 1056105380153/1000000000000
35621 1041076710699/1000000000000
35623 265633123931/250000000000
35625 1044940377669/1000000000000
35627 6584186381/6250000000
35629 130881364897/125000000000
35631 52906999643/50000000000
35633 32166782977/31250000000
35635 258720369963/250000000000
35637 4145500053/4000000000
35639 260762823837/250000000000
35641 508013802169/500000000000
35643 15934420321/15625000000
35645 1024609482059/1000000000000
35647 514225410901/500000000000
35649 1039591875469/1000000000000
35651 1037259940031/1000000000000
35653 209318579659/200000000000
35655 523889206471/500000000000
35657 127677067879/125000000000
35659 256593652581/250000000000
35661 512612362837/500000000000
35663 1032841082989/1000000000000
35665 208842325943/200000000000
35667 208989795623/200000000000
35669 1027243116169/1000000000000
35671 518150946349/500000000000
35673 1038763860309/1000000000000
35675 1046155181077/1000000000000
35677 16316973407/15625000000
35679 1042742285253/1000000000000
35681 1034050453951/1000000000000
35683 25947386221/25000000000
35685 522132700379/500000000000
35687 1044718067277/1000000000000
35689 1008841756539/1000000000000
35691 1013016844667/1000000000000
35693 20293439793/20000000000
35695 1017851474609/1000000000000
35697 200675836403/200000000000
35699 201031457921/200000000000
35701 501775204117/500000000000
35703 1007226164153/1000000000000
35705 506984820041/500000000000
35707 507860249219/500000000000
35709 1021260583933/1000000000000
35711 254734975843/250000000000
35713 1006620228707/1000000000000
35715 505017986603/500000000000
35717 1010126307541/1000000000000
35719 253776181201/250000000000
35721 50925439279/50000000000
35723 255363728693/250000000000
35725 1023331322587/1000000000000
35727 205752472367/200000000000
35729 1008236513359/1000000000000
35731 1010349889737/1000000000000
35733 506757230629/500000000000
35735 1012981518403/1000000000000
35737 1001561597/976562500
35739 513657292591/500000000000
35741 515322180011/500000000000
35743 206359300761/200000000000
35745 101424289909/100000000000
35747 101676504461/100000000000
35749 203573530123/200000000000
35751 20423438157/20000000000
35757 1011747709799/1000000000000
35759 1003592395421/1000000000000
35765 1000935945423/1000000000000
35767 500938592303/500000000000
35773 201118104203/200000000000
35775 251864768753/250000000000
35781 1005175492567/1000000000000
35783 1002516300521/1000000000000
35785 505634761203/500000000000
35787 252516194161/250000000000
35789 505069926491/500000000000
35791 201711496093/200000000000
35793 125600748083/125000000000
35795 502327701451/500000000000
35797 7833004761/7812500000
35799 1003521911331/1000000000000
35801 504166589899/500000000000
35803 505251240951/500000000000
35805 505797539401/500000000000
35807 202098957297/200000000000
35809 3931509711/3906250000
35811 251697136713/250000000000
35813 1006328606563/1000000000000
35815 504534612959/500000000000
35881 263849878673/250000000000
35883 42536339013/40000000000
35885 210983376999/200000000000
35887 1064663211209/1000000000000
35889 524473312127/500000000000
35891 1053276718343/1000000000000
35893 264252058019/250000000000
35895 1067990490703/1000000000000
35897 1061476476373/1000000000000
35899 533734495547/500000000000
35901 1065692765511/1000000000000
35903 533915546477/500000000000
35905 1042471444243/1000000000000
35907 1055950737047/1000000000000
35909 1050611653283/1000000000000
35911 1063831567301/1000000000000
35913 1031045227251/1000000000000
35915 1035714490583/1000000000000
35917 258394878659/250000000000
35919 260031377547/250000000000
35921 1059265338317/1000000000000
35923 1070853045739/1000000000000
35925 537165878693/500000000000
35927 212455791701/200000000000
35929 130531854583/125000000000
35931 209381376171/200000000000
35933 1045795102023/1000000000000
35935 523707442489/500000000000
35937 520255088173/500000000000
35939 1049663295011/1000000000000
35941 1045830441867/1000000000000
35943 105945402511/100000000000
35945 1030622387581/1000000000000
35947 64780061123/62500000000
35949 1034327100619/1000000000000
35951 1044738194487/1000000000000
35953 132812134389/125000000000
35955 1061583261727/1000000000000
35957 1038879971717/1000000000000
35959 16357303611/15625000000
35961 25777731173/25000000000
35963 26000990133/25000000000
35965 516943127193/500000000000
35967 520825765891/500000000000
35969 209109303391/200000000000
35971 130875228249/125000000000
35973 1044936689803/1000000000000
35975 1049370840393/1000000000000
35977 208213696983/200000000000
35979 1039602321777/1000000000000
35981 521409230481/500000000000
35983 522264154251/500000000000
35985 65343219271/62500000000
35987 262806173661/250000000000
35989 32662972337/31250000000
35991 1047557142289/1000000000000
35993 1034771158957/1000000000000
35995 1043185596001/1000000000000
35997 1033861516569/1000000000000
35999 1044519945909/1000000000000
36001 260385544991/250000000000
36003 1042130477449/1000000000000
36005 207217085477/200000000000
36007 521630353981/500000000000
36009 1046028647481/1000000000000
36011 526654963079/500000000000
36013 261521203749/250000000000
36015 105272040789/100000000000
36017 209616763931/200000000000
36019 524289770929/500000000000
36021 262155488869/250000000000
36023 1048731095049/1000000000000
36025 1035175170641/1000000000000
36027 514757193331/500000000000
36029 517988178439/500000000000
36031 1028256712417/1000000000000
36033 1041503142001/1000000000000
36035 208317702023/200000000000
36037 1030874988133/1000000000000
36039 1042909956037/1000000000000
36041 1027579757059/1000000000000
36043 207829302201/200000000000
36045 528059820091/500000000000
36047 1047395270379/1000000000000
36049 1038704546727/1000000000000
36051 516617956719/500000000000
36053 206928498077/200000000000
36055 517793934111/500000000000
36057 42006440421/40000000000
36059 1043064171953/1000000000000
36061 1042044449649/1000000000000
36063 515489121227/500000000000
36065 1035582428219/1000000000000
36067 516973521159/500000000000
36069 1033263968559/1000000000000
36071 209574290121/200000000000
36073 208915626867/200000000000
36075 1043378572507/1000000000000
36077 20875945571/20000000000
36079 511114484347/500000000000
36081 1031605551351/1000000000000
36083 1020740729651/1000000000000
36085 32099957879/31250000000
36087 1040081489207/1000000000000
36089 1041012386729/1000000000000
36091 13130949837/12500000000
36093 1049885051241/1000000000000
36095 1041554739641/1000000000000
36097 523787083383/500000000000
36099 1040351171153/1000000000000
36101 522140396441/500000000000
36103 1022810793061/1000000000000
36105 511121946263/500000000000
36107 204111268431/200000000000
36109 1020380747971/1000000000000
36111 524238749301/500000000000
36113 522748406817/500000000000
36115 259881812589/250000000000
36117 510711264541/500000000000
36119 257810793729/250000000000
36121 205497589039/200000000000
36123 255691798903/250000000000
36125 513536300197/500000000000
36127 515042426533/500000000000
36129 254849754381/250000000000
36131 511728568937/500000000000
36133 1024115388513/1000000000000
36135 1027562079179/1000000000000
36137 514475863901/500000000000
36139 41412830231/40000000000
36141 1037110423847/1000000000000
36143 1042101567111/1000000000000
36145 255173388231/250000000000
36147 1021917001603/1000000000000
36149 1023313786931/1000000000000
36151 1025698433279/1000000000000
36153 41242692019/40000000000
36155 516976300873/500000000000
36157 1031007216781/1000000000000
36159 520261210749/500000000000
36161 1031089629003/1000000000000
36163 515399467213/500000000000
36165 20710725691/20000000000
36167 6466142319/6250000000
36169 522147094869/500000000000
36171 1050672288599/1000000000000
36173 1044807275337/1000000000000
36175 1046098947793/1000000000000
36177 1026577367331/1000000000000
36179 1028869754369/1000000000000
36181 1033141510029/1000000000000
36183 1035985211079/1000000000000
36189 1019909793581/1000000000000
36191 254266175109/250000000000
36197 202627187691/200000000000
36199 63358623803/62500000000
36205 1023502441941/1000000000000
36207 1021456160313/1000000000000
36213 504322996223/500000000000
36215 252795966959/250000000000
36217 1017437606497/1000000000000
36219 1018673672501/1000000000000
36221 6357412411/6250000000
36223 1018060428793/1000000000000
36225 203307957683/200000000000
36227 1011986655919/1000000000000
36229 1016824574713/1000000000000
36231 7937896657/7812500000
36233 64139087257/62500000000
36235 1021961402149/1000000000000
36237 1027132947667/1000000000000
36239 255703832593/250000000000
36241 506051925419/500000000000
36243 506378828697/500000000000
36245 126351657949/125000000000
36247 1011206630577/1000000000000
36313 269414873751/250000000000
36315 1091074067787/1000000000000
36317 541809807173/500000000000
36319 273283550611/250000000000
36321 1061436985583/1000000000000
36323 1072348447443/1000000000000
36325 531875531853/500000000000
36327 6708321127/6250000000
36329 218052043963/200000000000
36331 551060793893/500000000000
36333 1073519906863/1000000000000
36335 53628844657/50000000000
36337 210140335909/200000000000
36339 1056008971727/1000000000000
36341 1056170172519/1000000000000
36343 1068313688321/1000000000000
36345 66047092707/62500000000
36347 213403853707/200000000000
36349 210935161983/200000000000
36351 267281089393/250000000000
36353 66904965001/62500000000
36355 535314822171/500000000000
36357 213462305531/200000000000
36359 267661577347/250000000000
36361 1074590983063/1000000000000
36363 1059986234767/1000000000000
36365 134837381817/125000000000
36367 1075926788911/1000000000000
36369 1088850073287/1000000000000
36371 1054265732403/1000000000000
36373 266478659709/250000000000
36375 65910832953/62500000000
36377 1068907638147/1000000000000
36379 33801256791/31250000000
36381 1071901297119/1000000000000
36383 1039180735671/1000000000000
36385 208366505309/200000000000
36387 129702693677/125000000000
36389 1044083855979/1000000000000
36391 1041231700309/1000000000000
36393 524974181101/500000000000
36395 104062425911/100000000000
36397 1058734077789/1000000000000
36399 1052916510703/1000000000000
36401 1050062311293/1000000000000
36403 1055647396337/1000000000000
36405 106216410277/100000000000
36407 1056851697359/1000000000000
36409 262543341881/250000000000
36411 1063397649129/1000000000000
36413 263919319397/250000000000
36415 1044473729627/1000000000000
36417 1054900243991/1000000000000
36419 529510307893/500000000000
36421 1069295567577/1000000000000
36423 524220345877/500000000000
36425 66423248191/62500000000
36427 1052359404779/1000000000000
36429 1057223080529/1000000000000
36431 1062463864059/1000000000000
36433 1064564750713/1000000000000
36435 215613805179/200000000000
36437 539243205981/500000000000
36439 1067137307537/1000000000000
36441 266547128489/250000000000
36443 1064809774857/1000000000000
36445 533323303329/500000000000
36447 1026438263661/1000000000000
36449 511449248901/500000000000
36451 1028769384261/1000000000000
36453 256890573779/250000000000
36455 126441009259/125000000000
36457 255356417641/250000000000
36459 252912969997/250000000000
36461 510502739777/500000000000
36463 513162632381/500000000000
36465 257016672123/250000000000
36467 1027452728171/1000000000000
36469 128392520621/125000000000
36471 512045406941/500000000000
36473 1026301096043/1000000000000
36475 1027197431709/1000000000000
36477 256761179677/250000000000
36479 258428592481/250000000000
36481 516915220547/500000000000
36483 1035536293653/1000000000000
36485 1038577362851/1000000000000
36487 50906708313/50000000000
36489 1029078067289/1000000000000
36491 51624102833/50000000000
36493 129966088863/125000000000
36495 1032003305017/1000000000000
36497 206227059891/200000000000
36499 130287507649/125000000000
36501 520089815703/500000000000
36503 1040613016397/1000000000000
36505 208493599343/200000000000
36507 10450411281/10000000000
36509 261425045281/250000000000
36511 1013053107329/1000000000000
36513 1014929477273/1000000000000
36515 101578777773/100000000000
36517 1016930812581/1000000000000
36519 1012936465057/1000000000000
36521 1008095535897/1000000000000
36523 1007839484059/1000000000000
36525 251730898433/250000000000
36527 506568539463/500000000000
36529 102232949853/100000000000
36531 1014599037359/1000000000000
36533 510471618377/500000000000
36535 508133993437/500000000000
36537 1030313375433/1000000000000
36539 1016022878737/1000000000000
36541 514408814747/500000000000
36543 1014224722501/1000000000000
36545 127884893877/125000000000
36547 1024462023557/1000000000000
36549 1019606699287/1000000000000
36551 63252639883/62500000000
36553 1011137831031/1000000000000
36555 252931041729/250000000000
36557 50671368553/50000000000
36559 255823100609/250000000000
36561 1021553675501/1000000000000
36563 510851886563/500000000000
36565 101943639121/100000000000
36567 202832775769/200000000000
36569 511255368001/500000000000
36571 1013108599501/1000000000000
36573 1023100137683/1000000000000
36575 203676090347/200000000000
36577 51054448481/50000000000
36579 1009969518327/1000000000000
36581 202958089777/200000000000
36583 515518449669/500000000000
36585 258915137591/250000000000
36587 102661138703/100000000000
36589 258326676943/250000000000
36591 1036454484417/1000000000000
36593 211144168343/200000000000
36595 514483222923/500000000000
36597 1044678027543/1000000000000
36599 1032838599179/1000000000000
36601 260833592743/250000000000
36603 521279664009/500000000000
36605 524948514157/500000000000
36607 507183898073/500000000000
36609 1014272492431/1000000000000
36611 7895981959/7812500000
36613 126633507113/125000000000
36615 515511292441/500000000000
36617 1035068069131/1000000000000
36619 1278927563/1250000000
36621 127985321059/125000000000
36623 127701995131/125000000000
36625 1035027017959/1000000000000
36627 1014604420573/1000000000000
36629 1030469704991/1000000000000
36631 520203397641/500000000000
36633 1019740500809/1000000000000
36635 258866205359/250000000000
36641 259420889167/250000000000
36643 523996102503/500000000000
36649 516671489911/500000000000
36651 514215244669/500000000000
36655 41919081947/40000000000
36661 512070590871/500000000000
36663 1025476810187/1000000000000
36665 206133004559/200000000000
36667 1039539915701/1000000000000
36669 514146663793/500000000000
36671 129741418853/125000000000
36673 103210137977/100000000000
36675 257272701013/250000000000
36677 1033012856539/1000000000000
36679 1029756524101/1000000000000
36681 1051195660461/1000000000000
36683 131056065259/125000000000
36685 1033260674081/1000000000000
36687 26090410181/25000000000
36689 519526599371/500000000000
36691 1041645926921/1000000000000
36757 13680308931/12500000000
36759 69271058457/62500000000
36761 1104839195983/1000000000000
36763 139574865387/125000000000
36765 68108428501/62500000000
36767 553436465789/500000000000
36769 1099224091601/1000000000000
36771 223461085683/200000000000
36773 141247770729/125000000000
36775 1104644939887/1000000000000
36777 70194109007/62500000000
36779 104872842053/100000000000
36781 53485254581/50000000000
36783 1064095405067/1000000000000
36785 134853318407/125000000000
36787 533575641567/500000000000
36789 214429930833/200000000000
36791 536881142091/500000000000
36793 1088870859471/1000000000000
36795 67739620647/62500000000
36797 1073224500761/1000000000000
36799 1094328506939/1000000000000
36801 134019694889/125000000000
36803 1082300609779/1000000000000
36805 1077083555063/1000000000000
36807 217993626981/200000000000
36809 67702920901/62500000000
36811 1099077511193/1000000000000
36813 43922200159/40000000000
36815 278020271129/250000000000
36817 273279056883/250000000000
36819 1105345218351/1000000000000
36821 1026353848599/1000000000000
36823 1037263262131/1000000000000
36825 128970839577/125000000000
36827 1041466379709/1000000000000
36829 259713928089/250000000000
36831 1044786223223/1000000000000
36833 41766795349/40000000000
36835 1054981378647/1000000000000
36837 1040076369903/1000000000000
36839 208837654323/200000000000
36841 20920174919/20000000000
36843 1051829486057/1000000000000
36845 209646239473/200000000000
36847 131001369431/125000000000
36849 211226307019/200000000000
36851 1060806094171/1000000000000
36853 206129420589/200000000000
36855 261785850557/250000000000
36857 518612110191/500000000000
36859 527289345593/500000000000
36861 1043515447561/1000000000000
36863 1061760019203/1000000000000
36865 1061896620781/1000000000000
36867 1059715573231/1000000000000
36869 66702707487/62500000000
36871 267306244299/250000000000
36873 1075324972769/1000000000000
36875 132187544799/125000000000
36877 42463259559/40000000000
36879 16718688017/15625000000
36881 33313639541/31250000000
36883 251898044421/250000000000
36885 1019133071961/1000000000000
36887 1004835478387/1000000000000
36889 102005216103/100000000000
36891 20370012787/20000000000
36893 1018669688921/1000000000000
36895 508153604983/500000000000
36897 1626707789/1600000000
36899 1020914192051/1000000000000
36901 255242842427/250000000000
36903 203756514251/200000000000
36905 1015933486621/1000000000000
36907 1015861055683/1000000000000
36909 1026618570673/1000000000000
36911 1013854271227/1000000000000
36913 257027493151/250000000000
36915 507763731553/500000000000
36917 256836674909/250000000000
36919 510235619119/500000000000
36921 515050462399/500000000000
36923 1021669315103/1000000000000
36925 12825161367/12500000000
36927 1027286821969/1000000000000
36929 8067009057/7812500000
36931 1025841072951/1000000000000
36933 204874052501/200000000000
36935 1033629650213/1000000000000
36937 1036893188733/1000000000000
36939 512198899277/500000000000
36941 51763709171/50000000000
36943 41411331709/40000000000
36945 65228170099/62500000000
36947 502260521599/500000000000
36949 509239860223/500000000000
36951 15719693269/15625000000
36953 202773153329/200000000000
36955 1015983119517/1000000000000
36957 1018317130301/1000000000000
36959 1014682017279/1000000000000
36961 1015657160783/1000000000000
36963 1035614343223/1000000000000
36965 520113909061/500000000000
36967 257214326117/250000000000
36969 517648244051/500000000000
36971 506865808033/500000000000
36973 25389260249/25000000000
36975 203100990097/200000000000
36977 505659901041/500000000000
36979 1007236130443/1000000000000
36981 126575652537/125000000000
36983 504022440779/500000000000
36985 1015397676039/1000000000000
36987 506604831377/500000000000
36989 1013644655563/1000000000000
36991 202460472211/200000000000
36993 324687119/320000000
36995 20318046859/20000000000
36997 128722984917/125000000000
36999 1018716981893/1000000000000
37001 511614587129/500000000000
37003 506914024471/500000000000
37005 1011013830569/1000000000000
37007 127052100099/125000000000
37009 255029288179/250000000000
37011 1032683853053/1000000000000
37013 514485193007/500000000000
37015 10328123329/10000000000
37017 1035759712277/1000000000000
37019 41069590951/40000000000
37021 1037109447343/1000000000000
37023 512436092033/500000000000
37025 32177340173/31250000000
37027 517438935249/500000000000
37029 518488537299/500000000000
37031 1044323049183/1000000000000
37033 209214350383/200000000000
37035 1042073702637/1000000000000
37037 1047678760471/1000000000000
37039 515444045197/500000000000
37041 521149463287/500000000000
37043 509856706521/500000000000
37045 257384275019/250000000000
37047 508577218447/500000000000
37049 510668813907/500000000000
37051 202338270323/200000000000
37053 1022646384597/1000000000000
37055 504426222237/500000000000
37057 101580528939/100000000000
37059 206206175299/200000000000
37061 1041040565023/1000000000000
37063 1027912691711/1000000000000
37065 514858293749/500000000000
37067 102667049199/100000000000
37069 1034572908651/1000000000000
37071 1018028986189/1000000000000
37073 511455719831/500000000000
37079 1022731848699/1000000000000
37081 64044728559/62500000000
37087 517869037439/500000000000
37089 522529795831/500000000000
37095 514635533259/500000000000
37097 256698681953/250000000000
37099 522073311263/500000000000
37101 1029862253257/1000000000000
37103 509351933417/500000000000
37105 1026922927759/1000000000000
37107 512347211493/500000000000
37109 128460751061/125000000000
37111 104092641137/100000000000
37113 1033294924207/1000000000000
37115 1042121607917/1000000000000
37117 1015479407113/1000000000000
37119 127602874149/125000000000
37121 256866460643/250000000000
37123 206043656067/200000000000
37125 130832312339/125000000000
37127 262419938991/250000000000
37129 525486377503/500000000000
37193 205729612009/200000000000
37195 520555261937/500000000000
37197 258096160313/250000000000
37199 1043619079577/1000000000000
37201 524165094183/500000000000
37203 529138287141/500000000000
37205 1053747394369/1000000000000
37207 53264463489/50000000000
37209 260938975197/250000000000
37211 211145695701/200000000000
37213 1056225430543/1000000000000
37215 26917697619/25000000000
37217 1024054813441/1000000000000
37219 101751045283/100000000000
37221 41126003517/40000000000
37223 25405211703/25000000000
37225 526240159109/500000000000
37227 1056023366501/1000000000000
37229 264347751479/250000000000
37231 266231631151/250000000000
37233 102867270289/100000000000
37235 1053633998129/1000000000000
37237 128931547939/125000000000
37239 1054742561991/1000000000000
37241 1072696407597/1000000000000
37243 271898125139/250000000000
37245 1074840855493/1000000000000
37247 507859629497/500000000000
37249 1012493433921/1000000000000
37251 1019564578809/1000000000000
37253 1024504878063/1000000000000
37255 263879424183/250000000000
37257 132869119767/125000000000
37259 1048452950053/1000000000000
37261 1056368267831/1000000000000
37263 1029908876047/1000000000000
37265 64701408361/62500000000
37267 106617575177/100000000000
37269 535203968079/500000000000
37271 65107935563/62500000000
37273 525266630349/500000000000
37275 1048739880781/1000000000000
37277 511271318951/500000000000
37279 1022370746077/1000000000000
37281 511422904891/500000000000
37283 16075664423/15625000000
37285 52875019601/50000000000
37287 108707788717/100000000000
37289 1060988767753/1000000000000
37291 1073809420917/1000000000000
37293 207214558517/200000000000
37295 526639529037/500000000000
37297 521141122293/500000000000
37299 42449874557/40000000000
37301 1051251061671/1000000000000
37303 1037477449237/1000000000000
37305 41812982739/40000000000
37307 208229771837/200000000000
37309 518546680957/500000000000
37311 1040789654599/1000000000000
37313 518467348387/500000000000
37315 1043613072197/1000000000000
37317 1049231597689/1000000000000
37319 212174111433/200000000000
37321 535455254477/500000000000
37323 1068810833301/1000000000000
37325 210805495679/200000000000
37327 1061188531261/1000000000000
37329 132740364063/125000000000
37331 267490319461/250000000000
37333 32914657201/31250000000
37335 528881830029/500000000000
37337 1044287976473/1000000000000
37339 1017553838369/1000000000000
37341 1019627881909/1000000000000
37343 202439977993/200000000000
37345 1015622757571/1000000000000
37347 65621527019/62500000000
37349 262910846459/250000000000
37351 257984392947/250000000000
37353 205824685127/200000000000
37355 1029739319359/1000000000000
37357 1027700807313/1000000000000
37359 523582558097/500000000000
37361 1030269052881/1000000000000
37363 517582465489/500000000000
37365 40447843737/40000000000
37367 1017050327837/1000000000000
37369 1019496571061/1000000000000
37371 512742351047/500000000000
37373 1050196495341/1000000000000
37375 526760684111/500000000000
37377 259407796391/250000000000
37379 1040791930801/1000000000000
37381 1033239806067/1000000000000
37383 207943340027/200000000000
37385 16175069971/15625000000
37387 509703583559/500000000000
37389 1044885369599/1000000000000
37391 129329454419/125000000000
37393 206362184613/200000000000
37395 1037057399067/1000000000000
37397 510673533577/500000000000
37399 64980616057/62500000000
37401 1023610383253/1000000000000
37403 128015916371/125000000000
37405 1034438286231/1000000000000
37407 1038498315147/1000000000000
37409 207993388993/200000000000
37411 3290406267/3125000000
37413 211321157019/200000000000
37415 4134054063/3906250000
37417 1049491325331/1000000000000
37419 517619932829/500000000000
37421 1037489821647/1000000000000
37423 1004347434323/1000000000000
37425 1017867088161/1000000000000
37427 50252163299/50000000000
37429 202896757697/200000000000
37431 1060394920243/1000000000000
37433 1037373674919/1000000000000
37435 1040625716617/1000000000000
37437 1055545879793/1000000000000
37439 40159006147/40000000000
37441 501637793923/500000000000
37443 12613268313/12500000000
37445 1002857386267/1000000000000
37447 1021536899271/1000000000000
37449 204097400721/200000000000
37451 102665807263/100000000000
37453 128512443877/125000000000
37455 203181255893/200000000000
37457 202937543747/200000000000
37459 254127262031/250000000000
37461 203150799253/200000000000
37463 1017369731577/1000000000000
37465 1012404084353/1000000000000
37467 256043236993/250000000000
37469 204629106033/200000000000
37471 20368547899/20000000000
37473 1008182675329/1000000000000
37475 1023999753607/1000000000000
37477 1012103085737/1000000000000
37479 1601689239/1562500000
37481 1032543477231/1000000000000
37483 1023531752959/1000000000000
37485 32493174349/31250000000
37487 126424430949/125000000000
37489 507616526603/500000000000
37491 126918720229/125000000000
37493 511518861323/500000000000
37495 1031754664267/1000000000000
37497 1035229180787/1000000000000
37499 522778587919/500000000000
37501 1046952079373/1000000000000
37507 1002998488267/1000000000000
37509 1003779409477/1000000000000
37515 504085784007/500000000000
37517 203123572097/200000000000
37523 25186055923/25000000000
37525 25396166013/25000000000
37531 1011822930511/1000000000000
37533 503843137259/500000000000
37535 1004294188959/1000000000000
37537 1004216398419/1000000000000
37539 50278657467/50000000000
37541 251648847123/250000000000
37543 126151090479/125000000000
37545 127208400069/125000000000
37547 509750140309/500000000000
37549 1020914466263/1000000000000
37551 1010598265623/1000000000000
37553 1018407952051/1000000000000
37555 506437401387/500000000000
37557 506919851297/500000000000
37559 1012110236693/1000000000000
37561 1005839525957/1000000000000
37563 63247918357/62500000000
37565 503286119951/500000000000
37631 1053603980307/1000000000000
37633 526807167017/500000000000
37635 264713551469/250000000000
37637 212491696199/200000000000
37639 41397328899/40000000000
37641 1037763309507/1000000000000
37643 64917962461/62500000000
37645 1050698457587/1000000000000
37647 529658067501/500000000000
37649 1056273276397/1000000000000
37651 107910177031/100000000000
37653 260938975197/250000000000
37655 1070646684647/1000000000000
37657 1054741933479/1000000000000
37659 103810085083/100000000000
37661 1046657107629/1000000000000
37663 4129201367/4000000000
37665 257618693213/250000000000
37667 1022357680643/1000000000000
37669 205899085047/200000000000
37671 102590192283/100000000000
37673 1031774766843/1000000000000
37675 522963406759/500000000000
37677 522699416567/500000000000
37679 513845548669/500000000000
37681 1065584991051/1000000000000
37683 519316716301/500000000000
37685 262393642959/250000000000
37687 104488605167/100000000000
37689 1038852689757/1000000000000
37691 519934648527/500000000000
37693 208362523613/200000000000
37695 510782989081/500000000000
37697 1018816202291/1000000000000
37699 127704372813/125000000000
37701 64182212939/62500000000
37703 526502625377/500000000000
37705 131114083893/125000000000
37707 518673870233/500000000000
37709 520335932081/500000000000
37711 530764284147/500000000000
37713 526373678507/500000000000
37715 212466239871/200000000000
37717 1057981036753/1000000000000
37719 1052177827587/1000000000000
37721 523834018317/500000000000
37723 1062333634223/1000000000000
37725 522434405461/500000000000
37727 1053287182363/1000000000000
37729 265426576557/250000000000
37731 526101368923/500000000000
37733 529663057919/500000000000
37735 133480327093/125000000000
37737 130225048683/125000000000
37739 1058546466609/1000000000000
37741 1035538117683/1000000000000
37743 1043121127361/1000000000000
37745 51720265099/50000000000
37747 1035457007899/1000000000000
37749 512609916807/500000000000
37751 206778987109/200000000000
37753 6567503427/6250000000
37755 1027378674161/1000000000000
37757 131303463899/125000000000
37759 1044598022549/1000000000000
37761 1062579831037/1000000000000
37763 128600204353/125000000000
37765 1062785896789/1000000000000
37767 1067147814911/1000000000000
37769 523482005617/500000000000
37771 1061225011389/1000000000000
37773 533786726863/500000000000
37775 425980381/400000000
37777 1047765882389/1000000000000
37779 1042355861527/1000000000000
37781 1041955090061/1000000000000
37783 1070605278399/1000000000000
37785 27299300391/25000000000
37787 528856807469/500000000000
37789 103732357229/100000000000
37791 256723063469/250000000000
37793 1036321298267/1000000000000
37795 1060173414729/1000000000000
37797 1069677964491/1000000000000
37799 533461268241/500000000000
37801 516374997003/500000000000
37803 1032704310087/1000000000000
37805 207387412159/200000000000
37807 259628524393/250000000000
37809 1015720809941/1000000000000
37811 506445599227/500000000000
37813 1018560391827/1000000000000
37815 253843556951/250000000000
37817 128698295897/125000000000
37819 1050258327681/1000000000000
37821 1042485594571/1000000000000
37823 1048721795939/1000000000000
37825 1005892997479/1000000000000
37827 1025723569193/1000000000000
37829 506653386317/500000000000
37831 51411519999/50000000000
37833 1039364104221/1000000000000
37835 520862136199/500000000000
37837 1046128389351/1000000000000
37839 1050196917199/1000000000000
37841 1035223503931/1000000000000
37843 206173136133/200000000000
37845 13101033563/12500000000
37847 1058363216917/1000000000000
37849 260440139103/250000000000
37851 1060359051471/1000000000000
37853 1066461505799/1000000000000
37855 1062896854217/1000000000000
37857 1029981308813/1000000000000
37859 1034937561827/1000000000000
37861 16446181597/15625000000
37863 1052781280021/1000000000000
37865 1005378160327/1000000000000
37867 50352828007/50000000000
37869 1008939282233/1000000000000
37871 15768706427/15625000000
37873 1007414766389/1000000000000
37875 201209382753/200000000000
37877 1005272391859/1000000000000
37879 1005261404123/1000000000000
37881 252259936239/250000000000
37883 126364092083/125000000000
37885 503512390591/500000000000
37887 1010583486033/1000000000000
37889 504751380887/500000000000
37891 1013465853309/1000000000000
37893 40434571941/40000000000
37895 508112379453/500000000000
37897 31718490191/31250000000
37899 1011809854677/1000000000000
37901 1013929714897/1000000000000
37903 1017627382653/1000000000000
37905 126596380893/125000000000
37907 1005600230367/1000000000000
37909 254096390037/250000000000
37911 3920711313/3906250000
37913 202087762457/200000000000
37915 101431659199/100000000000
37917 1012528581017/1000000000000
37919 202318158677/200000000000
37921 1010383612813/1000000000000
37923 203448077521/200000000000
37925 250731564141/250000000000
37927 10207543719/10000000000
37933 251586766001/250000000000
37935 1011577374077/1000000000000
37941 31344232391/31250000000
37943 1005448276431/1000000000000
37949 1012284647887/1000000000000
37951 507518453589/500000000000
37957 1001409227083/1000000000000
37959 1013940055333/1000000000000
37961 1005672693973/1000000000000
37963 1008479524827/1000000000000
37965 1001946129621/1000000000000
37967 1009207706791/1000000000000
37969 500783916513/500000000000
37971 201426367549/200000000000
37973 251738013289/250000000000
37975 1006511446797/1000000000000
37977 40381289913/40000000000
37979 202872139681/200000000000
37981 1013596740967/1000000000000
37983 1015740812891/1000000000000
37985 629710179/625000000
37987 505957940617/500000000000
37989 251358012933/250000000000
37991 15834483161/15625000000
38057 206199444551/200000000000
38059 8203215641/8000000000
38061 1027668543577/1000000000000
38063 20525709051/20000000000
38065 64671336483/62500000000
38067 206935425757/200000000000
38069 1040632341829/1000000000000
38071 521012493571/500000000000
38073 25621061469/25000000000
38075 64978712423/62500000000
38077 516610658407/500000000000
38079 209379929753/200000000000
38081 52720558579/50000000000
38083 1010652251607/1000000000000
38085 1007515916681/1000000000000
38087 505896011507/500000000000
38089 1003338764699/1000000000000
38091 1047000948439/1000000000000
38093 8000190981/7812500000
38095 524587741263/500000000000
38097 1034101040389/1000000000000
38099 1000137464829/1000000000000
38101 250177684047/250000000000
38103 502032844703/500000000000
38105 502083571809/500000000000
38107 1018200564491/1000000000000
38109 511456616339/500000000000
38111 10257833229/10000000000
38113 520985201589/500000000000
38115 1032434674297/1000000000000
38117 1018578715179/1000000000000
38119 517103963621/500000000000
38121 101761599521/100000000000
38123 523490811147/500000000000
38125 32314685859/31250000000
38127 52051938923/50000000000
38129 519564322513/500000000000
38131 126324961723/125000000000
38133 508835579727/500000000000
38135 1030326467333/1000000000000
38137 1047181063411/1000000000000
38139 515757236681/500000000000
38141 507934684563/500000000000
38143 1014104343661/1000000000000
38145 1011486277517/1000000000000
38147 102345730493/100000000000
38149 1013155731323/1000000000000
38151 1022008881577/1000000000000
38153 63434763619/62500000000
38155 504215861811/500000000000
38157 1003832397467/1000000000000
38159 125019295437/125000000000
38161 1001215115847/1000000000000
38163 1010914493343/1000000000000
38165 1004166811247/1000000000000
38167 1002432099133/1000000000000
38169 1003540863111/1000000000000
38171 253572322607/250000000000
38173 504191958127/500000000000
38175 252155666801/250000000000
38177 1007484449067/1000000000000
38179 127756897813/125000000000
38181 63139081461/62500000000
38183 521491771147/500000000000
38185 205199129813/200000000000
38187 1000561878001/1000000000000
38189 62517076531/62500000000
38191 1000090057183/1000000000000
38193 49999495689/50000000000
38195 62539869927/62500000000
38197 1002725377069/1000000000000
38199 202227172113/200000000000
38201 507159003373/500000000000
38203 1068866849073/1000000000000
38205 269415709963/250000000000
38207 263332506339/250000000000
38209 529756325679/500000000000
38211 1055558072319/1000000000000
38213 129054035431/125000000000
38215 520878538003/500000000000
38217 206851455681/200000000000
38219 1056100971729/1000000000000
38221 517205355917/500000000000
38223 522866691707/500000000000
38225 12968436251/12500000000
38227 1030470507883/1000000000000
38229 517009159821/500000000000
38231 206694077271/200000000000
38233 127710053011/125000000000
38235 262681837587/250000000000
38237 1040945937063/1000000000000
38239 1040366190603/1000000000000
38241 63893342789/62500000000
38243 207838253369/200000000000
38245 1034377160339/1000000000000
38247 1031090867097/1000000000000
38249 203738814367/200000000000
38251 32351228527/31250000000
38253 515484323261/500000000000
38255 127076147747/125000000000
38257 1011847672817/1000000000000
38259 1027325438321/1000000000000
38261 1010803129769/1000000000000
38263 50966800539/50000000000
38265 201934722287/200000000000
38267 1091935771527/1000000000000
38269 1036622495607/1000000000000
38271 1038765367753/1000000000000
38273 1040498125051/1000000000000
38275 527177982571/500000000000
38277 271923484023/250000000000
38279 54914742539/50000000000
38281 1077455152939/1000000000000
38283 1074332818703/1000000000000
38285 33144129411/31250000000
38287 1058993578893/1000000000000
38289 52689701177/50000000000
38291 275137569097/250000000000
38293 1073871745869/1000000000000
38295 212917721301/200000000000
38297 1047913096001/1000000000000
38299 42225377877/40000000000
38301 205834659861/200000000000
38303 1075116452687/1000000000000
38305 53367222213/50000000000
38307 1071285238507/1000000000000
38309 132498385689/125000000000
38311 206819096103/200000000000
38313 1032951761677/1000000000000
38315 31892378409/31250000000
38317 1025071135877/1000000000000
38319 102325484057/100000000000
38321 1013491123839/1000000000000
38323 64002729981/62500000000
38325 1022342492717/1000000000000
38327 1051363126479/1000000000000
38329 42630090989/40000000000
38331 132787533773/125000000000
38333 1039770579937/1000000000000
38335 204750844291/200000000000
38337 1023762855759/1000000000000
38339 128325428393/125000000000
38341 1030820451383/1000000000000
38343 1081100360679/1000000000000
38345 1031556597941/1000000000000
38347 255717743/244140625
38349 213453679927/200000000000
38355 127253218947/125000000000
38357 507597337061/500000000000
38361 222328754123/200000000000
38363 1084076383741/1000000000000
38369 1022191128597/1000000000000
38371 205271398813/200000000000
38373 63638827437/62500000000
38375 1023487546141/1000000000000
38377 255262834361/250000000000
38379 273084843127/250000000000
38381 54447395269/50000000000
38383 63682636279/62500000000
38385 255598985511/250000000000
38387 254632773071/250000000000
38389 1026927994623/1000000000000
38431 505913972187/500000000000
38433 501746828091/500000000000
38435 501867230899/500000000000
38437 1001256879823/1000000000000
38439 100375139311/100000000000
38441 125074789127/125000000000
38443 508919597933/500000000000
38445 201520861461/200000000000
38447 40176319197/40000000000
38449 1039679595899/1000000000000
38451 513651820737/500000000000
38453 12949888913/12500000000
38455 500586047603/500000000000
38457 250501812051/250000000000
38459 500186760739/500000000000
38461 251064576649/250000000000
38463 254286799499/250000000000
38465 1014144040081/1000000000000
38467 1016438584009/1000000000000
38469 511521506617/500000000000
38471 205100977643/200000000000
38473 205224900233/200000000000
38475 26347611667/25000000000
38477 8326207393/8000000000
38479 521591474759/500000000000
38481 514341732949/500000000000
38483 513249431969/500000000000
38485 509721862491/500000000000
38487 503139748137/500000000000
38489 201228337287/200000000000
38491 1027574287481/1000000000000
38493 127777313407/125000000000
38495 255664077507/250000000000
38497 203824778683/200000000000
38499 1011650966073/1000000000000
38501 20082622301/20000000000
38503 250162325623/250000000000
38505 1000327842737/1000000000000
38507 1031092553167/1000000000000
38509 1020203511599/1000000000000
38511 254228508411/250000000000
38513 10080321691/10000000000
38515 1001714647191/1000000000000
38517 1001442487911/1000000000000
38519 100102752887/100000000000
38521 500141184533/500000000000
38523 63567227419/62500000000
38525 1017536809029/1000000000000
38527 15718982653/15625000000
38529 1019607021139/1000000000000
38531 500402791177/500000000000
38533 1000840681909/1000000000000
38535 1000272167069/1000000000000
38537 510929829713/500000000000
38539 107217871099/100000000000
38541 1072318519809/1000000000000
38543 1067221160921/1000000000000
38545 532829264069/500000000000
38547 1044756344653/1000000000000
38549 1045156928133/1000000000000
38551 260685922217/250000000000
38553 16195493801/15625000000
38555 523003335079/500000000000
38557 516492064009/500000000000
38559 523670880949/500000000000
38561 31996786661/31250000000
38563 1034443790517/1000000000000
38565 512590709723/500000000000
38567 1020648146087/1000000000000
38569 1013574182273/1000000000000
38571 1058636671603/1000000000000
38573 13180109351/12500000000
38575 130946140149/125000000000
38577 520447585263/500000000000
38579 64586600201/62500000000
38581 206387430277/200000000000
38583 204803148103/200000000000
38585 50924428769/50000000000
38587 1044975858407/1000000000000
38589 101857886113/100000000000
38591 1033661411973/1000000000000
38593 202679056853/200000000000
38595 507225271523/500000000000
38597 251258342561/250000000000
38599 1009599992787/1000000000000
38601 500015955901/500000000000
38603 1087959952381/1000000000000
38605 1075330040369/1000000000000
38607 135066148507/125000000000
38609 531500538651/500000000000
38611 1056037782943/1000000000000
38613 534097442883/500000000000
38615 1068827940853/1000000000000
38617 1075330040369/1000000000000
38619 1082634350721/1000000000000
38621 267486039181/250000000000
38623 535768634771/500000000000
38625 4238836519/3906250000
38627 1077504532177/1000000000000
38629 536607355137/500000000000
38631 1058503574709/1000000000000
38633 8451760229/7812500000
38635 1078469143611/1000000000000
38637 1079200299561/1000000000000
38639 215085500371/200000000000
38641 106022140731/100000000000
38643 1056193688059/1000000000000
38645 1048483153137/1000000000000
38647 210670595537/200000000000
38649 532046093611/500000000000
38651 52729906513/50000000000
38653 1051222443813/1000000000000
38655 519727584879/500000000000
38657 525859192101/500000000000
38659 525136484407/500000000000
38661 521720888409/500000000000
38663 25837132457/25000000000
38665 1091764362169/1000000000000
38667 220224213331/200000000000
38669 109174143987/100000000000
38671 1071572623643/1000000000000
38673 272600423927/250000000000
38675 1122628730747/1000000000000
38677 1118187707839/1000000000000
38679 68493385117/62500000000
38681 1075982172283/1000000000000
38683 1080149690799/1000000000000
38685 541775902493/500000000000
38687 266268994153/250000000000
38689 107377774929/100000000000
38691 1063986056093/1000000000000
38693 532669170701/500000000000
38695 1081117698331/1000000000000
38697 135163018359/125000000000
38699 544675910253/500000000000
38701 1068089727511/1000000000000
38703 1080919894183/1000000000000
38705 531240043951/500000000000
38707 22734452283/20000000000
38709 137977873299/125000000000
38711 273496697877/250000000000
38713 275771199113/250000000000
38715 554800626947/500000000000
38717 556225006169/500000000000
38719 583293905997/500000000000
38721 1162393661243/1000000000000
